SessionStart,Gender,Age,CreditScore,MonthlyIncome,Country,State,City,Category,Product,Cost,Price,Quantity,CampaignSchema ,CartAdditionTime,OrderConfirmation,OrderConfirmationTime,PaymentMethod,SessionEnd,OrderReturn,ReturnReason,SessionHour,SessionDay,SessionMonth,Weekday,TotalAmount,Profit
2019-01-01 02:42:00,Male,57,780,7591,China,Guangdong,Dongguan,electronics,table fan,30,50,4,Instagram-ads,2019-01-01 02:49:00,True,2019-01-01 03:02:00,Cash On Delivery,2019-01-01 02:53:00,False,,2,1,1,Tuesday,200,20
2019-01-02 20:35:00,Female,69,746,3912,China,Shandong,Yantai,fashion,dress,50,80,6,Google-ads,2019-01-02 20:50:00,True,2019-01-02 20:58:00,Debit Card,2019-01-02 20:54:00,False,,20,2,1,Wednesday,480,30
2019-01-04 03:11:00,Female,21,772,7460,UK,England,Birmingham,toys,plush toy,12,20,2,Facebook-ads,2019-01-04 03:30:00,True,2019-01-04 03:40:00,Cash On Delivery,2019-01-04 03:35:00,False,,3,4,1,Friday,40,8
2019-01-05 09:01:00,Female,67,631,4765,UK,England,Birmingham,toys,plush toy,12,20,2,Twitter-ads,2019-01-05 09:17:00,True,2019-01-05 09:26:00,Cash On Delivery,2019-01-05 09:20:00,False,,9,5,1,Saturday,40,8
2019-01-05 13:35:00,Male,57,630,3268,China,Shandong,Yantai,fashion,shoes,60,100,6,Billboard-QR code,2019-01-05 13:40:00,True,2019-01-05 13:52:00,Debit Card,2019-01-05 13:42:00,False,,13,5,1,Saturday,600,40
2019-01-06 21:39:00,Female,36,660,5350,India,Maharashtra,Nagpur,fashion,jeans,40,70,1,Instagram-ads,2019-01-06 21:56:00,True,2019-01-06 22:06:00,Credit Card,2019-01-06 21:59:00,False,,21,6,1,Sunday,70,30
2019-01-08 22:53:00,Female,47,606,3972,UK,Scotland,Edinburgh,home appliances,microwave oven,300,500,1,Google-ads,2019-01-08 23:07:00,True,2019-01-08 23:20:00,Credit Card,2019-01-08 23:12:00,True,Arrived Damaged,22,8,1,Tuesday,500,200
2019-01-09 01:48:00,Female,45,627,7455,India,Maharashtra,Mumbai,books,autobiography,20,35,3,Facebook-ads,2019-01-09 01:53:00,True,2019-01-09 02:08:00,Debit Card,2019-01-09 01:58:00,False,,1,9,1,Wednesday,105,15
2019-01-09 16:29:00,Male,59,609,3003,Spain,Catalonia,Barcelona,fashion,dress,50,80,1,Billboard-QR code,2019-01-09 16:47:00,True,2019-01-09 16:58:00,Cash On Delivery,2019-01-09 16:52:00,True,Poor Value,16,9,1,Wednesday,80,30
2019-01-10 13:12:00,Male,25,755,4722,UK,England,Birmingham,home appliances,electric stove,250,400,4,Google-ads,2019-01-10 13:35:00,False,,,2019-01-10 13:44:00,,,13,10,1,Thursday,1600,150
2019-01-13 15:41:00,Male,60,634,6753,USA,California,San Jose,fashion,dress,50,80,1,Billboard-QR code,2019-01-13 16:08:00,True,2019-01-13 16:16:00,Cash On Delivery,2019-01-13 16:12:00,True,Wrong Item,15,13,1,Sunday,80,30
2019-01-15 02:29:00,Male,57,700,4148,China,Shandong,Yantai,books,novel,10,18,3,Instagram-ads,2019-01-15 02:35:00,True,2019-01-15 02:46:00,Debit Card,2019-01-15 02:40:00,False,,2,15,1,Tuesday,54,8
2019-01-16 06:42:00,Female,46,659,4287,Japan,Kanagawa,Sagamihara,electronics,table fan,30,50,1,Billboard-QR code,2019-01-16 06:56:00,True,2019-01-16 07:09:00,Credit Card,2019-01-16 07:01:00,False,,6,16,1,Wednesday,50,20
2019-01-16 18:37:00,Male,18,629,4800,Australia,New South Wales,Wollongong,home appliances,mixer grinder,60,90,2,Twitter-ads,2019-01-16 19:03:00,True,2019-01-16 19:15:00,Cash On Delivery,2019-01-16 19:07:00,False,,18,16,1,Wednesday,180,30
2019-01-18 13:25:00,Female,22,735,4469,China,Shandong,Yantai,fashion,jeans,40,70,1,Billboard-QR code,2019-01-18 13:48:00,True,2019-01-18 14:00:00,Cash On Delivery,2019-01-18 13:51:00,True,Arrived Late,13,18,1,Friday,70,30
2019-01-19 04:33:00,Female,58,632,7347,China,Shandong,Qingdao,home appliances,mixer grinder,60,90,6,E-mails,2019-01-19 04:57:00,False,,,2019-01-19 05:06:00,,,4,19,1,Saturday,540,30
2019-01-20 02:15:00,Female,55,722,6449,China,Guangdong,Dongguan,home appliances,electric stove,250,400,4,Facebook-ads,2019-01-20 02:45:00,True,2019-01-20 02:51:00,Cash On Delivery,2019-01-20 02:48:00,False,,2,20,1,Sunday,1600,150
2019-01-21 16:19:00,Female,69,767,6956,India,Maharashtra,Pune,books,novel,10,18,4,E-mails,2019-01-21 16:36:00,True,2019-01-21 16:51:00,Credit Card,2019-01-21 16:39:00,False,,16,21,1,Monday,72,8
2019-01-22 21:04:00,Male,22,759,3895,Italy,Lombardy,Brescia,fashion,dress,50,80,6,E-mails,2019-01-22 21:11:00,True,2019-01-22 21:26:00,Debit Card,2019-01-22 21:13:00,False,,21,22,1,Tuesday,480,30
2019-01-23 17:08:00,Male,36,709,4801,USA,Texas,San Antonio,books,textbook,30,50,2,Facebook-ads,2019-01-23 17:15:00,True,2019-01-23 17:26:00,Debit Card,2019-01-23 17:19:00,False,,17,23,1,Wednesday,100,20
2019-01-23 18:37:00,Male,48,741,7507,Italy,Lazio,Frosinone,fashion,t-shirt,15,25,5,Instagram-ads,2019-01-23 18:45:00,True,2019-01-23 18:56:00,Credit Card,2019-01-23 18:47:00,False,,18,23,1,Wednesday,125,10
2019-01-24 00:09:00,Male,26,692,6094,UK,Scotland,Edinburgh,books,autobiography,20,35,6,Facebook-ads,2019-01-24 00:34:00,False,,,2019-01-24 00:18:00,,,0,24,1,Thursday,210,15
2019-01-27 15:00:00,Male,64,625,7056,USA,Texas,Dallas,fashion,t-shirt,15,25,2,Instagram-ads,2019-01-27 15:25:00,True,2019-01-27 15:34:00,Debit Card,2019-01-27 15:28:00,False,,15,27,1,Sunday,50,10
2019-01-29 01:19:00,Male,22,681,5478,China,Guangdong,Shenzhen,fashion,shoes,60,100,5,E-mails,2019-01-29 01:49:00,True,2019-01-29 01:56:00,Debit Card,2019-01-29 01:54:00,False,,1,29,1,Tuesday,500,40
2019-01-30 13:56:00,Female,69,640,3757,Japan,Kanagawa,Kawasaki,toys,action figure,8,15,5,Facebook-ads,2019-01-30 14:20:00,True,2019-01-30 14:25:00,Debit Card,2019-01-30 14:22:00,False,,13,30,1,Wednesday,75,7
2019-02-02 01:10:00,Male,32,693,4361,China,Guangdong,Shenzhen,books,textbook,30,50,6,Google-ads,2019-02-02 01:27:00,False,,,2019-02-02 01:16:00,,,1,2,2,Saturday,300,20
2019-02-03 04:33:00,Male,71,714,5622,China,Guangdong,Shenzhen,home appliances,microwave oven,300,500,3,Instagram-ads,2019-02-03 04:39:00,True,2019-02-03 04:47:00,Debit Card,2019-02-03 04:44:00,False,,4,3,2,Sunday,1500,200
2019-02-04 12:06:00,Female,31,686,7190,UK,England,Birmingham,electronics,laptop,800,1200,4,Google-ads,2019-02-04 12:16:00,True,2019-02-04 12:26:00,Cash On Delivery,2019-02-04 12:20:00,False,,12,4,2,Monday,4800,400
2019-02-05 05:58:00,Female,22,778,4562,USA,California,San Diego,home appliances,toaster,40,60,3,Twitter-ads,2019-02-05 06:17:00,True,2019-02-05 06:27:00,Cash On Delivery,2019-02-05 06:19:00,False,,5,5,2,Tuesday,180,20
2019-02-06 00:51:00,Female,39,695,7413,UK,Scotland,Edinburgh,toys,action figure,8,15,3,E-mails,2019-02-06 01:01:00,True,2019-02-06 01:07:00,Debit Card,2019-02-06 01:06:00,False,,0,6,2,Wednesday,45,7
2019-02-06 13:56:00,Male,20,759,5850,China,Shandong,Yantai,toys,puzzle,15,25,6,Billboard-QR code,2019-02-06 14:21:00,True,2019-02-06 14:27:00,Debit Card,2019-02-06 14:24:00,False,,13,6,2,Wednesday,150,10
2019-02-06 18:24:00,Female,66,737,7470,Canada,Ontario,Mississauga,electronics,laptop,800,1200,5,Google-ads,2019-02-06 18:34:00,True,2019-02-06 18:45:00,Debit Card,2019-02-06 18:37:00,False,,18,6,2,Wednesday,6000,400
2019-02-07 10:52:00,Male,48,656,7164,Canada,Ontario,Toronto,books,autobiography,20,35,4,Billboard-QR code,2019-02-07 11:13:00,True,2019-02-07 11:25:00,Credit Card,2019-02-07 11:16:00,False,,10,7,2,Thursday,140,15
2019-02-07 15:09:00,Male,64,718,3086,Spain,Andalusia,Granada,home appliances,mixer grinder,60,90,3,Twitter-ads,2019-02-07 15:28:00,True,2019-02-07 15:35:00,Debit Card,2019-02-07 15:32:00,False,,15,7,2,Thursday,270,30
2019-02-08 01:40:00,Female,40,727,6789,Spain,Catalonia,Barcelona,home appliances,electric stove,250,400,6,Google-ads,2019-02-08 01:53:00,True,2019-02-08 02:08:00,Paypal,2019-02-08 01:56:00,False,,1,8,2,Friday,2400,150
2019-02-10 03:51:00,Female,30,628,4062,India,Maharashtra,Pune,fashion,shoes,60,100,1,Instagram-ads,2019-02-10 04:04:00,False,,,2019-02-10 04:06:00,,,3,10,2,Sunday,100,40
2019-02-10 17:01:00,Male,69,728,7626,Japan,Tokyo,Yokohama,toys,board game,20,35,4,Instagram-ads,2019-02-10 17:26:00,True,2019-02-10 17:35:00,Debit Card,2019-02-10 17:29:00,False,,17,10,2,Sunday,140,15
2019-02-10 20:52:00,Female,60,742,4969,Canada,Quebec,Laval,books,autobiography,20,35,4,Twitter-ads,2019-02-10 21:01:00,True,2019-02-10 21:06:00,Debit Card,2019-02-10 21:03:00,True,Poor Value,20,10,2,Sunday,140,15
2019-02-11 04:44:00,Male,70,645,5642,Spain,Andalusia,Seville,toys,action figure,8,15,2,Billboard-QR code,2019-02-11 05:09:00,True,2019-02-11 05:16:00,Debit Card,2019-02-11 05:14:00,False,,4,11,2,Monday,30,7
2019-02-13 11:45:00,Male,35,619,6399,UK,Scotland,Edinburgh,fashion,t-shirt,15,25,4,Twitter-ads,2019-02-13 12:04:00,True,2019-02-13 12:16:00,Credit Card,2019-02-13 12:09:00,False,,11,13,2,Wednesday,100,10
2019-02-16 14:20:00,Female,52,638,7623,India,Maharashtra,Mumbai,books,magazine,5,8,4,Google-ads,2019-02-16 14:41:00,True,2019-02-16 14:49:00,Cash On Delivery,2019-02-16 14:45:00,False,,14,16,2,Saturday,32,3
2019-02-16 14:23:00,Female,46,673,4085,Spain,Catalonia,Tarragona,home appliances,mixer grinder,60,90,4,Instagram-ads,2019-02-16 14:30:00,True,2019-02-16 14:39:00,Credit Card,2019-02-16 14:35:00,False,,14,16,2,Saturday,360,30
2019-02-16 20:36:00,Male,27,722,3368,China,Shandong,Yantai,home appliances,electric stove,250,400,6,Billboard-QR code,2019-02-16 20:41:00,True,2019-02-16 20:49:00,Paypal,2019-02-16 20:44:00,True,Poor Quality,20,16,2,Saturday,2400,150
2019-02-19 01:52:00,Male,65,653,3611,India,Uttar Pradesh,Kanpur,books,magazine,5,8,5,E-mails,2019-02-19 01:58:00,True,2019-02-19 02:12:00,Debit Card,2019-02-19 02:03:00,True,Poor Quality,1,19,2,Tuesday,40,3
2019-02-19 17:04:00,Female,60,718,6745,India,Maharashtra,Nagpur,toys,board game,20,35,5,E-mails,2019-02-19 17:19:00,True,2019-02-19 17:27:00,Debit Card,2019-02-19 17:21:00,False,,17,19,2,Tuesday,175,15
2019-02-22 01:19:00,Female,23,705,3112,Spain,Andalusia,Granada,electronics,television,1000,1500,6,Facebook-ads,2019-02-22 01:25:00,True,2019-02-22 01:36:00,Debit Card,2019-02-22 01:29:00,False,,1,22,2,Friday,9000,500
2019-02-22 08:56:00,Female,46,648,3612,China,Shandong,Qingdao,toys,board game,20,35,1,Google-ads,2019-02-22 09:12:00,True,2019-02-22 09:22:00,Cash On Delivery,2019-02-22 09:14:00,False,,8,22,2,Friday,35,15
2019-02-22 14:07:00,Male,40,701,7364,Japan,Kanagawa,Yokohama,fashion,jeans,40,70,4,Facebook-ads,2019-02-22 14:34:00,True,2019-02-22 14:47:00,Paypal,2019-02-22 14:38:00,False,,14,22,2,Friday,280,30
2019-02-24 07:43:00,Female,38,703,3210,Spain,Andalusia,Seville,home appliances,electric stove,250,400,2,Google-ads,2019-02-24 07:58:00,False,,,2019-02-24 08:22:00,,,7,24,2,Sunday,800,150
2019-02-24 13:11:00,Female,63,624,7870,Australia,New South Wales,Newcastle,home appliances,toaster,40,60,1,E-mails,2019-02-24 13:28:00,True,2019-02-24 13:38:00,Cash On Delivery,2019-02-24 13:30:00,False,,13,24,2,Sunday,60,20
2019-02-25 10:59:00,Male,49,773,7570,India,Uttar Pradesh,Kanpur,books,textbook,30,50,1,Instagram-ads,2019-02-25 11:07:00,True,2019-02-25 11:19:00,Cash On Delivery,2019-02-25 11:09:00,False,,10,25,2,Monday,50,20
2019-02-26 01:15:00,Male,38,772,3838,Canada,Quebec,Montreal,toys,plush toy,12,20,5,Facebook-ads,2019-02-26 01:33:00,True,2019-02-26 01:38:00,Debit Card,2019-02-26 01:35:00,True,Wrong Item,1,26,2,Tuesday,100,8
2019-02-26 02:21:00,Female,42,758,5898,USA,California,San Diego,toys,puzzle,15,25,3,Instagram-ads,2019-02-26 02:44:00,False,,,2019-02-26 03:01:00,,,2,26,2,Tuesday,75,10
2019-02-26 21:12:00,Male,25,739,3085,Australia,New South Wales,Newcastle,toys,action figure,8,15,4,E-mails,2019-02-26 21:33:00,True,2019-02-26 21:40:00,Credit Card,2019-02-26 21:36:00,False,,21,26,2,Tuesday,60,7
2019-02-28 01:40:00,Male,50,775,4163,Australia,New South Wales,Wollongong,electronics,laptop,800,1200,2,Instagram-ads,2019-02-28 02:07:00,True,2019-02-28 02:12:00,Debit Card,2019-02-28 02:10:00,False,,1,28,2,Thursday,2400,400
2019-03-02 20:55:00,Male,58,602,4709,UK,Scotland,Edinburgh,fashion,t-shirt,15,25,4,Facebook-ads,2019-03-02 21:22:00,True,2019-03-02 21:37:00,Cash On Delivery,2019-03-02 21:27:00,False,,20,2,3,Saturday,100,10
2019-03-03 12:59:00,Female,65,764,5070,Canada,Ontario,Ottawa,home appliances,mixer grinder,60,90,1,Google-ads,2019-03-03 13:16:00,False,,,2019-03-03 13:16:00,,,12,3,3,Sunday,90,30
2019-03-03 15:24:00,Male,54,604,6666,Italy,Lazio,Latina,toys,puzzle,15,25,3,Billboard-QR code,2019-03-03 15:34:00,True,2019-03-03 15:42:00,Credit Card,2019-03-03 15:38:00,False,,15,3,3,Sunday,75,10
2019-03-05 13:56:00,Male,33,760,6188,China,Shandong,Jinan,fashion,shoes,60,100,3,Facebook-ads,2019-03-05 14:03:00,True,2019-03-05 14:08:00,Debit Card,2019-03-05 14:06:00,False,,13,5,3,Tuesday,300,40
2019-03-05 23:56:00,Female,27,747,3489,Italy,Lombardy,Milan,electronics,television,1000,1500,2,Instagram-ads,2019-03-06 00:20:00,True,2019-03-06 00:35:00,Debit Card,2019-03-06 00:22:00,False,,23,5,3,Tuesday,3000,500
2019-03-06 06:33:00,Male,67,633,7045,Canada,Quebec,Montreal,home appliances,electric stove,250,400,6,Google-ads,2019-03-06 07:02:00,True,2019-03-06 07:11:00,Paypal,2019-03-06 07:07:00,False,,6,6,3,Wednesday,2400,150
2019-03-06 09:01:00,Female,68,698,3498,Spain,Andalusia,Seville,toys,plush toy,12,20,2,Instagram-ads,2019-03-06 09:11:00,True,2019-03-06 09:20:00,Cash On Delivery,2019-03-06 09:13:00,False,,9,6,3,Wednesday,40,8
2019-03-08 23:31:00,Male,34,624,5988,Australia,Victoria,Ballarat,toys,board game,20,35,4,Twitter-ads,2019-03-08 23:57:00,True,2019-03-09 00:03:00,Debit Card,2019-03-09 00:02:00,False,,23,8,3,Friday,140,15
2019-03-10 01:00:00,Female,49,607,7068,Australia,Victoria,Geelong,fashion,shoes,60,100,5,Billboard-QR code,2019-03-10 01:27:00,False,,,2019-03-10 01:33:00,,,1,10,3,Sunday,500,40
2019-03-10 23:22:00,Female,48,630,3042,Japan,Kanagawa,Yokohama,books,autobiography,20,35,4,Google-ads,2019-03-10 23:39:00,True,2019-03-10 23:48:00,Cash On Delivery,2019-03-10 23:43:00,False,,23,10,3,Sunday,140,15
2019-03-12 17:11:00,Female,47,630,6615,Japan,Tokyo,Yokohama,fashion,dress,50,80,5,Google-ads,2019-03-12 17:37:00,True,2019-03-12 17:47:00,Debit Card,2019-03-12 17:41:00,False,,17,12,3,Tuesday,400,30
2019-03-13 03:20:00,Female,25,623,6209,Japan,Tokyo,Tokyo,fashion,jeans,40,70,2,Google-ads,2019-03-13 03:38:00,False,,,2019-03-13 03:40:00,,,3,13,3,Wednesday,140,30
2019-03-13 12:40:00,Female,34,699,3843,China,Guangdong,Dongguan,home appliances,electric stove,250,400,6,Billboard-QR code,2019-03-13 12:52:00,True,2019-03-13 13:06:00,Credit Card,2019-03-13 12:57:00,False,,12,13,3,Wednesday,2400,150
2019-03-14 14:43:00,Male,62,754,5940,India,Maharashtra,Mumbai,books,novel,10,18,6,Instagram-ads,2019-03-14 14:59:00,True,2019-03-14 15:14:00,Cash On Delivery,2019-03-14 15:02:00,False,,14,14,3,Thursday,108,8
2019-03-15 13:39:00,Female,22,755,6060,India,Maharashtra,Nagpur,toys,board game,20,35,6,Billboard-QR code,2019-03-15 14:02:00,True,2019-03-15 14:16:00,Paypal,2019-03-15 14:04:00,True,Wrong Item,13,15,3,Friday,210,15
2019-03-18 05:54:00,Female,66,715,7348,Japan,Tokyo,Tokyo,home appliances,electric stove,250,400,4,Facebook-ads,2019-03-18 06:22:00,True,2019-03-18 06:37:00,Debit Card,2019-03-18 06:27:00,False,,5,18,3,Monday,1600,150
2019-03-20 01:19:00,Female,61,607,6496,India,Maharashtra,Pune,home appliances,microwave oven,300,500,3,E-mails,2019-03-20 01:33:00,True,2019-03-20 01:47:00,Cash On Delivery,2019-03-20 01:35:00,False,,1,20,3,Wednesday,1500,200
2019-03-20 20:23:00,Male,23,651,5262,Italy,Lombardy,Bergamo,home appliances,microwave oven,300,500,5,Facebook-ads,2019-03-20 20:29:00,True,2019-03-20 20:34:00,Debit Card,2019-03-20 20:32:00,False,,20,20,3,Wednesday,2500,200
2019-03-20 21:52:00,Male,65,760,4541,India,Maharashtra,Nagpur,toys,board game,20,35,2,Instagram-ads,2019-03-20 22:04:00,True,2019-03-20 22:19:00,Credit Card,2019-03-20 22:09:00,False,,21,20,3,Wednesday,70,15
2019-03-21 02:30:00,Male,72,602,5576,Canada,Ontario,Mississauga,toys,action figure,8,15,4,Billboard-QR code,2019-03-21 02:57:00,True,2019-03-21 03:05:00,Debit Card,2019-03-21 02:59:00,False,,2,21,3,Thursday,60,7
2019-03-21 12:24:00,Female,28,747,6895,UK,Scotland,Edinburgh,books,autobiography,20,35,1,Twitter-ads,2019-03-21 12:52:00,True,2019-03-21 13:03:00,Debit Card,2019-03-21 12:57:00,False,,12,21,3,Thursday,35,15
2019-03-21 12:32:00,Male,51,624,3630,India,Uttar Pradesh,Kanpur,books,magazine,5,8,1,Facebook-ads,2019-03-21 12:44:00,True,2019-03-21 12:56:00,Credit Card,2019-03-21 12:49:00,True,Arrived Late,12,21,3,Thursday,8,3
2019-03-21 13:27:00,Female,55,688,6813,Australia,New South Wales,Wollongong,books,novel,10,18,1,E-mails,2019-03-21 13:38:00,True,2019-03-21 13:46:00,Debit Card,2019-03-21 13:43:00,True,Arrived Damaged,13,21,3,Thursday,18,8
2019-03-22 02:05:00,Female,69,719,5643,Spain,Catalonia,Tarragona,electronics,television,1000,1500,6,Instagram-ads,2019-03-22 02:16:00,True,2019-03-22 02:24:00,Credit Card,2019-03-22 02:19:00,False,,2,22,3,Friday,9000,500
2019-03-22 05:26:00,Female,42,672,7359,Canada,Ontario,Mississauga,toys,puzzle,15,25,1,Instagram-ads,2019-03-22 05:46:00,True,2019-03-22 05:59:00,Debit Card,2019-03-22 05:48:00,False,,5,22,3,Friday,25,10
2019-03-23 00:37:00,Female,44,639,6112,USA,California,Los Angeles,fashion,t-shirt,15,25,4,Google-ads,2019-03-23 00:45:00,True,2019-03-23 00:59:00,Credit Card,2019-03-23 00:50:00,True,Wrong Item,0,23,3,Saturday,100,10
2019-03-24 06:00:00,Male,30,670,7297,UK,Scotland,Glasgow,electronics,laptop,800,1200,6,E-mails,2019-03-24 06:20:00,True,2019-03-24 06:27:00,Credit Card,2019-03-24 06:23:00,False,,6,24,3,Sunday,7200,400
2019-03-25 13:18:00,Female,58,656,4441,India,Maharashtra,Nagpur,fashion,shoes,60,100,4,Facebook-ads,2019-03-25 13:37:00,True,2019-03-25 13:45:00,Debit Card,2019-03-25 13:40:00,False,,13,25,3,Monday,400,40
2019-03-25 14:11:00,Female,47,625,6592,Spain,Catalonia,Tarragona,books,novel,10,18,4,Facebook-ads,2019-03-25 14:19:00,True,2019-03-25 14:30:00,Cash On Delivery,2019-03-25 14:21:00,False,,14,25,3,Monday,72,8
2019-03-27 08:07:00,Female,72,681,4233,USA,California,San Diego,electronics,table fan,30,50,1,Twitter-ads,2019-03-27 08:27:00,True,2019-03-27 08:33:00,Credit Card,2019-03-27 08:32:00,False,,8,27,3,Wednesday,50,20
2019-03-28 03:54:00,Female,19,753,4691,India,Uttar Pradesh,Kanpur,electronics,television,1000,1500,6,E-mails,2019-03-28 04:01:00,False,,,2019-03-28 03:59:00,,,3,28,3,Thursday,9000,500
2019-03-28 18:28:00,Female,70,744,6770,Italy,Lombardy,Brescia,toys,puzzle,15,25,6,Instagram-ads,2019-03-28 18:40:00,True,2019-03-28 18:45:00,Debit Card,2019-03-28 18:45:00,False,,18,28,3,Thursday,150,10
2019-03-29 15:51:00,Male,66,698,5234,Australia,New South Wales,Newcastle,fashion,t-shirt,15,25,4,Instagram-ads,2019-03-29 16:09:00,True,2019-03-29 16:18:00,Credit Card,2019-03-29 16:13:00,False,,15,29,3,Friday,100,10
2019-03-30 00:01:00,Female,48,634,6496,China,Guangdong,Guangzhou,home appliances,mixer grinder,60,90,3,Google-ads,2019-03-30 00:16:00,True,2019-03-30 00:24:00,Credit Card,2019-03-30 00:19:00,True,Arrived Late,0,30,3,Saturday,270,30
2019-03-30 19:38:00,Male,37,677,6276,USA,Texas,Dallas,toys,action figure,8,15,6,Twitter-ads,2019-03-30 20:01:00,True,2019-03-30 20:12:00,Credit Card,2019-03-30 20:05:00,False,,19,30,3,Saturday,90,7
2019-03-31 12:52:00,Male,52,723,7947,India,Uttar Pradesh,Lucknow,fashion,jeans,40,70,6,Instagram-ads,2019-03-31 13:02:00,False,,,2019-03-31 13:10:00,,,12,31,3,Sunday,420,30
2019-04-01 00:44:00,Female,51,610,7073,India,Maharashtra,Pune,books,textbook,30,50,3,Instagram-ads,2019-04-01 00:49:00,True,2019-04-01 00:57:00,Paypal,2019-04-01 00:51:00,True,Arrived Damaged,0,1,4,Monday,150,20
2019-04-01 21:12:00,Female,66,780,4310,India,Uttar Pradesh,Kanpur,toys,board game,20,35,6,Facebook-ads,2019-04-01 21:21:00,True,2019-04-01 21:35:00,Debit Card,2019-04-01 21:24:00,False,,21,1,4,Monday,210,15
2019-04-01 22:57:00,Female,19,768,5673,Italy,Lombardy,Brescia,books,magazine,5,8,5,Instagram-ads,2019-04-01 23:06:00,True,2019-04-01 23:13:00,Paypal,2019-04-01 23:11:00,False,,22,1,4,Monday,40,3
2019-04-02 01:22:00,Male,30,646,5498,China,Shandong,Yantai,fashion,dress,50,80,6,Twitter-ads,2019-04-02 01:34:00,True,2019-04-02 01:47:00,Cash On Delivery,2019-04-02 01:37:00,False,,1,2,4,Tuesday,480,30
2019-04-03 06:21:00,Female,26,761,5394,USA,California,Los Angeles,home appliances,electric stove,250,400,2,Twitter-ads,2019-04-03 06:48:00,True,2019-04-03 06:53:00,Debit Card,2019-04-03 06:53:00,False,,6,3,4,Wednesday,800,150
2019-04-03 17:53:00,Female,22,742,3876,India,Uttar Pradesh,Ghaziabad,toys,action figure,8,15,2,Google-ads,2019-04-03 18:17:00,False,,,2019-04-03 18:31:00,,,17,3,4,Wednesday,30,7
2019-04-04 23:52:00,Female,28,663,7060,India,Maharashtra,Nagpur,electronics,hair dryer,25,40,4,Facebook-ads,2019-04-05 00:05:00,False,,,2019-04-05 00:03:00,,,23,4,4,Thursday,160,15
2019-04-05 11:51:00,Female,35,704,4519,Italy,Lazio,Latina,home appliances,mixer grinder,60,90,4,E-mails,2019-04-05 11:58:00,True,2019-04-05 12:03:00,Paypal,2019-04-05 12:02:00,True,Poor Quality,11,5,4,Friday,360,30
2019-04-06 03:44:00,Male,27,655,5157,USA,Texas,Dallas,fashion,jeans,40,70,3,Instagram-ads,2019-04-06 04:08:00,False,,,2019-04-06 04:02:00,,,3,6,4,Saturday,210,30
2019-04-06 21:43:00,Female,25,707,5949,UK,Scotland,Aberdeen,books,magazine,5,8,4,Twitter-ads,2019-04-06 22:08:00,True,2019-04-06 22:18:00,Debit Card,2019-04-06 22:12:00,False,,21,6,4,Saturday,32,3
2019-04-09 07:03:00,Male,33,677,5535,India,Uttar Pradesh,Kanpur,toys,action figure,8,15,3,Twitter-ads,2019-04-09 07:22:00,True,2019-04-09 07:37:00,Credit Card,2019-04-09 07:24:00,True,Arrived Late,7,9,4,Tuesday,45,7
2019-04-09 23:35:00,Male,59,625,3683,China,Shandong,Yantai,fashion,t-shirt,15,25,3,Instagram-ads,2019-04-09 23:43:00,True,2019-04-09 23:53:00,Debit Card,2019-04-09 23:46:00,False,,23,9,4,Tuesday,75,10
2019-04-11 02:34:00,Male,35,708,6598,Australia,Victoria,Geelong,fashion,shoes,60,100,5,Facebook-ads,2019-04-11 03:02:00,True,2019-04-11 03:07:00,Credit Card,2019-04-11 03:04:00,False,,2,11,4,Thursday,500,40
2019-04-13 11:10:00,Male,45,675,3154,India,Maharashtra,Pune,books,magazine,5,8,6,Billboard-QR code,2019-04-13 11:19:00,True,2019-04-13 11:27:00,Credit Card,2019-04-13 11:22:00,False,,11,13,4,Saturday,48,3
2019-04-13 14:56:00,Male,48,739,6226,Canada,Ontario,Mississauga,toys,action figure,8,15,4,Facebook-ads,2019-04-13 15:10:00,True,2019-04-13 15:19:00,Paypal,2019-04-13 15:13:00,True,Poor Quality,14,13,4,Saturday,60,7
2019-04-14 06:07:00,Female,66,665,7422,China,Shandong,Qingdao,electronics,television,1000,1500,3,Billboard-QR code,2019-04-14 06:23:00,True,2019-04-14 06:35:00,Cash On Delivery,2019-04-14 06:25:00,False,,6,14,4,Sunday,4500,500
2019-04-15 14:25:00,Male,68,667,7542,Australia,New South Wales,Wollongong,books,magazine,5,8,6,Google-ads,2019-04-15 14:42:00,True,2019-04-15 14:48:00,Credit Card,2019-04-15 14:47:00,False,,14,15,4,Monday,48,3
2019-04-15 18:08:00,Male,30,619,3756,Canada,Ontario,Toronto,toys,action figure,8,15,1,Billboard-QR code,2019-04-15 18:32:00,True,2019-04-15 18:38:00,Debit Card,2019-04-15 18:34:00,False,,18,15,4,Monday,15,7
2019-04-15 22:36:00,Female,62,642,4230,Australia,New South Wales,Wollongong,home appliances,mixer grinder,60,90,5,Facebook-ads,2019-04-15 22:49:00,False,,,2019-04-15 23:02:00,,,22,15,4,Monday,450,30
2019-04-16 08:47:00,Male,44,763,3099,Spain,Catalonia,Tarragona,fashion,shoes,60,100,6,Instagram-ads,2019-04-16 09:06:00,True,2019-04-16 09:16:00,Credit Card,2019-04-16 09:09:00,False,,8,16,4,Tuesday,600,40
2019-04-16 14:37:00,Female,50,778,7302,Australia,New South Wales,Sydney,fashion,shoes,60,100,4,Instagram-ads,2019-04-16 14:54:00,True,2019-04-16 14:59:00,Debit Card,2019-04-16 14:58:00,False,,14,16,4,Tuesday,400,40
2019-04-17 06:01:00,Male,37,760,4529,Japan,Kanagawa,Sagamihara,home appliances,toaster,40,60,4,E-mails,2019-04-17 06:15:00,True,2019-04-17 06:30:00,Credit Card,2019-04-17 06:20:00,False,,6,17,4,Wednesday,240,20
2019-04-17 11:23:00,Male,49,747,6854,Canada,Quebec,Montreal,books,textbook,30,50,5,Google-ads,2019-04-17 11:32:00,True,2019-04-17 11:40:00,Cash On Delivery,2019-04-17 11:35:00,False,,11,17,4,Wednesday,250,20
2019-04-17 17:40:00,Male,48,655,3151,UK,Scotland,Glasgow,books,textbook,30,50,1,Google-ads,2019-04-17 17:54:00,True,2019-04-17 18:00:00,Cash On Delivery,2019-04-17 17:58:00,True,Arrived Late,17,17,4,Wednesday,50,20
2019-04-17 23:32:00,Female,72,774,6423,Italy,Lombardy,Milan,toys,action figure,8,15,1,Billboard-QR code,2019-04-17 23:50:00,True,2019-04-17 23:57:00,Credit Card,2019-04-17 23:52:00,True,Wrong Item,23,17,4,Wednesday,15,7
2019-04-17 23:55:00,Male,51,603,4959,USA,California,Los Angeles,books,textbook,30,50,3,Instagram-ads,2019-04-18 00:09:00,True,2019-04-18 00:23:00,Credit Card,2019-04-18 00:12:00,False,,23,17,4,Wednesday,150,20
2019-04-19 11:44:00,Female,40,682,3290,Australia,Victoria,Ballarat,fashion,t-shirt,15,25,6,Billboard-QR code,2019-04-19 11:50:00,True,2019-04-19 11:55:00,Cash On Delivery,2019-04-19 11:54:00,False,,11,19,4,Friday,150,10
2019-04-21 11:04:00,Female,40,672,5656,UK,England,Birmingham,toys,action figure,8,15,6,Facebook-ads,2019-04-21 11:31:00,True,2019-04-21 11:46:00,Cash On Delivery,2019-04-21 11:33:00,True,Arrived Damaged,11,21,4,Sunday,90,7
2019-04-23 23:42:00,Male,23,682,7393,USA,California,San Jose,electronics,hair dryer,25,40,4,Facebook-ads,2019-04-24 00:11:00,True,2019-04-24 00:25:00,Debit Card,2019-04-24 00:16:00,False,,23,23,4,Tuesday,160,15
2019-04-24 05:22:00,Female,37,686,7137,USA,Texas,Dallas,electronics,television,1000,1500,6,Billboard-QR code,2019-04-24 05:35:00,True,2019-04-24 05:50:00,Credit Card,2019-04-24 05:39:00,False,,5,24,4,Wednesday,9000,500
2019-04-25 04:52:00,Male,40,640,3458,USA,California,Los Angeles,books,textbook,30,50,2,Instagram-ads,2019-04-25 05:21:00,True,2019-04-25 05:30:00,Credit Card,2019-04-25 05:26:00,False,,4,25,4,Thursday,100,20
2019-04-27 01:37:00,Female,38,622,5505,Italy,Lombardy,Brescia,toys,action figure,8,15,5,Billboard-QR code,2019-04-27 01:51:00,True,2019-04-27 01:59:00,Cash On Delivery,2019-04-27 01:54:00,False,,1,27,4,Saturday,75,7
2019-04-27 04:27:00,Female,46,712,6632,Japan,Tokyo,Kawasaki,home appliances,electric stove,250,400,3,Google-ads,2019-04-27 04:46:00,True,2019-04-27 04:58:00,Debit Card,2019-04-27 04:48:00,False,,4,27,4,Saturday,1200,150
2019-04-28 04:54:00,Male,33,774,3331,Australia,Victoria,Geelong,electronics,laptop,800,1200,4,Facebook-ads,2019-04-28 05:07:00,True,2019-04-28 05:20:00,Credit Card,2019-04-28 05:09:00,False,,4,28,4,Sunday,4800,400
2019-04-29 10:47:00,Female,66,697,7996,Canada,Quebec,Laval,toys,action figure,8,15,4,Instagram-ads,2019-04-29 11:03:00,True,2019-04-29 11:18:00,Credit Card,2019-04-29 11:08:00,False,,10,29,4,Monday,60,7
2019-04-29 17:18:00,Male,25,715,7772,USA,Texas,San Antonio,fashion,dress,50,80,2,E-mails,2019-04-29 17:35:00,False,,,2019-04-29 17:24:00,,,17,29,4,Monday,160,30
2019-04-30 07:24:00,Male,44,759,4749,Italy,Lombardy,Brescia,home appliances,toaster,40,60,4,Google-ads,2019-04-30 07:46:00,True,2019-04-30 07:51:00,Cash On Delivery,2019-04-30 07:51:00,False,,7,30,4,Tuesday,240,20
2019-05-01 09:37:00,Male,63,711,4516,China,Shandong,Jinan,books,magazine,5,8,6,Twitter-ads,2019-05-01 09:54:00,True,2019-05-01 10:09:00,Debit Card,2019-05-01 09:59:00,True,Arrived Damaged,9,1,5,Wednesday,48,3
2019-05-01 18:16:00,Male,43,769,3814,India,Maharashtra,Mumbai,electronics,television,1000,1500,5,Instagram-ads,2019-05-01 18:29:00,True,2019-05-01 18:37:00,Debit Card,2019-05-01 18:33:00,False,,18,1,5,Wednesday,7500,500
2019-05-07 12:13:00,Female,18,727,5345,Canada,Ontario,Ottawa,fashion,dress,50,80,6,E-mails,2019-05-07 12:23:00,True,2019-05-07 12:31:00,Debit Card,2019-05-07 12:26:00,False,,12,7,5,Tuesday,480,30
2019-05-07 23:48:00,Female,69,624,5719,Australia,New South Wales,Newcastle,home appliances,microwave oven,300,500,5,Billboard-QR code,2019-05-08 00:08:00,True,2019-05-08 00:19:00,Cash On Delivery,2019-05-08 00:10:00,True,Poor Value,23,7,5,Tuesday,2500,200
2019-05-08 19:37:00,Female,68,733,4210,Canada,Ontario,Ottawa,books,autobiography,20,35,5,Twitter-ads,2019-05-08 19:53:00,True,2019-05-08 20:00:00,Paypal,2019-05-08 19:55:00,False,,19,8,5,Wednesday,175,15
2019-05-10 00:52:00,Female,38,649,7358,Spain,Catalonia,Barcelona,electronics,television,1000,1500,3,E-mails,2019-05-10 01:10:00,False,,,2019-05-10 01:14:00,,,0,10,5,Friday,4500,500
2019-05-12 09:06:00,Male,18,775,6613,Spain,Catalonia,Barcelona,books,autobiography,20,35,4,E-mails,2019-05-12 09:28:00,False,,,2019-05-12 09:26:00,,,9,12,5,Sunday,140,15
2019-05-13 00:10:00,Male,39,727,4079,Italy,Lazio,Rome,fashion,dress,50,80,5,Facebook-ads,2019-05-13 00:28:00,True,2019-05-13 00:41:00,Credit Card,2019-05-13 00:33:00,False,,0,13,5,Monday,400,30
2019-05-13 17:51:00,Male,36,758,6694,Canada,Ontario,Mississauga,home appliances,microwave oven,300,500,3,Instagram-ads,2019-05-13 18:03:00,True,2019-05-13 18:14:00,Cash On Delivery,2019-05-13 18:06:00,False,,17,13,5,Monday,1500,200
2019-05-13 20:57:00,Male,70,690,7662,Japan,Kanagawa,Sagamihara,electronics,hair dryer,25,40,3,Instagram-ads,2019-05-13 21:18:00,True,2019-05-13 21:23:00,Paypal,2019-05-13 21:20:00,False,,20,13,5,Monday,120,15
2019-05-14 04:28:00,Female,37,621,5935,Japan,Tokyo,Kawasaki,books,textbook,30,50,2,Billboard-QR code,2019-05-14 04:56:00,True,2019-05-14 05:01:00,Cash On Delivery,2019-05-14 04:59:00,True,Arrived Late,4,14,5,Tuesday,100,20
2019-05-17 17:18:00,Female,22,606,7461,Spain,Catalonia,Girona,books,textbook,30,50,3,Instagram-ads,2019-05-17 17:30:00,True,2019-05-17 17:37:00,Credit Card,2019-05-17 17:32:00,False,,17,17,5,Friday,150,20
2019-05-17 17:57:00,Male,61,660,5598,Australia,Victoria,Geelong,toys,action figure,8,15,1,Billboard-QR code,2019-05-17 18:02:00,True,2019-05-17 18:09:00,Credit Card,2019-05-17 18:04:00,False,,17,17,5,Friday,15,7
2019-05-18 13:16:00,Male,65,620,4842,UK,England,Birmingham,books,magazine,5,8,4,E-mails,2019-05-18 13:43:00,True,2019-05-18 13:54:00,Cash On Delivery,2019-05-18 13:47:00,False,,13,18,5,Saturday,32,3
2019-05-19 16:35:00,Male,45,710,4729,Australia,Victoria,Geelong,electronics,hair dryer,25,40,4,Billboard-QR code,2019-05-19 16:46:00,True,2019-05-19 16:52:00,Cash On Delivery,2019-05-19 16:48:00,False,,16,19,5,Sunday,160,15
2019-05-22 05:27:00,Male,20,643,7415,UK,England,Birmingham,home appliances,toaster,40,60,4,E-mails,2019-05-22 05:57:00,True,2019-05-22 06:12:00,Cash On Delivery,2019-05-22 06:00:00,False,,5,22,5,Wednesday,240,20
2019-05-22 23:02:00,Male,58,747,4312,India,Maharashtra,Nagpur,electronics,hair dryer,25,40,2,Billboard-QR code,2019-05-22 23:19:00,True,2019-05-22 23:28:00,Credit Card,2019-05-22 23:24:00,False,,23,22,5,Wednesday,80,15
2019-05-23 00:40:00,Female,19,738,4850,China,Guangdong,Dongguan,home appliances,toaster,40,60,5,Instagram-ads,2019-05-23 01:03:00,True,2019-05-23 01:09:00,Cash On Delivery,2019-05-23 01:07:00,False,,0,23,5,Thursday,300,20
2019-05-23 08:45:00,Female,27,672,5140,Japan,Kanagawa,Sagamihara,toys,action figure,8,15,2,Instagram-ads,2019-05-23 09:04:00,False,,,2019-05-23 09:09:00,,,8,23,5,Thursday,30,7
2019-05-25 08:00:00,Female,45,620,3088,India,Maharashtra,Pune,electronics,hair dryer,25,40,4,Billboard-QR code,2019-05-25 08:27:00,True,2019-05-25 08:32:00,Credit Card,2019-05-25 08:29:00,False,,8,25,5,Saturday,160,15
2019-05-26 00:07:00,Male,26,769,6943,Italy,Lombardy,Brescia,books,textbook,30,50,3,Twitter-ads,2019-05-26 00:32:00,True,2019-05-26 00:40:00,Cash On Delivery,2019-05-26 00:34:00,False,,0,26,5,Sunday,150,20
2019-05-28 04:51:00,Female,21,610,3478,USA,Texas,Houston,home appliances,electric stove,250,400,5,Facebook-ads,2019-05-28 05:21:00,True,2019-05-28 05:30:00,Cash On Delivery,2019-05-28 05:24:00,False,,4,28,5,Tuesday,2000,150
2019-05-30 19:49:00,Male,68,643,5657,Japan,Tokyo,Yokohama,books,textbook,30,50,5,Instagram-ads,2019-05-30 20:11:00,True,2019-05-30 20:17:00,Debit Card,2019-05-30 20:16:00,False,,19,30,5,Thursday,250,20
2019-05-30 23:21:00,Male,26,650,3771,Japan,Tokyo,Kawasaki,books,autobiography,20,35,3,Instagram-ads,2019-05-30 23:51:00,False,,,2019-05-30 23:28:00,,,23,30,5,Thursday,105,15
2019-05-31 03:56:00,Female,25,762,4228,USA,Texas,Dallas,books,magazine,5,8,4,Instagram-ads,2019-05-31 04:16:00,True,2019-05-31 04:25:00,Paypal,2019-05-31 04:19:00,False,,3,31,5,Friday,32,3
2019-05-31 22:10:00,Female,72,615,3351,China,Shandong,Qingdao,electronics,laptop,800,1200,5,Instagram-ads,2019-05-31 22:32:00,True,2019-05-31 22:40:00,Paypal,2019-05-31 22:35:00,False,,22,31,5,Friday,6000,400
2019-06-02 13:27:00,Male,24,630,7703,Australia,New South Wales,Newcastle,home appliances,toaster,40,60,3,Facebook-ads,2019-06-02 13:32:00,True,2019-06-02 13:37:00,Cash On Delivery,2019-06-02 13:34:00,False,,13,2,6,Sunday,180,20
2019-06-02 19:11:00,Male,38,724,4368,Australia,Victoria,Geelong,home appliances,mixer grinder,60,90,4,Twitter-ads,2019-06-02 19:23:00,True,2019-06-02 19:31:00,Paypal,2019-06-02 19:27:00,False,,19,2,6,Sunday,360,30
2019-06-02 23:28:00,Male,35,687,3050,India,Maharashtra,Nagpur,fashion,dress,50,80,5,Instagram-ads,2019-06-02 23:46:00,False,,,2019-06-02 23:34:00,,,23,2,6,Sunday,400,30
2019-06-04 17:50:00,Female,25,625,3886,China,Shandong,Jinan,electronics,table fan,30,50,6,Instagram-ads,2019-06-04 17:56:00,False,,,2019-06-04 18:00:00,,,17,4,6,Tuesday,300,20
2019-06-05 12:27:00,Female,54,604,3374,Spain,Catalonia,Tarragona,books,novel,10,18,3,Billboard-QR code,2019-06-05 12:54:00,True,2019-06-05 13:04:00,Paypal,2019-06-05 12:56:00,False,,12,5,6,Wednesday,54,8
2019-06-05 18:41:00,Female,53,654,3618,UK,England,Birmingham,toys,action figure,8,15,4,Instagram-ads,2019-06-05 19:08:00,True,2019-06-05 19:14:00,Credit Card,2019-06-05 19:12:00,False,,18,5,6,Wednesday,60,7
2019-06-08 10:22:00,Female,65,765,6708,Canada,Quebec,Quebec City,electronics,laptop,800,1200,6,Twitter-ads,2019-06-08 10:30:00,True,2019-06-08 10:39:00,Cash On Delivery,2019-06-08 10:33:00,False,,10,8,6,Saturday,7200,400
2019-06-09 12:07:00,Male,67,664,3084,India,Uttar Pradesh,Kanpur,fashion,dress,50,80,3,Instagram-ads,2019-06-09 12:29:00,True,2019-06-09 12:44:00,Credit Card,2019-06-09 12:31:00,False,,12,9,6,Sunday,240,30
2019-06-09 15:43:00,Female,64,758,7763,India,Uttar Pradesh,Lucknow,toys,board game,20,35,1,Instagram-ads,2019-06-09 16:13:00,True,2019-06-09 16:19:00,Debit Card,2019-06-09 16:18:00,False,,15,9,6,Sunday,35,15
2019-06-09 18:50:00,Female,25,691,7777,Australia,New South Wales,Wollongong,home appliances,microwave oven,300,500,4,Google-ads,2019-06-09 19:08:00,True,2019-06-09 19:22:00,Credit Card,2019-06-09 19:10:00,False,,18,9,6,Sunday,2000,200
2019-06-10 04:21:00,Female,28,746,6410,Spain,Andalusia,Malaga,fashion,dress,50,80,1,Billboard-QR code,2019-06-10 04:32:00,True,2019-06-10 04:46:00,Cash On Delivery,2019-06-10 04:37:00,False,,4,10,6,Monday,80,30
2019-06-11 08:47:00,Female,55,738,6988,Italy,Lombardy,Brescia,toys,puzzle,15,25,5,Billboard-QR code,2019-06-11 08:57:00,True,2019-06-11 09:02:00,Credit Card,2019-06-11 08:59:00,False,,8,11,6,Tuesday,125,10
2019-06-12 13:41:00,Male,32,771,5124,Australia,New South Wales,Newcastle,fashion,shoes,60,100,4,Google-ads,2019-06-12 13:47:00,True,2019-06-12 14:02:00,Credit Card,2019-06-12 13:49:00,False,,13,12,6,Wednesday,400,40
2019-06-13 05:30:00,Male,42,727,5335,China,Guangdong,Shenzhen,toys,puzzle,15,25,3,Billboard-QR code,2019-06-13 05:38:00,True,2019-06-13 05:44:00,Debit Card,2019-06-13 05:42:00,False,,5,13,6,Thursday,75,10
2019-06-14 02:36:00,Male,69,726,4327,Italy,Lazio,Frosinone,toys,board game,20,35,3,Google-ads,2019-06-14 02:47:00,True,2019-06-14 02:53:00,Paypal,2019-06-14 02:50:00,True,Arrived Damaged,2,14,6,Friday,105,15
2019-06-14 15:22:00,Male,71,680,4795,China,Guangdong,Shenzhen,fashion,jeans,40,70,1,Instagram-ads,2019-06-14 15:27:00,True,2019-06-14 15:40:00,Credit Card,2019-06-14 15:30:00,True,Arrived Damaged,15,14,6,Friday,70,30
2019-06-15 20:21:00,Male,22,724,5582,USA,California,San Jose,electronics,television,1000,1500,6,Billboard-QR code,2019-06-15 20:47:00,False,,,2019-06-15 20:44:00,,,20,15,6,Saturday,9000,500
2019-06-16 12:18:00,Female,29,726,6502,USA,Texas,Dallas,toys,action figure,8,15,5,Twitter-ads,2019-06-16 12:35:00,True,2019-06-16 12:46:00,Credit Card,2019-06-16 12:40:00,False,,12,16,6,Sunday,75,7
2019-06-16 13:36:00,Male,27,646,4764,UK,England,Manchester,books,magazine,5,8,2,Google-ads,2019-06-16 13:46:00,True,2019-06-16 13:59:00,Cash On Delivery,2019-06-16 13:49:00,False,,13,16,6,Sunday,16,3
2019-06-17 20:58:00,Female,29,677,5189,Spain,Andalusia,Granada,toys,plush toy,12,20,6,Twitter-ads,2019-06-17 21:04:00,True,2019-06-17 21:13:00,Cash On Delivery,2019-06-17 21:09:00,False,,20,17,6,Monday,120,8
2019-06-18 01:53:00,Female,65,618,5920,Canada,Ontario,Ottawa,electronics,hair dryer,25,40,3,Google-ads,2019-06-18 02:22:00,True,2019-06-18 02:32:00,Cash On Delivery,2019-06-18 02:27:00,False,,1,18,6,Tuesday,120,15
2019-06-18 13:38:00,Female,68,695,6689,USA,California,San Diego,books,magazine,5,8,5,E-mails,2019-06-18 13:52:00,True,2019-06-18 13:59:00,Debit Card,2019-06-18 13:54:00,False,,13,18,6,Tuesday,40,3
2019-06-19 00:13:00,Female,53,732,5438,UK,Scotland,Glasgow,books,magazine,5,8,3,Google-ads,2019-06-19 00:33:00,True,2019-06-19 00:48:00,Cash On Delivery,2019-06-19 00:35:00,False,,0,19,6,Wednesday,24,3
2019-06-19 02:34:00,Female,71,700,6593,Australia,New South Wales,Newcastle,electronics,hair dryer,25,40,3,Instagram-ads,2019-06-19 02:53:00,False,,,2019-06-19 02:55:00,,,2,19,6,Wednesday,120,15
2019-06-20 07:48:00,Male,53,701,5971,China,Guangdong,Guangzhou,books,magazine,5,8,3,Google-ads,2019-06-20 08:18:00,True,2019-06-20 08:26:00,Cash On Delivery,2019-06-20 08:20:00,False,,7,20,6,Thursday,24,3
2019-06-21 14:57:00,Female,23,769,7793,USA,Texas,Dallas,home appliances,microwave oven,300,500,4,Facebook-ads,2019-06-21 15:06:00,True,2019-06-21 15:17:00,Cash On Delivery,2019-06-21 15:09:00,False,,14,21,6,Friday,2000,200
2019-06-22 12:12:00,Male,38,761,7393,India,Maharashtra,Pune,toys,action figure,8,15,3,Google-ads,2019-06-22 12:25:00,True,2019-06-22 12:36:00,Cash On Delivery,2019-06-22 12:29:00,True,Arrived Damaged,12,22,6,Saturday,45,7
2019-06-22 15:49:00,Female,71,652,7642,Australia,New South Wales,Newcastle,home appliances,microwave oven,300,500,5,E-mails,2019-06-22 16:17:00,True,2019-06-22 16:28:00,Credit Card,2019-06-22 16:20:00,False,,15,22,6,Saturday,2500,200
2019-06-22 22:02:00,Female,62,707,7163,China,Shandong,Jinan,fashion,jeans,40,70,3,Billboard-QR code,2019-06-22 22:13:00,True,2019-06-22 22:20:00,Debit Card,2019-06-22 22:16:00,False,,22,22,6,Saturday,210,30
2019-06-26 15:14:00,Female,57,722,5117,USA,Texas,San Antonio,home appliances,mixer grinder,60,90,3,Billboard-QR code,2019-06-26 15:26:00,True,2019-06-26 15:36:00,Debit Card,2019-06-26 15:30:00,False,,15,26,6,Wednesday,270,30
2019-06-27 12:04:00,Male,36,692,5797,Italy,Lazio,Frosinone,electronics,television,1000,1500,1,Instagram-ads,2019-06-27 12:18:00,False,,,2019-06-27 12:15:00,,,12,27,6,Thursday,1500,500
2019-06-27 20:40:00,Male,72,730,4621,Japan,Kanagawa,Yokohama,electronics,table fan,30,50,3,Facebook-ads,2019-06-27 21:05:00,True,2019-06-27 21:10:00,Credit Card,2019-06-27 21:10:00,False,,20,27,6,Thursday,150,20
2019-06-29 20:09:00,Male,32,651,5875,Japan,Tokyo,Kawasaki,electronics,hair dryer,25,40,3,Billboard-QR code,2019-06-29 20:21:00,False,,,2019-06-29 20:48:00,,,20,29,6,Saturday,120,15
2019-07-02 06:36:00,Male,31,742,6721,UK,Scotland,Edinburgh,home appliances,toaster,40,60,3,Google-ads,2019-07-02 06:56:00,True,2019-07-02 07:02:00,Credit Card,2019-07-02 06:58:00,False,,6,2,7,Tuesday,180,20
2019-07-03 22:00:00,Female,26,712,6298,China,Shandong,Qingdao,home appliances,mixer grinder,60,90,3,Google-ads,2019-07-03 22:05:00,True,2019-07-03 22:19:00,Paypal,2019-07-03 22:10:00,True,Poor Value,22,3,7,Wednesday,270,30
2019-07-03 22:53:00,Male,29,749,6575,China,Guangdong,Guangzhou,home appliances,mixer grinder,60,90,5,Twitter-ads,2019-07-03 23:13:00,True,2019-07-03 23:22:00,Debit Card,2019-07-03 23:15:00,True,Arrived Damaged,22,3,7,Wednesday,450,30
2019-07-03 23:30:00,Female,30,734,6981,UK,England,Birmingham,electronics,television,1000,1500,1,Billboard-QR code,2019-07-03 23:45:00,True,2019-07-03 23:50:00,Debit Card,2019-07-03 23:50:00,False,,23,3,7,Wednesday,1500,500
2019-07-04 18:13:00,Male,34,712,7874,Italy,Lazio,Rome,home appliances,mixer grinder,60,90,3,Facebook-ads,2019-07-04 18:20:00,True,2019-07-04 18:29:00,Credit Card,2019-07-04 18:22:00,False,,18,4,7,Thursday,270,30
2019-07-06 13:04:00,Male,52,646,5425,China,Shandong,Yantai,toys,puzzle,15,25,2,Twitter-ads,2019-07-06 13:29:00,False,,,2019-07-06 13:18:00,,,13,6,7,Saturday,50,10
2019-07-08 04:25:00,Female,65,715,4210,China,Guangdong,Guangzhou,toys,puzzle,15,25,3,E-mails,2019-07-08 04:30:00,False,,,2019-07-08 04:44:00,,,4,8,7,Monday,75,10
2019-07-08 12:33:00,Male,70,646,4490,China,Shandong,Yantai,fashion,jeans,40,70,5,Facebook-ads,2019-07-08 12:47:00,True,2019-07-08 12:56:00,Debit Card,2019-07-08 12:52:00,False,,12,8,7,Monday,350,30
2019-07-10 11:55:00,Female,55,723,5866,Spain,Andalusia,Granada,toys,puzzle,15,25,6,E-mails,2019-07-10 12:05:00,True,2019-07-10 12:11:00,Credit Card,2019-07-10 12:10:00,False,,11,10,7,Wednesday,150,10
2019-07-10 13:57:00,Male,41,761,5687,Japan,Kanagawa,Yokohama,home appliances,microwave oven,300,500,4,Instagram-ads,2019-07-10 14:08:00,True,2019-07-10 14:16:00,Paypal,2019-07-10 14:10:00,True,Poor Quality,13,10,7,Wednesday,2000,200
2019-07-11 14:03:00,Male,43,760,4721,India,Uttar Pradesh,Lucknow,fashion,jeans,40,70,4,Billboard-QR code,2019-07-11 14:24:00,True,2019-07-11 14:36:00,Cash On Delivery,2019-07-11 14:26:00,False,,14,11,7,Thursday,280,30
2019-07-14 00:34:00,Female,68,678,7470,USA,Texas,San Antonio,toys,board game,20,35,4,E-mails,2019-07-14 00:58:00,True,2019-07-14 01:11:00,Credit Card,2019-07-14 01:00:00,False,,0,14,7,Sunday,140,15
2019-07-14 03:01:00,Male,25,775,4294,China,Guangdong,Dongguan,home appliances,toaster,40,60,5,Twitter-ads,2019-07-14 03:21:00,True,2019-07-14 03:36:00,Cash On Delivery,2019-07-14 03:23:00,False,,3,14,7,Sunday,300,20
2019-07-15 04:58:00,Female,28,664,5806,Australia,Victoria,Ballarat,toys,action figure,8,15,5,Instagram-ads,2019-07-15 05:18:00,True,2019-07-15 05:28:00,Credit Card,2019-07-15 05:21:00,False,,4,15,7,Monday,75,7
2019-07-20 04:52:00,Male,51,688,4983,Australia,New South Wales,Wollongong,toys,action figure,8,15,6,Facebook-ads,2019-07-20 05:00:00,False,,,2019-07-20 05:24:00,,,4,20,7,Saturday,90,7
2019-07-21 00:08:00,Female,67,673,7209,Canada,Quebec,Laval,home appliances,microwave oven,300,500,3,Billboard-QR code,2019-07-21 00:30:00,True,2019-07-21 00:40:00,Credit Card,2019-07-21 00:34:00,False,,0,21,7,Sunday,1500,200
2019-07-25 03:38:00,Male,42,718,5463,Canada,Quebec,Laval,fashion,shoes,60,100,1,Billboard-QR code,2019-07-25 04:04:00,False,,,2019-07-25 04:00:00,,,3,25,7,Thursday,100,40
2019-07-25 07:10:00,Male,63,760,6492,Spain,Catalonia,Barcelona,electronics,television,1000,1500,2,Google-ads,2019-07-25 07:33:00,True,2019-07-25 07:46:00,Debit Card,2019-07-25 07:38:00,False,,7,25,7,Thursday,3000,500
2019-07-25 19:14:00,Male,32,679,3346,Italy,Lombardy,Bergamo,fashion,t-shirt,15,25,4,Billboard-QR code,2019-07-25 19:33:00,True,2019-07-25 19:40:00,Cash On Delivery,2019-07-25 19:35:00,False,,19,25,7,Thursday,100,10
2019-07-26 11:44:00,Male,58,688,6283,Japan,Kanagawa,Sagamihara,books,magazine,5,8,4,Facebook-ads,2019-07-26 12:14:00,True,2019-07-26 12:26:00,Paypal,2019-07-26 12:16:00,True,Arrived Late,11,26,7,Friday,32,3
2019-07-26 19:49:00,Female,23,654,7142,China,Shandong,Qingdao,fashion,jeans,40,70,6,Google-ads,2019-07-26 20:14:00,False,,,2019-07-26 19:58:00,,,19,26,7,Friday,420,30
2019-07-27 03:04:00,Male,40,732,7810,China,Guangdong,Guangzhou,toys,puzzle,15,25,6,Facebook-ads,2019-07-27 03:17:00,True,2019-07-27 03:25:00,Cash On Delivery,2019-07-27 03:19:00,False,,3,27,7,Saturday,150,10
2019-07-27 17:48:00,Male,36,725,4004,Spain,Catalonia,Barcelona,toys,puzzle,15,25,5,Instagram-ads,2019-07-27 18:09:00,True,2019-07-27 18:21:00,Credit Card,2019-07-27 18:12:00,False,,17,27,7,Saturday,125,10
2019-07-27 20:28:00,Male,19,674,3617,Spain,Andalusia,Malaga,home appliances,microwave oven,300,500,6,Google-ads,2019-07-27 20:44:00,True,2019-07-27 20:51:00,Cash On Delivery,2019-07-27 20:49:00,False,,20,27,7,Saturday,3000,200
2019-07-27 21:41:00,Male,38,778,3497,China,Guangdong,Dongguan,fashion,shoes,60,100,6,Twitter-ads,2019-07-27 22:04:00,True,2019-07-27 22:12:00,Debit Card,2019-07-27 22:07:00,True,Wrong Item,21,27,7,Saturday,600,40
2019-07-27 23:05:00,Male,44,680,7993,Spain,Catalonia,Girona,fashion,jeans,40,70,5,Google-ads,2019-07-27 23:23:00,True,2019-07-27 23:35:00,Debit Card,2019-07-27 23:27:00,False,,23,27,7,Saturday,350,30
2019-07-28 08:08:00,Male,26,694,7155,India,Maharashtra,Pune,toys,plush toy,12,20,1,Google-ads,2019-07-28 08:30:00,True,2019-07-28 08:42:00,Cash On Delivery,2019-07-28 08:34:00,False,,8,28,7,Sunday,20,8
2019-07-28 08:29:00,Male,39,776,3866,Japan,Tokyo,Tokyo,electronics,television,1000,1500,3,Instagram-ads,2019-07-28 08:46:00,False,,,2019-07-28 08:34:00,,,8,28,7,Sunday,4500,500
2019-07-29 16:58:00,Female,44,630,4858,Canada,Quebec,Laval,books,autobiography,20,35,6,Facebook-ads,2019-07-29 17:27:00,False,,,2019-07-29 17:36:00,,,16,29,7,Monday,210,15
2019-07-31 12:59:00,Male,24,736,5934,USA,California,San Diego,electronics,laptop,800,1200,5,Instagram-ads,2019-07-31 13:28:00,True,2019-07-31 13:42:00,Paypal,2019-07-31 13:33:00,False,,12,31,7,Wednesday,6000,400
2019-07-31 16:58:00,Male,44,631,4588,UK,England,London,home appliances,microwave oven,300,500,4,Instagram-ads,2019-07-31 17:26:00,True,2019-07-31 17:36:00,Credit Card,2019-07-31 17:31:00,True,Poor Value,16,31,7,Wednesday,2000,200
2019-08-01 14:09:00,Male,44,600,7517,USA,California,San Jose,toys,plush toy,12,20,2,Instagram-ads,2019-08-01 14:23:00,True,2019-08-01 14:36:00,Cash On Delivery,2019-08-01 14:25:00,False,,14,1,8,Thursday,40,8
2019-08-04 02:11:00,Female,72,665,5272,USA,Texas,Dallas,books,magazine,5,8,6,Billboard-QR code,2019-08-04 02:22:00,True,2019-08-04 02:36:00,Credit Card,2019-08-04 02:25:00,False,,2,4,8,Sunday,48,3
2019-08-04 18:02:00,Male,20,724,4879,Canada,Ontario,Toronto,fashion,shoes,60,100,4,Twitter-ads,2019-08-04 18:19:00,True,2019-08-04 18:29:00,Credit Card,2019-08-04 18:24:00,False,,18,4,8,Sunday,400,40
2019-08-04 22:38:00,Female,69,722,6074,Spain,Andalusia,Malaga,fashion,shoes,60,100,6,Twitter-ads,2019-08-04 22:52:00,False,,,2019-08-04 23:06:00,,,22,4,8,Sunday,600,40
2019-08-06 15:07:00,Female,38,687,5766,Canada,Quebec,Montreal,fashion,jeans,40,70,2,Google-ads,2019-08-06 15:24:00,True,2019-08-06 15:37:00,Credit Card,2019-08-06 15:27:00,False,,15,6,8,Tuesday,140,30
2019-08-06 20:25:00,Male,23,766,5373,UK,Scotland,Edinburgh,fashion,jeans,40,70,6,Twitter-ads,2019-08-06 20:35:00,True,2019-08-06 20:45:00,Cash On Delivery,2019-08-06 20:37:00,False,,20,6,8,Tuesday,420,30
2019-08-09 23:36:00,Female,25,751,6149,USA,Texas,San Antonio,books,autobiography,20,35,5,Facebook-ads,2019-08-09 23:55:00,True,2019-08-10 00:00:00,Credit Card,2019-08-09 23:57:00,False,,23,9,8,Friday,175,15
2019-08-10 06:36:00,Female,46,688,4552,Canada,Quebec,Laval,toys,plush toy,12,20,3,Billboard-QR code,2019-08-10 06:49:00,True,2019-08-10 07:04:00,Debit Card,2019-08-10 06:52:00,True,Arrived Late,6,10,8,Saturday,60,8
2019-08-11 11:33:00,Male,39,759,4072,UK,Scotland,Aberdeen,books,autobiography,20,35,1,E-mails,2019-08-11 11:53:00,True,2019-08-11 11:59:00,Credit Card,2019-08-11 11:56:00,False,,11,11,8,Sunday,35,15
2019-08-12 08:46:00,Male,59,692,4817,Italy,Lazio,Frosinone,fashion,shoes,60,100,5,E-mails,2019-08-12 09:05:00,False,,,2019-08-12 08:59:00,,,8,12,8,Monday,500,40
2019-08-12 14:52:00,Female,21,634,7892,India,Maharashtra,Nagpur,home appliances,toaster,40,60,4,Twitter-ads,2019-08-12 15:08:00,True,2019-08-12 15:16:00,Cash On Delivery,2019-08-12 15:11:00,False,,14,12,8,Monday,240,20
2019-08-14 20:51:00,Female,50,636,3559,Australia,Victoria,Geelong,toys,plush toy,12,20,2,E-mails,2019-08-14 21:09:00,False,,,2019-08-14 21:10:00,,,20,14,8,Wednesday,40,8
2019-08-14 23:27:00,Male,46,731,7679,Australia,Victoria,Geelong,fashion,t-shirt,15,25,5,E-mails,2019-08-14 23:39:00,False,,,2019-08-14 23:40:00,,,23,14,8,Wednesday,125,10
2019-08-16 14:08:00,Male,20,715,6745,UK,England,Birmingham,home appliances,mixer grinder,60,90,4,E-mails,2019-08-16 14:33:00,True,2019-08-16 14:38:00,Debit Card,2019-08-16 14:38:00,False,,14,16,8,Friday,360,30
2019-08-16 19:55:00,Female,65,715,3820,Spain,Catalonia,Girona,fashion,jeans,40,70,4,Facebook-ads,2019-08-16 20:21:00,True,2019-08-16 20:28:00,Credit Card,2019-08-16 20:24:00,False,,19,16,8,Friday,280,30
2019-08-18 17:00:00,Female,49,699,5063,India,Maharashtra,Pune,home appliances,microwave oven,300,500,3,Instagram-ads,2019-08-18 17:10:00,True,2019-08-18 17:24:00,Debit Card,2019-08-18 17:15:00,False,,17,18,8,Sunday,1500,200
2019-08-20 15:34:00,Male,41,699,3301,India,Maharashtra,Nagpur,home appliances,toaster,40,60,2,Google-ads,2019-08-20 15:53:00,True,2019-08-20 16:04:00,Debit Card,2019-08-20 15:55:00,False,,15,20,8,Tuesday,120,20
2019-08-22 16:29:00,Female,38,607,7052,Canada,Ontario,Mississauga,fashion,t-shirt,15,25,2,E-mails,2019-08-22 16:35:00,True,2019-08-22 16:42:00,Cash On Delivery,2019-08-22 16:37:00,False,,16,22,8,Thursday,50,10
2019-08-24 10:21:00,Female,66,685,6390,Japan,Kanagawa,Kawasaki,home appliances,microwave oven,300,500,2,Google-ads,2019-08-24 10:51:00,True,2019-08-24 10:58:00,Debit Card,2019-08-24 10:55:00,False,,10,24,8,Saturday,1000,200
2019-08-24 14:11:00,Female,52,757,3189,China,Guangdong,Shenzhen,electronics,television,1000,1500,4,Facebook-ads,2019-08-24 14:20:00,True,2019-08-24 14:31:00,Credit Card,2019-08-24 14:23:00,False,,14,24,8,Saturday,6000,500
2019-08-26 09:10:00,Female,43,738,7723,Italy,Lombardy,Bergamo,toys,plush toy,12,20,3,Instagram-ads,2019-08-26 09:25:00,True,2019-08-26 09:37:00,Credit Card,2019-08-26 09:30:00,False,,9,26,8,Monday,60,8
2019-08-26 18:16:00,Female,61,735,6624,USA,California,San Diego,books,magazine,5,8,4,Facebook-ads,2019-08-26 18:32:00,True,2019-08-26 18:43:00,Cash On Delivery,2019-08-26 18:35:00,False,,18,26,8,Monday,32,3
2019-08-28 22:39:00,Female,46,762,6507,Australia,Victoria,Geelong,toys,puzzle,15,25,4,Twitter-ads,2019-08-28 22:47:00,False,,,2019-08-28 22:51:00,,,22,28,8,Wednesday,100,10
2019-08-29 01:55:00,Female,23,716,7949,Spain,Andalusia,Seville,books,autobiography,20,35,4,E-mails,2019-08-29 02:09:00,True,2019-08-29 02:22:00,Credit Card,2019-08-29 02:12:00,False,,1,29,8,Thursday,140,15
2019-08-30 02:23:00,Female,69,698,7020,UK,England,Birmingham,home appliances,mixer grinder,60,90,4,Billboard-QR code,2019-08-30 02:46:00,True,2019-08-30 02:53:00,Credit Card,2019-08-30 02:48:00,True,Arrived Late,2,30,8,Friday,360,30
2019-08-30 05:28:00,Female,43,667,6363,Australia,New South Wales,Wollongong,home appliances,microwave oven,300,500,6,Twitter-ads,2019-08-30 05:55:00,True,2019-08-30 06:01:00,Credit Card,2019-08-30 05:57:00,False,,5,30,8,Friday,3000,200
2019-08-31 10:47:00,Female,55,642,6044,Italy,Lombardy,Milan,electronics,hair dryer,25,40,3,Twitter-ads,2019-08-31 11:08:00,True,2019-08-31 11:20:00,Paypal,2019-08-31 11:13:00,True,Wrong Item,10,31,8,Saturday,120,15
2019-09-01 09:10:00,Male,20,755,4777,Canada,Ontario,Mississauga,electronics,laptop,800,1200,6,Instagram-ads,2019-09-01 09:27:00,True,2019-09-01 09:42:00,Cash On Delivery,2019-09-01 09:29:00,False,,9,1,9,Sunday,7200,400
2019-09-01 10:59:00,Female,33,712,7230,Spain,Andalusia,Malaga,home appliances,electric stove,250,400,4,Billboard-QR code,2019-09-01 11:27:00,False,,,2019-09-01 11:19:00,,,10,1,9,Sunday,1600,150
2019-09-01 19:46:00,Female,60,696,3053,Italy,Lazio,Frosinone,books,magazine,5,8,1,E-mails,2019-09-01 20:04:00,True,2019-09-01 20:13:00,Credit Card,2019-09-01 20:08:00,True,Arrived Damaged,19,1,9,Sunday,8,3
2019-09-02 08:10:00,Male,66,707,6741,Canada,Quebec,Quebec City,fashion,dress,50,80,4,Twitter-ads,2019-09-02 08:32:00,True,2019-09-02 08:39:00,Credit Card,2019-09-02 08:37:00,False,,8,2,9,Monday,320,30
2019-09-05 04:03:00,Female,66,742,4310,Spain,Andalusia,Seville,home appliances,microwave oven,300,500,4,Twitter-ads,2019-09-05 04:23:00,True,2019-09-05 04:34:00,Debit Card,2019-09-05 04:28:00,True,Arrived Late,4,5,9,Thursday,2000,200
2019-09-06 22:23:00,Male,61,751,7194,UK,England,Birmingham,toys,puzzle,15,25,6,Instagram-ads,2019-09-06 22:52:00,True,2019-09-06 23:00:00,Debit Card,2019-09-06 22:56:00,False,,22,6,9,Friday,150,10
2019-09-07 13:55:00,Male,44,608,3897,Canada,Quebec,Laval,home appliances,electric stove,250,400,6,Billboard-QR code,2019-09-07 14:17:00,True,2019-09-07 14:24:00,Cash On Delivery,2019-09-07 14:21:00,False,,13,7,9,Saturday,2400,150
2019-09-07 14:23:00,Male,35,610,6169,Italy,Lazio,Latina,electronics,laptop,800,1200,2,Twitter-ads,2019-09-07 14:31:00,False,,,2019-09-07 14:33:00,,,14,7,9,Saturday,2400,400
2019-09-08 02:57:00,Female,62,619,3363,Spain,Andalusia,Granada,electronics,table fan,30,50,3,Google-ads,2019-09-08 03:15:00,True,2019-09-08 03:28:00,Debit Card,2019-09-08 03:18:00,False,,2,8,9,Sunday,150,20
2019-09-09 23:04:00,Female,53,630,4914,Japan,Kanagawa,Kawasaki,home appliances,microwave oven,300,500,1,Billboard-QR code,2019-09-09 23:24:00,True,2019-09-09 23:35:00,Paypal,2019-09-09 23:28:00,False,,23,9,9,Monday,500,200
2019-09-10 10:16:00,Female,27,755,6736,UK,Scotland,Glasgow,fashion,shoes,60,100,3,Facebook-ads,2019-09-10 10:46:00,True,2019-09-10 10:59:00,Credit Card,2019-09-10 10:49:00,True,Wrong Item,10,10,9,Tuesday,300,40
2019-09-10 22:15:00,Male,27,662,7215,India,Maharashtra,Mumbai,home appliances,microwave oven,300,500,2,Twitter-ads,2019-09-10 22:21:00,True,2019-09-10 22:28:00,Credit Card,2019-09-10 22:23:00,False,,22,10,9,Tuesday,1000,200
2019-09-11 03:50:00,Female,24,711,4246,Spain,Andalusia,Seville,fashion,shoes,60,100,1,Instagram-ads,2019-09-11 03:55:00,True,2019-09-11 04:01:00,Paypal,2019-09-11 03:58:00,False,,3,11,9,Wednesday,100,40
2019-09-12 03:52:00,Male,46,775,5439,China,Guangdong,Guangzhou,home appliances,toaster,40,60,1,Google-ads,2019-09-12 04:20:00,False,,,2019-09-12 04:10:00,,,3,12,9,Thursday,60,20
2019-09-12 18:07:00,Male,47,726,5998,Australia,New South Wales,Newcastle,home appliances,microwave oven,300,500,6,Billboard-QR code,2019-09-12 18:30:00,True,2019-09-12 18:39:00,Debit Card,2019-09-12 18:32:00,False,,18,12,9,Thursday,3000,200
2019-09-13 20:20:00,Female,57,632,5969,Italy,Lazio,Latina,home appliances,toaster,40,60,3,Facebook-ads,2019-09-13 20:41:00,True,2019-09-13 20:50:00,Debit Card,2019-09-13 20:43:00,False,,20,13,9,Friday,180,20
2019-09-16 11:34:00,Female,41,640,4379,China,Shandong,Jinan,electronics,television,1000,1500,1,Billboard-QR code,2019-09-16 11:57:00,True,2019-09-16 12:08:00,Paypal,2019-09-16 12:01:00,False,,11,16,9,Monday,1500,500
2019-09-17 15:38:00,Female,57,739,6939,Australia,Victoria,Geelong,books,autobiography,20,35,4,Google-ads,2019-09-17 15:56:00,True,2019-09-17 16:01:00,Cash On Delivery,2019-09-17 16:00:00,False,,15,17,9,Tuesday,140,15
2019-09-17 22:42:00,Male,37,693,4785,Australia,New South Wales,Newcastle,books,autobiography,20,35,2,Twitter-ads,2019-09-17 23:00:00,True,2019-09-17 23:12:00,Debit Card,2019-09-17 23:05:00,False,,22,17,9,Tuesday,70,15
2019-09-18 16:47:00,Male,23,654,6761,Canada,Quebec,Quebec City,toys,plush toy,12,20,3,Instagram-ads,2019-09-18 17:09:00,True,2019-09-18 17:16:00,Cash On Delivery,2019-09-18 17:11:00,True,Wrong Item,16,18,9,Wednesday,60,8
2019-09-19 13:47:00,Female,69,612,7061,China,Guangdong,Shenzhen,electronics,table fan,30,50,3,Facebook-ads,2019-09-19 14:05:00,False,,,2019-09-19 14:17:00,,,13,19,9,Thursday,150,20
2019-09-20 22:51:00,Male,64,655,4416,Japan,Tokyo,Tokyo,books,magazine,5,8,6,Billboard-QR code,2019-09-20 23:09:00,True,2019-09-20 23:19:00,Credit Card,2019-09-20 23:13:00,False,,22,20,9,Friday,48,3
2019-09-21 15:51:00,Female,46,705,6959,India,Uttar Pradesh,Kanpur,toys,board game,20,35,1,Instagram-ads,2019-09-21 15:57:00,False,,,2019-09-21 16:11:00,,,15,21,9,Saturday,35,15
2019-09-21 18:23:00,Male,27,606,4582,Canada,Ontario,Ottawa,books,novel,10,18,2,Google-ads,2019-09-21 18:52:00,True,2019-09-21 19:04:00,Debit Card,2019-09-21 18:57:00,True,Poor Quality,18,21,9,Saturday,36,8
2019-09-24 02:09:00,Female,53,655,5238,Italy,Lombardy,Bergamo,books,magazine,5,8,3,Facebook-ads,2019-09-24 02:16:00,True,2019-09-24 02:29:00,Paypal,2019-09-24 02:19:00,False,,2,24,9,Tuesday,24,3
2019-09-26 01:05:00,Female,29,720,7476,China,Guangdong,Dongguan,home appliances,mixer grinder,60,90,6,Twitter-ads,2019-09-26 01:29:00,True,2019-09-26 01:37:00,Debit Card,2019-09-26 01:34:00,True,Poor Quality,1,26,9,Thursday,540,30
2019-09-26 04:55:00,Female,27,655,4736,Japan,Kanagawa,Yokohama,books,autobiography,20,35,3,Instagram-ads,2019-09-26 05:24:00,True,2019-09-26 05:32:00,Cash On Delivery,2019-09-26 05:26:00,False,,4,26,9,Thursday,105,15
2019-09-29 04:33:00,Female,67,710,6854,Japan,Kanagawa,Kawasaki,toys,puzzle,15,25,3,Facebook-ads,2019-09-29 04:51:00,True,2019-09-29 05:01:00,Paypal,2019-09-29 04:56:00,False,,4,29,9,Sunday,75,10
2019-10-01 13:00:00,Female,18,751,6165,Italy,Lazio,Frosinone,home appliances,mixer grinder,60,90,5,E-mails,2019-10-01 13:07:00,True,2019-10-01 13:22:00,Credit Card,2019-10-01 13:10:00,False,,13,1,10,Tuesday,450,30
2019-10-02 05:40:00,Male,24,687,7418,Japan,Tokyo,Tokyo,books,autobiography,20,35,1,Google-ads,2019-10-02 05:49:00,False,,,2019-10-02 05:58:00,,,5,2,10,Wednesday,35,15
2019-10-02 23:39:00,Female,55,612,3074,India,Uttar Pradesh,Lucknow,electronics,hair dryer,25,40,6,Google-ads,2019-10-02 23:58:00,True,2019-10-03 00:12:00,Debit Card,2019-10-03 00:03:00,False,,23,2,10,Wednesday,240,15
2019-10-03 20:28:00,Male,68,689,3551,Canada,Ontario,Mississauga,electronics,hair dryer,25,40,2,E-mails,2019-10-03 20:38:00,True,2019-10-03 20:48:00,Credit Card,2019-10-03 20:41:00,False,,20,3,10,Thursday,80,15
2019-10-04 08:29:00,Female,19,696,3913,Australia,New South Wales,Wollongong,home appliances,microwave oven,300,500,6,Facebook-ads,2019-10-04 08:42:00,True,2019-10-04 08:54:00,Credit Card,2019-10-04 08:45:00,False,,8,4,10,Friday,3000,200
2019-10-05 15:01:00,Male,66,727,7823,China,Guangdong,Shenzhen,electronics,hair dryer,25,40,1,Twitter-ads,2019-10-05 15:11:00,True,2019-10-05 15:26:00,Cash On Delivery,2019-10-05 15:16:00,False,,15,5,10,Saturday,40,15
2019-10-05 17:35:00,Male,65,738,4740,Canada,Ontario,Ottawa,toys,board game,20,35,1,Twitter-ads,2019-10-05 17:46:00,True,2019-10-05 17:51:00,Paypal,2019-10-05 17:48:00,False,,17,5,10,Saturday,35,15
2019-10-09 10:17:00,Male,58,657,6808,Canada,Quebec,Quebec City,books,autobiography,20,35,2,Twitter-ads,2019-10-09 10:37:00,False,,,2019-10-09 10:28:00,,,10,9,10,Wednesday,70,15
2019-10-11 21:51:00,Female,47,720,7789,Australia,New South Wales,Sydney,toys,board game,20,35,4,Twitter-ads,2019-10-11 22:02:00,True,2019-10-11 22:12:00,Debit Card,2019-10-11 22:05:00,True,Wrong Item,21,11,10,Friday,140,15
2019-10-12 11:50:00,Female,27,677,6300,Canada,Quebec,Laval,books,textbook,30,50,6,Billboard-QR code,2019-10-12 12:04:00,True,2019-10-12 12:11:00,Debit Card,2019-10-12 12:09:00,True,Wrong Item,11,12,10,Saturday,300,20
2019-10-14 22:50:00,Male,47,603,6578,Japan,Tokyo,Kawasaki,books,magazine,5,8,2,E-mails,2019-10-14 23:12:00,True,2019-10-14 23:23:00,Debit Card,2019-10-14 23:16:00,False,,22,14,10,Monday,16,3
2019-10-14 23:33:00,Male,56,744,5332,Australia,New South Wales,Newcastle,toys,puzzle,15,25,5,Twitter-ads,2019-10-14 23:39:00,False,,,2019-10-14 23:41:00,,,23,14,10,Monday,125,10
2019-10-15 10:15:00,Female,50,624,6422,China,Guangdong,Dongguan,home appliances,microwave oven,300,500,1,Google-ads,2019-10-15 10:41:00,True,2019-10-15 10:56:00,Credit Card,2019-10-15 10:43:00,False,,10,15,10,Tuesday,500,200
2019-10-16 01:48:00,Female,49,612,7725,Canada,Quebec,Montreal,home appliances,toaster,40,60,1,Billboard-QR code,2019-10-16 01:59:00,True,2019-10-16 02:08:00,Debit Card,2019-10-16 02:03:00,False,,1,16,10,Wednesday,60,20
2019-10-16 13:22:00,Male,31,608,5451,Australia,New South Wales,Sydney,toys,puzzle,15,25,1,Facebook-ads,2019-10-16 13:28:00,True,2019-10-16 13:36:00,Debit Card,2019-10-16 13:33:00,False,,13,16,10,Wednesday,25,10
2019-10-19 03:18:00,Female,35,627,7763,India,Uttar Pradesh,Ghaziabad,toys,puzzle,15,25,6,Twitter-ads,2019-10-19 03:30:00,True,2019-10-19 03:36:00,Credit Card,2019-10-19 03:33:00,False,,3,19,10,Saturday,150,10
2019-10-19 21:56:00,Male,43,715,4222,USA,California,Los Angeles,fashion,t-shirt,15,25,5,Google-ads,2019-10-19 22:07:00,True,2019-10-19 22:17:00,Cash On Delivery,2019-10-19 22:12:00,False,,21,19,10,Saturday,125,10
2019-10-21 23:52:00,Female,58,707,4422,UK,England,Manchester,books,magazine,5,8,1,Facebook-ads,2019-10-22 00:04:00,True,2019-10-22 00:12:00,Debit Card,2019-10-22 00:08:00,False,,23,21,10,Monday,8,3
2019-10-23 00:29:00,Male,25,608,7887,Australia,New South Wales,Newcastle,home appliances,electric stove,250,400,4,Google-ads,2019-10-23 00:53:00,True,2019-10-23 00:58:00,Credit Card,2019-10-23 00:56:00,False,,0,23,10,Wednesday,1600,150
2019-10-24 08:42:00,Female,64,657,3462,Japan,Kanagawa,Kawasaki,books,magazine,5,8,6,Billboard-QR code,2019-10-24 08:57:00,True,2019-10-24 09:11:00,Debit Card,2019-10-24 09:02:00,False,,8,24,10,Thursday,48,3
2019-10-25 06:12:00,Male,48,608,6204,UK,England,Birmingham,books,textbook,30,50,1,Billboard-QR code,2019-10-25 06:23:00,True,2019-10-25 06:29:00,Debit Card,2019-10-25 06:26:00,False,,6,25,10,Friday,50,20
2019-10-26 13:32:00,Male,33,764,7391,Canada,Quebec,Quebec City,electronics,television,1000,1500,6,Billboard-QR code,2019-10-26 13:38:00,False,,,2019-10-26 13:43:00,,,13,26,10,Saturday,9000,500
2019-10-28 07:53:00,Male,26,703,4919,Japan,Kanagawa,Sagamihara,fashion,t-shirt,15,25,3,Google-ads,2019-10-28 08:05:00,True,2019-10-28 08:14:00,Cash On Delivery,2019-10-28 08:10:00,False,,7,28,10,Monday,75,10
2019-10-29 06:00:00,Female,18,774,3185,Australia,New South Wales,Sydney,books,autobiography,20,35,3,E-mails,2019-10-29 06:07:00,True,2019-10-29 06:19:00,Credit Card,2019-10-29 06:10:00,False,,6,29,10,Tuesday,105,15
2019-10-29 16:09:00,Female,22,626,5429,India,Uttar Pradesh,Kanpur,fashion,dress,50,80,3,Google-ads,2019-10-29 16:35:00,True,2019-10-29 16:41:00,Debit Card,2019-10-29 16:37:00,True,Arrived Late,16,29,10,Tuesday,240,30
2019-10-29 19:54:00,Female,59,764,5906,Australia,Victoria,Melbourne,toys,plush toy,12,20,4,Instagram-ads,2019-10-29 20:08:00,True,2019-10-29 20:16:00,Debit Card,2019-10-29 20:11:00,False,,19,29,10,Tuesday,80,8
2019-10-30 15:09:00,Female,28,614,4826,Canada,Quebec,Quebec City,home appliances,electric stove,250,400,5,Instagram-ads,2019-10-30 15:37:00,True,2019-10-30 15:49:00,Debit Card,2019-10-30 15:42:00,True,Arrived Damaged,15,30,10,Wednesday,2000,150
2019-11-01 13:34:00,Female,44,759,7166,Spain,Andalusia,Seville,fashion,dress,50,80,3,Google-ads,2019-11-01 14:04:00,True,2019-11-01 14:12:00,Credit Card,2019-11-01 14:06:00,False,,13,1,11,Friday,240,30
2019-11-03 05:52:00,Male,56,635,5813,India,Maharashtra,Nagpur,books,autobiography,20,35,4,Instagram-ads,2019-11-03 06:08:00,True,2019-11-03 06:16:00,Credit Card,2019-11-03 06:11:00,False,,5,3,11,Sunday,140,15
2019-11-03 06:19:00,Female,70,604,3585,UK,England,Manchester,fashion,shoes,60,100,2,Billboard-QR code,2019-11-03 06:32:00,False,,,2019-11-03 06:28:00,,,6,3,11,Sunday,200,40
2019-11-04 16:19:00,Male,43,731,7302,Canada,Ontario,Ottawa,fashion,shoes,60,100,1,Instagram-ads,2019-11-04 16:25:00,False,,,2019-11-04 16:59:00,,,16,4,11,Monday,100,40
2019-11-05 07:30:00,Female,24,774,5124,India,Maharashtra,Pune,toys,board game,20,35,2,Twitter-ads,2019-11-05 07:51:00,True,2019-11-05 08:01:00,Credit Card,2019-11-05 07:53:00,False,,7,5,11,Tuesday,70,15
2019-11-08 13:13:00,Female,56,702,7778,USA,California,San Diego,books,novel,10,18,3,Facebook-ads,2019-11-08 13:35:00,True,2019-11-08 13:47:00,Cash On Delivery,2019-11-08 13:40:00,True,Wrong Item,13,8,11,Friday,54,8
2019-11-09 02:10:00,Male,46,767,4721,Spain,Catalonia,Girona,toys,action figure,8,15,5,E-mails,2019-11-09 02:28:00,True,2019-11-09 02:33:00,Debit Card,2019-11-09 02:31:00,False,,2,9,11,Saturday,75,7
2019-11-09 04:31:00,Male,44,732,6838,Italy,Lombardy,Milan,fashion,dress,50,80,4,Facebook-ads,2019-11-09 04:59:00,False,,,2019-11-09 04:41:00,,,4,9,11,Saturday,320,30
2019-11-10 21:22:00,Female,19,697,4604,Canada,Ontario,Toronto,fashion,t-shirt,15,25,6,Twitter-ads,2019-11-10 21:41:00,True,2019-11-10 21:49:00,Debit Card,2019-11-10 21:45:00,False,,21,10,11,Sunday,150,10
2019-11-12 06:16:00,Male,62,624,6024,Australia,New South Wales,Sydney,fashion,t-shirt,15,25,5,Twitter-ads,2019-11-12 06:27:00,False,,,2019-11-12 06:45:00,,,6,12,11,Tuesday,125,10
2019-11-13 16:05:00,Male,34,723,3989,Spain,Catalonia,Barcelona,books,magazine,5,8,6,Instagram-ads,2019-11-13 16:13:00,True,2019-11-13 16:27:00,Credit Card,2019-11-13 16:15:00,False,,16,13,11,Wednesday,48,3
2019-11-14 08:59:00,Female,21,697,5127,Italy,Lazio,Frosinone,fashion,jeans,40,70,5,Twitter-ads,2019-11-14 09:14:00,True,2019-11-14 09:29:00,Paypal,2019-11-14 09:19:00,False,,8,14,11,Thursday,350,30
2019-11-14 14:43:00,Female,54,700,3389,China,Shandong,Yantai,home appliances,toaster,40,60,3,Billboard-QR code,2019-11-14 15:03:00,True,2019-11-14 15:18:00,Cash On Delivery,2019-11-14 15:05:00,False,,14,14,11,Thursday,180,20
2019-11-15 04:40:00,Male,32,751,4897,Canada,Quebec,Laval,toys,board game,20,35,1,Twitter-ads,2019-11-15 04:52:00,True,2019-11-15 04:57:00,Credit Card,2019-11-15 04:55:00,False,,4,15,11,Friday,35,15
2019-11-15 13:31:00,Male,62,643,5348,Spain,Andalusia,Malaga,toys,action figure,8,15,2,Twitter-ads,2019-11-15 14:01:00,False,,,2019-11-15 13:42:00,,,13,15,11,Friday,30,7
2019-11-15 17:28:00,Female,30,677,7599,Spain,Catalonia,Girona,books,autobiography,20,35,6,E-mails,2019-11-15 17:36:00,True,2019-11-15 17:49:00,Debit Card,2019-11-15 17:41:00,False,,17,15,11,Friday,210,15
2019-11-15 21:45:00,Female,59,610,6340,Italy,Lazio,Latina,fashion,jeans,40,70,3,Twitter-ads,2019-11-15 22:14:00,True,2019-11-15 22:22:00,Debit Card,2019-11-15 22:16:00,False,,21,15,11,Friday,210,30
2019-11-17 20:43:00,Female,22,673,7643,Canada,Ontario,Ottawa,books,magazine,5,8,1,Instagram-ads,2019-11-17 21:06:00,True,2019-11-17 21:13:00,Debit Card,2019-11-17 21:09:00,False,,20,17,11,Sunday,8,3
2019-11-18 20:27:00,Female,55,772,4387,USA,California,San Diego,toys,board game,20,35,3,Facebook-ads,2019-11-18 20:42:00,True,2019-11-18 20:56:00,Credit Card,2019-11-18 20:46:00,False,,20,18,11,Monday,105,15
2019-11-19 17:37:00,Female,36,700,4538,UK,England,Manchester,books,autobiography,20,35,4,E-mails,2019-11-19 17:50:00,False,,,2019-11-19 18:13:00,,,17,19,11,Tuesday,140,15
2019-11-20 03:12:00,Female,23,600,3272,China,Guangdong,Dongguan,home appliances,mixer grinder,60,90,6,Twitter-ads,2019-11-20 03:33:00,True,2019-11-20 03:42:00,Debit Card,2019-11-20 03:36:00,True,Poor Value,3,20,11,Wednesday,540,30
2019-11-21 12:12:00,Female,66,637,5126,UK,England,Birmingham,fashion,dress,50,80,5,E-mails,2019-11-21 12:28:00,True,2019-11-21 12:42:00,Debit Card,2019-11-21 12:33:00,True,Poor Value,12,21,11,Thursday,400,30
2019-11-21 18:17:00,Male,64,640,7217,Italy,Lombardy,Milan,fashion,jeans,40,70,6,Twitter-ads,2019-11-21 18:39:00,True,2019-11-21 18:46:00,Credit Card,2019-11-21 18:44:00,False,,18,21,11,Thursday,420,30
2019-11-22 16:32:00,Female,63,705,6055,Australia,Victoria,Melbourne,fashion,shoes,60,100,4,Billboard-QR code,2019-11-22 17:00:00,True,2019-11-22 17:14:00,Credit Card,2019-11-22 17:03:00,False,,16,22,11,Friday,400,40
2019-11-24 19:55:00,Male,66,712,3279,India,Maharashtra,Nagpur,home appliances,microwave oven,300,500,1,Billboard-QR code,2019-11-24 20:24:00,False,,,2019-11-24 20:33:00,,,19,24,11,Sunday,500,200
2019-11-24 21:42:00,Male,60,661,6237,Canada,Quebec,Quebec City,fashion,shoes,60,100,1,Facebook-ads,2019-11-24 22:04:00,True,2019-11-24 22:16:00,Credit Card,2019-11-24 22:07:00,False,,21,24,11,Sunday,100,40
2019-11-26 01:21:00,Male,43,694,4749,Japan,Kanagawa,Kawasaki,toys,plush toy,12,20,3,Google-ads,2019-11-26 01:36:00,True,2019-11-26 01:47:00,Credit Card,2019-11-26 01:39:00,False,,1,26,11,Tuesday,60,8
2019-11-26 22:26:00,Female,62,649,6183,Italy,Lazio,Latina,electronics,television,1000,1500,4,Google-ads,2019-11-26 22:55:00,True,2019-11-26 23:03:00,Credit Card,2019-11-26 22:59:00,True,Wrong Item,22,26,11,Tuesday,6000,500
2019-11-27 05:52:00,Female,19,725,3825,Japan,Kanagawa,Sagamihara,electronics,laptop,800,1200,1,Instagram-ads,2019-11-27 06:21:00,True,2019-11-27 06:30:00,Credit Card,2019-11-27 06:25:00,False,,5,27,11,Wednesday,1200,400
2019-11-27 11:55:00,Male,60,690,3972,UK,Scotland,Aberdeen,electronics,table fan,30,50,5,Google-ads,2019-11-27 12:06:00,True,2019-11-27 12:12:00,Credit Card,2019-11-27 12:08:00,True,Arrived Damaged,11,27,11,Wednesday,250,20
2019-11-27 15:46:00,Female,30,692,3329,Australia,New South Wales,Sydney,home appliances,mixer grinder,60,90,5,Facebook-ads,2019-11-27 15:54:00,True,2019-11-27 16:06:00,Cash On Delivery,2019-11-27 15:57:00,False,,15,27,11,Wednesday,450,30
2019-11-28 11:01:00,Male,18,705,5211,Spain,Andalusia,Malaga,books,textbook,30,50,6,Facebook-ads,2019-11-28 11:14:00,True,2019-11-28 11:21:00,Debit Card,2019-11-28 11:18:00,False,,11,28,11,Thursday,300,20
2019-12-01 05:36:00,Male,43,622,4981,Canada,Ontario,Mississauga,toys,puzzle,15,25,1,E-mails,2019-12-01 05:48:00,True,2019-12-01 05:57:00,Cash On Delivery,2019-12-01 05:50:00,False,,5,1,12,Sunday,25,10
2019-12-01 08:40:00,Female,21,662,4426,UK,England,London,fashion,jeans,40,70,1,Google-ads,2019-12-01 09:05:00,True,2019-12-01 09:11:00,Credit Card,2019-12-01 09:07:00,False,,8,1,12,Sunday,70,30
2019-12-04 03:51:00,Male,44,629,3990,India,Maharashtra,Mumbai,toys,board game,20,35,4,Facebook-ads,2019-12-04 04:09:00,True,2019-12-04 04:19:00,Debit Card,2019-12-04 04:11:00,False,,3,4,12,Wednesday,140,15
2019-12-04 10:00:00,Male,22,627,7692,USA,California,San Jose,home appliances,toaster,40,60,5,Google-ads,2019-12-04 10:24:00,True,2019-12-04 10:29:00,Debit Card,2019-12-04 10:29:00,False,,10,4,12,Wednesday,300,20
2019-12-04 17:09:00,Male,39,701,5683,Japan,Tokyo,Tokyo,toys,action figure,8,15,5,Facebook-ads,2019-12-04 17:28:00,False,,,2019-12-04 17:14:00,,,17,4,12,Wednesday,75,7
2019-12-05 02:05:00,Male,69,620,4105,Japan,Kanagawa,Yokohama,home appliances,toaster,40,60,2,Google-ads,2019-12-05 02:14:00,True,2019-12-05 02:23:00,Paypal,2019-12-05 02:19:00,False,,2,5,12,Thursday,120,20
2019-12-05 10:12:00,Male,59,672,7944,Italy,Lombardy,Milan,books,autobiography,20,35,5,Google-ads,2019-12-05 10:41:00,True,2019-12-05 10:47:00,Cash On Delivery,2019-12-05 10:44:00,False,,10,5,12,Thursday,175,15
2019-12-05 12:57:00,Female,49,600,4589,China,Guangdong,Guangzhou,fashion,shoes,60,100,4,E-mails,2019-12-05 13:02:00,True,2019-12-05 13:14:00,Debit Card,2019-12-05 13:07:00,True,Poor Value,12,5,12,Thursday,400,40
2019-12-05 16:16:00,Male,21,668,6666,Spain,Andalusia,Malaga,electronics,laptop,800,1200,1,Twitter-ads,2019-12-05 16:32:00,True,2019-12-05 16:42:00,Debit Card,2019-12-05 16:34:00,False,,16,5,12,Thursday,1200,400
2019-12-06 20:26:00,Female,66,694,6589,USA,Texas,Dallas,toys,action figure,8,15,6,Facebook-ads,2019-12-06 20:32:00,True,2019-12-06 20:44:00,Cash On Delivery,2019-12-06 20:36:00,False,,20,6,12,Friday,90,7
2019-12-10 15:35:00,Male,69,717,5644,USA,Texas,San Antonio,toys,board game,20,35,4,Billboard-QR code,2019-12-10 15:56:00,True,2019-12-10 16:10:00,Credit Card,2019-12-10 16:01:00,False,,15,10,12,Tuesday,140,15
2019-12-10 16:45:00,Female,24,659,6718,Canada,Quebec,Montreal,books,magazine,5,8,4,E-mails,2019-12-10 16:54:00,True,2019-12-10 16:59:00,Debit Card,2019-12-10 16:56:00,False,,16,10,12,Tuesday,32,3
2019-12-11 01:00:00,Female,23,604,4169,Italy,Lazio,Rome,books,novel,10,18,1,Instagram-ads,2019-12-11 01:26:00,True,2019-12-11 01:35:00,Cash On Delivery,2019-12-11 01:29:00,False,,1,11,12,Wednesday,18,8
2019-12-11 17:43:00,Male,69,740,7213,Australia,Victoria,Melbourne,fashion,shoes,60,100,2,Instagram-ads,2019-12-11 17:52:00,False,,,2019-12-11 18:09:00,,,17,11,12,Wednesday,200,40
2019-12-11 20:41:00,Male,35,714,5146,Canada,Quebec,Quebec City,electronics,laptop,800,1200,6,Billboard-QR code,2019-12-11 21:04:00,True,2019-12-11 21:16:00,Debit Card,2019-12-11 21:08:00,False,,20,11,12,Wednesday,7200,400
2019-12-13 14:59:00,Female,45,656,7408,Canada,Ontario,Ottawa,home appliances,electric stove,250,400,3,Facebook-ads,2019-12-13 15:23:00,True,2019-12-13 15:31:00,Credit Card,2019-12-13 15:26:00,False,,14,13,12,Friday,1200,150
2019-12-13 21:39:00,Female,55,752,6916,Spain,Andalusia,Seville,toys,board game,20,35,3,Google-ads,2019-12-13 21:52:00,True,2019-12-13 22:00:00,Cash On Delivery,2019-12-13 21:56:00,False,,21,13,12,Friday,105,15
2019-12-15 04:25:00,Female,49,648,5854,Italy,Lombardy,Bergamo,home appliances,electric stove,250,400,4,Twitter-ads,2019-12-15 04:48:00,True,2019-12-15 04:54:00,Credit Card,2019-12-15 04:51:00,False,,4,15,12,Sunday,1600,150
2019-12-15 13:44:00,Male,67,760,4930,Australia,Victoria,Geelong,books,novel,10,18,3,Billboard-QR code,2019-12-15 13:50:00,False,,,2019-12-15 14:05:00,,,13,15,12,Sunday,54,8
2019-12-15 20:09:00,Female,37,624,6521,India,Maharashtra,Mumbai,fashion,shoes,60,100,6,Google-ads,2019-12-15 20:37:00,True,2019-12-15 20:50:00,Cash On Delivery,2019-12-15 20:39:00,False,,20,15,12,Sunday,600,40
2019-12-16 03:04:00,Male,21,645,6746,Canada,Ontario,Toronto,home appliances,toaster,40,60,6,Billboard-QR code,2019-12-16 03:12:00,False,,,2019-12-16 03:13:00,,,3,16,12,Monday,360,20
2019-12-17 05:47:00,Female,59,644,3332,China,Guangdong,Guangzhou,electronics,table fan,30,50,3,Instagram-ads,2019-12-17 06:06:00,False,,,2019-12-17 05:51:00,,,5,17,12,Tuesday,150,20
2019-12-17 21:54:00,Female,45,711,4678,Spain,Catalonia,Barcelona,home appliances,toaster,40,60,6,E-mails,2019-12-17 22:21:00,True,2019-12-17 22:29:00,Debit Card,2019-12-17 22:23:00,False,,21,17,12,Tuesday,360,20
2019-12-18 15:55:00,Female,42,688,4365,Canada,Quebec,Montreal,toys,plush toy,12,20,3,Billboard-QR code,2019-12-18 16:11:00,True,2019-12-18 16:21:00,Cash On Delivery,2019-12-18 16:16:00,False,,15,18,12,Wednesday,60,8
2019-12-19 03:53:00,Female,45,648,6160,USA,California,San Diego,books,novel,10,18,5,Google-ads,2019-12-19 04:04:00,False,,,2019-12-19 04:01:00,,,3,19,12,Thursday,90,8
2019-12-20 01:33:00,Female,46,643,3074,India,Maharashtra,Mumbai,toys,plush toy,12,20,2,Facebook-ads,2019-12-20 01:47:00,True,2019-12-20 01:56:00,Debit Card,2019-12-20 01:52:00,False,,1,20,12,Friday,40,8
2019-12-20 05:07:00,Male,52,751,6430,Australia,Victoria,Geelong,home appliances,toaster,40,60,6,Facebook-ads,2019-12-20 05:14:00,False,,,2019-12-20 05:23:00,,,5,20,12,Friday,360,20
2019-12-20 18:13:00,Female,60,685,6092,Italy,Lombardy,Milan,fashion,dress,50,80,6,Google-ads,2019-12-20 18:25:00,True,2019-12-20 18:36:00,Credit Card,2019-12-20 18:28:00,True,Wrong Item,18,20,12,Friday,480,30
2019-12-20 18:48:00,Female,53,702,4909,USA,Texas,Houston,books,novel,10,18,6,Billboard-QR code,2019-12-20 18:57:00,True,2019-12-20 19:05:00,Credit Card,2019-12-20 19:00:00,False,,18,20,12,Friday,108,8
2019-12-25 15:32:00,Female,49,639,7072,Australia,New South Wales,Sydney,home appliances,microwave oven,300,500,2,Google-ads,2019-12-25 15:51:00,True,2019-12-25 16:04:00,Credit Card,2019-12-25 15:55:00,False,,15,25,12,Wednesday,1000,200
2019-12-26 02:25:00,Female,22,658,3642,Spain,Andalusia,Malaga,home appliances,toaster,40,60,6,Facebook-ads,2019-12-26 02:30:00,True,2019-12-26 02:40:00,Debit Card,2019-12-26 02:32:00,False,,2,26,12,Thursday,360,20
2019-12-26 21:37:00,Male,37,633,6144,Italy,Lombardy,Bergamo,toys,plush toy,12,20,6,Google-ads,2019-12-26 21:49:00,True,2019-12-26 21:56:00,Debit Card,2019-12-26 21:54:00,False,,21,26,12,Thursday,120,8
2019-12-27 04:50:00,Female,42,603,7633,Japan,Kanagawa,Yokohama,toys,board game,20,35,1,Facebook-ads,2019-12-27 04:57:00,True,2019-12-27 05:07:00,Credit Card,2019-12-27 05:01:00,False,,4,27,12,Friday,35,15
2019-12-31 19:41:00,Female,39,620,5930,UK,England,Manchester,electronics,laptop,800,1200,2,E-mails,2019-12-31 20:04:00,True,2019-12-31 20:16:00,Credit Card,2019-12-31 20:08:00,False,,19,31,12,Tuesday,2400,400
2019-12-31 20:36:00,Female,39,704,7465,UK,England,Manchester,home appliances,electric stove,250,400,4,E-mails,2019-12-31 21:06:00,True,2019-12-31 21:15:00,Credit Card,2019-12-31 21:11:00,False,,20,31,12,Tuesday,1600,150
2020-01-03 00:20:00,Female,31,747,5787,India,Maharashtra,Mumbai,electronics,hair dryer,25,40,2,Google-ads,2020-01-03 00:42:00,True,2020-01-03 00:57:00,Debit Card,2020-01-03 00:45:00,False,,0,3,1,Friday,80,15
2020-01-04 13:38:00,Female,35,637,5270,Japan,Kanagawa,Kawasaki,toys,puzzle,15,25,3,Twitter-ads,2020-01-04 13:50:00,True,2020-01-04 13:56:00,Credit Card,2020-01-04 13:53:00,False,,13,4,1,Saturday,75,10
2020-01-04 23:04:00,Female,58,769,3238,India,Uttar Pradesh,Kanpur,electronics,laptop,800,1200,2,Instagram-ads,2020-01-04 23:14:00,True,2020-01-04 23:26:00,Credit Card,2020-01-04 23:19:00,False,,23,4,1,Saturday,2400,400
2020-01-06 01:30:00,Female,71,748,4686,Spain,Catalonia,Girona,toys,action figure,8,15,2,Billboard-QR code,2020-01-06 01:38:00,True,2020-01-06 01:52:00,Cash On Delivery,2020-01-06 01:42:00,False,,1,6,1,Monday,30,7
2020-01-07 20:04:00,Female,43,740,7839,Canada,Quebec,Montreal,home appliances,toaster,40,60,2,Twitter-ads,2020-01-07 20:11:00,True,2020-01-07 20:21:00,Credit Card,2020-01-07 20:14:00,False,,20,7,1,Tuesday,120,20
2020-01-07 22:09:00,Male,34,746,5770,Australia,Victoria,Ballarat,books,textbook,30,50,3,Instagram-ads,2020-01-07 22:16:00,True,2020-01-07 22:29:00,Cash On Delivery,2020-01-07 22:21:00,False,,22,7,1,Tuesday,150,20
2020-01-07 22:38:00,Female,29,752,3147,Italy,Lombardy,Bergamo,home appliances,microwave oven,300,500,6,Twitter-ads,2020-01-07 23:06:00,True,2020-01-07 23:14:00,Debit Card,2020-01-07 23:11:00,False,,22,7,1,Tuesday,3000,200
2020-01-08 04:27:00,Female,41,645,5641,UK,Scotland,Glasgow,electronics,hair dryer,25,40,2,Facebook-ads,2020-01-08 04:42:00,True,2020-01-08 04:47:00,Credit Card,2020-01-08 04:44:00,False,,4,8,1,Wednesday,80,15
2020-01-08 23:10:00,Male,66,639,6126,China,Guangdong,Guangzhou,toys,board game,20,35,4,E-mails,2020-01-08 23:37:00,False,,,2020-01-08 23:20:00,,,23,8,1,Wednesday,140,15
2020-01-10 05:09:00,Female,58,712,4005,Spain,Catalonia,Tarragona,electronics,television,1000,1500,2,Facebook-ads,2020-01-10 05:27:00,False,,,2020-01-10 05:27:00,,,5,10,1,Friday,3000,500
2020-01-10 21:55:00,Female,71,639,7151,Italy,Lombardy,Brescia,fashion,t-shirt,15,25,6,Facebook-ads,2020-01-10 22:10:00,True,2020-01-10 22:20:00,Cash On Delivery,2020-01-10 22:12:00,False,,21,10,1,Friday,150,10
2020-01-11 02:11:00,Male,66,740,6364,Spain,Andalusia,Malaga,electronics,hair dryer,25,40,3,Twitter-ads,2020-01-11 02:22:00,True,2020-01-11 02:29:00,Credit Card,2020-01-11 02:25:00,False,,2,11,1,Saturday,120,15
2020-01-11 17:14:00,Female,20,713,6046,Australia,Victoria,Geelong,fashion,dress,50,80,2,Google-ads,2020-01-11 17:37:00,True,2020-01-11 17:45:00,Cash On Delivery,2020-01-11 17:42:00,False,,17,11,1,Saturday,160,30
2020-01-14 07:30:00,Male,40,769,3766,Italy,Lazio,Latina,books,textbook,30,50,3,Google-ads,2020-01-14 07:52:00,True,2020-01-14 08:07:00,Credit Card,2020-01-14 07:57:00,True,Poor Value,7,14,1,Tuesday,150,20
2020-01-16 09:16:00,Male,44,687,6124,Spain,Catalonia,Tarragona,books,textbook,30,50,3,Facebook-ads,2020-01-16 09:25:00,True,2020-01-16 09:35:00,Credit Card,2020-01-16 09:28:00,False,,9,16,1,Thursday,150,20
2020-01-17 13:38:00,Male,36,727,3778,Japan,Tokyo,Yokohama,books,novel,10,18,2,Twitter-ads,2020-01-17 13:46:00,True,2020-01-17 13:53:00,Paypal,2020-01-17 13:50:00,True,Arrived Late,13,17,1,Friday,36,8
2020-01-18 20:29:00,Female,54,635,6975,China,Shandong,Jinan,fashion,dress,50,80,2,E-mails,2020-01-18 20:55:00,True,2020-01-18 21:00:00,Debit Card,2020-01-18 20:59:00,True,Arrived Damaged,20,18,1,Saturday,160,30
2020-01-21 16:31:00,Male,51,688,7278,Australia,New South Wales,Wollongong,electronics,laptop,800,1200,6,Instagram-ads,2020-01-21 16:36:00,True,2020-01-21 16:41:00,Credit Card,2020-01-21 16:38:00,False,,16,21,1,Tuesday,7200,400
2020-01-22 22:22:00,Male,55,760,3558,China,Shandong,Qingdao,toys,action figure,8,15,2,Google-ads,2020-01-22 22:32:00,False,,,2020-01-22 23:02:00,,,22,22,1,Wednesday,30,7
2020-01-23 21:31:00,Female,50,778,5251,Spain,Catalonia,Girona,fashion,jeans,40,70,5,Facebook-ads,2020-01-23 21:38:00,True,2020-01-23 21:47:00,Credit Card,2020-01-23 21:42:00,False,,21,23,1,Thursday,350,30
2020-01-24 09:41:00,Male,19,637,4296,Japan,Tokyo,Tokyo,fashion,dress,50,80,5,Google-ads,2020-01-24 09:52:00,True,2020-01-24 10:05:00,Credit Card,2020-01-24 09:54:00,False,,9,24,1,Friday,400,30
2020-01-26 05:43:00,Male,34,736,4038,Italy,Lombardy,Bergamo,books,novel,10,18,5,Twitter-ads,2020-01-26 06:13:00,False,,,2020-01-26 06:07:00,,,5,26,1,Sunday,90,8
2020-01-26 07:09:00,Male,44,748,4380,Spain,Andalusia,Malaga,electronics,table fan,30,50,2,E-mails,2020-01-26 07:26:00,True,2020-01-26 07:31:00,Debit Card,2020-01-26 07:31:00,True,Wrong Item,7,26,1,Sunday,100,20
2020-01-27 01:53:00,Female,21,625,5462,Spain,Catalonia,Barcelona,electronics,television,1000,1500,5,Google-ads,2020-01-27 02:21:00,True,2020-01-27 02:34:00,Cash On Delivery,2020-01-27 02:23:00,False,,1,27,1,Monday,7500,500
2020-01-28 11:14:00,Female,72,722,3929,Japan,Tokyo,Tokyo,home appliances,microwave oven,300,500,4,Google-ads,2020-01-28 11:39:00,True,2020-01-28 11:46:00,Cash On Delivery,2020-01-28 11:42:00,False,,11,28,1,Tuesday,2000,200
2020-01-28 14:10:00,Male,45,731,3557,UK,Scotland,Aberdeen,books,novel,10,18,2,Facebook-ads,2020-01-28 14:25:00,True,2020-01-28 14:36:00,Credit Card,2020-01-28 14:29:00,True,Wrong Item,14,28,1,Tuesday,36,8
2020-01-29 12:16:00,Male,23,673,7771,USA,Texas,Houston,electronics,laptop,800,1200,6,Facebook-ads,2020-01-29 12:30:00,True,2020-01-29 12:39:00,Credit Card,2020-01-29 12:32:00,False,,12,29,1,Wednesday,7200,400
2020-01-29 16:39:00,Female,44,646,6587,Australia,Victoria,Geelong,fashion,shoes,60,100,2,Google-ads,2020-01-29 17:02:00,True,2020-01-29 17:09:00,Credit Card,2020-01-29 17:04:00,False,,16,29,1,Wednesday,200,40
2020-01-29 23:53:00,Male,41,671,5383,Spain,Catalonia,Girona,home appliances,microwave oven,300,500,3,Facebook-ads,2020-01-30 00:08:00,True,2020-01-30 00:13:00,Debit Card,2020-01-30 00:12:00,False,,23,29,1,Wednesday,1500,200
2020-01-31 17:33:00,Male,34,761,5376,Canada,Ontario,Toronto,toys,board game,20,35,4,Facebook-ads,2020-01-31 18:01:00,True,2020-01-31 18:12:00,Credit Card,2020-01-31 18:04:00,False,,17,31,1,Friday,140,15
2020-02-01 19:28:00,Male,30,620,3307,Australia,New South Wales,Wollongong,fashion,jeans,40,70,3,E-mails,2020-02-01 19:58:00,True,2020-02-01 20:06:00,Credit Card,2020-02-01 20:02:00,True,Poor Quality,19,1,2,Saturday,210,30
2020-02-03 05:20:00,Female,38,708,4161,Spain,Andalusia,Malaga,fashion,dress,50,80,2,Facebook-ads,2020-02-03 05:38:00,False,,,2020-02-03 05:35:00,,,5,3,2,Monday,160,30
2020-02-04 09:19:00,Female,68,614,7217,UK,England,Birmingham,fashion,shoes,60,100,6,Facebook-ads,2020-02-04 09:27:00,True,2020-02-04 09:34:00,Credit Card,2020-02-04 09:29:00,True,Wrong Item,9,4,2,Tuesday,600,40
2020-02-04 12:38:00,Female,34,692,6617,UK,Scotland,Edinburgh,toys,action figure,8,15,2,Google-ads,2020-02-04 12:47:00,True,2020-02-04 12:57:00,Paypal,2020-02-04 12:52:00,False,,12,4,2,Tuesday,30,7
2020-02-05 03:53:00,Male,25,714,7070,China,Shandong,Jinan,fashion,jeans,40,70,3,Google-ads,2020-02-05 04:10:00,True,2020-02-05 04:17:00,Credit Card,2020-02-05 04:14:00,False,,3,5,2,Wednesday,210,30
2020-02-05 16:04:00,Male,22,651,6263,Australia,Victoria,Ballarat,books,magazine,5,8,3,Billboard-QR code,2020-02-05 16:24:00,True,2020-02-05 16:39:00,Paypal,2020-02-05 16:28:00,False,,16,5,2,Wednesday,24,3
2020-02-05 17:44:00,Female,71,622,3747,Australia,Victoria,Geelong,books,autobiography,20,35,6,Instagram-ads,2020-02-05 18:03:00,False,,,2020-02-05 17:58:00,,,17,5,2,Wednesday,210,15
2020-02-05 23:24:00,Female,47,605,7568,USA,Texas,San Antonio,electronics,television,1000,1500,1,Google-ads,2020-02-05 23:30:00,True,2020-02-05 23:35:00,Debit Card,2020-02-05 23:32:00,False,,23,5,2,Wednesday,1500,500
2020-02-07 10:31:00,Male,44,687,6409,Japan,Kanagawa,Sagamihara,fashion,jeans,40,70,4,Instagram-ads,2020-02-07 10:38:00,True,2020-02-07 10:53:00,Cash On Delivery,2020-02-07 10:41:00,False,,10,7,2,Friday,280,30
2020-02-07 17:43:00,Male,50,630,5843,Spain,Andalusia,Malaga,electronics,laptop,800,1200,6,Google-ads,2020-02-07 18:11:00,True,2020-02-07 18:18:00,Credit Card,2020-02-07 18:16:00,True,Poor Quality,17,7,2,Friday,7200,400
2020-02-08 06:42:00,Male,44,719,3626,Australia,New South Wales,Sydney,books,magazine,5,8,2,Instagram-ads,2020-02-08 06:55:00,True,2020-02-08 07:07:00,Paypal,2020-02-08 06:58:00,False,,6,8,2,Saturday,16,3
2020-02-08 14:53:00,Female,46,776,5319,China,Guangdong,Guangzhou,books,autobiography,20,35,2,Google-ads,2020-02-08 15:23:00,True,2020-02-08 15:34:00,Credit Card,2020-02-08 15:26:00,True,Wrong Item,14,8,2,Saturday,70,15
2020-02-08 16:51:00,Female,64,728,4735,China,Shandong,Yantai,books,textbook,30,50,1,Twitter-ads,2020-02-08 17:13:00,True,2020-02-08 17:25:00,Cash On Delivery,2020-02-08 17:17:00,False,,16,8,2,Saturday,50,20
2020-02-09 01:42:00,Female,35,664,3796,Spain,Catalonia,Girona,home appliances,toaster,40,60,6,E-mails,2020-02-09 02:09:00,True,2020-02-09 02:22:00,Debit Card,2020-02-09 02:13:00,False,,1,9,2,Sunday,360,20
2020-02-09 22:57:00,Female,37,710,5803,UK,Scotland,Edinburgh,home appliances,mixer grinder,60,90,3,Billboard-QR code,2020-02-09 23:12:00,True,2020-02-09 23:22:00,Paypal,2020-02-09 23:14:00,False,,22,9,2,Sunday,270,30
2020-02-09 23:08:00,Female,22,754,3027,India,Uttar Pradesh,Ghaziabad,electronics,table fan,30,50,3,Facebook-ads,2020-02-09 23:36:00,True,2020-02-09 23:42:00,Paypal,2020-02-09 23:40:00,False,,23,9,2,Sunday,150,20
2020-02-11 04:14:00,Female,71,688,5406,Japan,Tokyo,Tokyo,toys,plush toy,12,20,5,Google-ads,2020-02-11 04:21:00,True,2020-02-11 04:31:00,Debit Card,2020-02-11 04:25:00,False,,4,11,2,Tuesday,100,8
2020-02-11 14:16:00,Female,64,645,7848,Canada,Ontario,Ottawa,books,textbook,30,50,2,Instagram-ads,2020-02-11 14:46:00,False,,,2020-02-11 14:25:00,,,14,11,2,Tuesday,100,20
2020-02-11 16:54:00,Female,47,769,6076,USA,Texas,Dallas,books,autobiography,20,35,3,Twitter-ads,2020-02-11 16:59:00,True,2020-02-11 17:08:00,Cash On Delivery,2020-02-11 17:02:00,False,,16,11,2,Tuesday,105,15
2020-02-11 18:26:00,Female,68,626,6253,Canada,Quebec,Montreal,home appliances,microwave oven,300,500,6,Google-ads,2020-02-11 18:49:00,True,2020-02-11 19:01:00,Credit Card,2020-02-11 18:51:00,False,,18,11,2,Tuesday,3000,200
2020-02-11 23:37:00,Male,37,655,4794,China,Shandong,Jinan,electronics,table fan,30,50,3,Billboard-QR code,2020-02-12 00:04:00,True,2020-02-12 00:19:00,Paypal,2020-02-12 00:06:00,False,,23,11,2,Tuesday,150,20
2020-02-13 08:26:00,Male,54,648,5887,Spain,Andalusia,Seville,fashion,jeans,40,70,1,E-mails,2020-02-13 08:44:00,True,2020-02-13 08:58:00,Credit Card,2020-02-13 08:49:00,False,,8,13,2,Thursday,70,30
2020-02-14 02:40:00,Male,69,709,4288,Italy,Lazio,Frosinone,toys,action figure,8,15,2,Facebook-ads,2020-02-14 02:53:00,True,2020-02-14 03:07:00,Debit Card,2020-02-14 02:57:00,False,,2,14,2,Friday,30,7
2020-02-14 03:01:00,Female,20,709,7201,China,Guangdong,Dongguan,books,textbook,30,50,1,Facebook-ads,2020-02-14 03:23:00,False,,,2020-02-14 03:04:00,,,3,14,2,Friday,50,20
2020-02-14 03:26:00,Male,26,699,6034,India,Uttar Pradesh,Kanpur,fashion,jeans,40,70,1,Twitter-ads,2020-02-14 03:41:00,True,2020-02-14 03:47:00,Paypal,2020-02-14 03:43:00,False,,3,14,2,Friday,70,30
2020-02-14 11:39:00,Female,27,739,3479,China,Shandong,Jinan,books,textbook,30,50,5,Twitter-ads,2020-02-14 11:48:00,True,2020-02-14 11:55:00,Paypal,2020-02-14 11:53:00,False,,11,14,2,Friday,250,20
2020-02-14 13:48:00,Male,52,765,7696,UK,England,London,books,novel,10,18,3,Google-ads,2020-02-14 13:57:00,True,2020-02-14 14:09:00,Credit Card,2020-02-14 14:01:00,False,,13,14,2,Friday,54,8
2020-02-16 00:57:00,Male,52,668,5625,India,Uttar Pradesh,Ghaziabad,fashion,shoes,60,100,2,E-mails,2020-02-16 01:17:00,True,2020-02-16 01:25:00,Cash On Delivery,2020-02-16 01:21:00,False,,0,16,2,Sunday,200,40
2020-02-16 23:26:00,Male,60,602,6569,Japan,Kanagawa,Kawasaki,electronics,hair dryer,25,40,1,Facebook-ads,2020-02-16 23:47:00,True,2020-02-17 00:02:00,Credit Card,2020-02-16 23:51:00,True,Poor Value,23,16,2,Sunday,40,15
2020-02-18 01:19:00,Male,69,756,4074,Australia,Victoria,Geelong,toys,action figure,8,15,6,Twitter-ads,2020-02-18 01:32:00,True,2020-02-18 01:43:00,Paypal,2020-02-18 01:37:00,False,,1,18,2,Tuesday,90,7
2020-02-18 18:10:00,Female,33,664,5002,China,Guangdong,Guangzhou,electronics,hair dryer,25,40,4,Twitter-ads,2020-02-18 18:22:00,True,2020-02-18 18:34:00,Debit Card,2020-02-18 18:24:00,False,,18,18,2,Tuesday,160,15
2020-02-19 03:49:00,Male,59,746,3873,Japan,Tokyo,Kawasaki,toys,puzzle,15,25,3,Google-ads,2020-02-19 04:02:00,True,2020-02-19 04:08:00,Debit Card,2020-02-19 04:04:00,False,,3,19,2,Wednesday,75,10
2020-02-20 22:13:00,Female,22,720,3415,China,Shandong,Qingdao,home appliances,toaster,40,60,2,Instagram-ads,2020-02-20 22:19:00,True,2020-02-20 22:30:00,Credit Card,2020-02-20 22:24:00,True,Poor Quality,22,20,2,Thursday,120,20
2020-02-21 17:32:00,Male,64,724,6555,Canada,Quebec,Laval,home appliances,microwave oven,300,500,5,Google-ads,2020-02-21 17:40:00,True,2020-02-21 17:45:00,Debit Card,2020-02-21 17:44:00,False,,17,21,2,Friday,2500,200
2020-02-22 03:24:00,Male,22,692,3075,Australia,New South Wales,Sydney,toys,board game,20,35,4,Billboard-QR code,2020-02-22 03:53:00,True,2020-02-22 04:05:00,Cash On Delivery,2020-02-22 03:55:00,False,,3,22,2,Saturday,140,15
2020-02-28 16:28:00,Female,51,644,4944,Australia,Victoria,Ballarat,electronics,table fan,30,50,3,Billboard-QR code,2020-02-28 16:44:00,True,2020-02-28 16:54:00,Credit Card,2020-02-28 16:49:00,False,,16,28,2,Friday,150,20
2020-02-28 20:11:00,Female,61,687,7734,UK,England,London,fashion,t-shirt,15,25,6,Billboard-QR code,2020-02-28 20:21:00,True,2020-02-28 20:28:00,Cash On Delivery,2020-02-28 20:26:00,False,,20,28,2,Friday,150,10
2020-03-01 17:41:00,Female,56,745,3238,Japan,Kanagawa,Sagamihara,electronics,table fan,30,50,3,Instagram-ads,2020-03-01 18:08:00,True,2020-03-01 18:17:00,Credit Card,2020-03-01 18:11:00,False,,17,1,3,Sunday,150,20
2020-03-03 02:48:00,Male,29,686,5424,India,Maharashtra,Mumbai,electronics,hair dryer,25,40,4,Twitter-ads,2020-03-03 03:00:00,True,2020-03-03 03:08:00,Credit Card,2020-03-03 03:03:00,True,Poor Value,2,3,3,Tuesday,160,15
2020-03-04 14:01:00,Male,56,634,4530,USA,California,Los Angeles,toys,puzzle,15,25,6,Twitter-ads,2020-03-04 14:28:00,True,2020-03-04 14:40:00,Cash On Delivery,2020-03-04 14:30:00,False,,14,4,3,Wednesday,150,10
2020-03-05 08:25:00,Female,59,684,6493,USA,California,Los Angeles,fashion,t-shirt,15,25,1,Facebook-ads,2020-03-05 08:47:00,True,2020-03-05 09:02:00,Paypal,2020-03-05 08:52:00,True,Arrived Late,8,5,3,Thursday,25,10
2020-03-09 09:39:00,Female,59,756,7420,Italy,Lazio,Latina,home appliances,electric stove,250,400,2,Google-ads,2020-03-09 10:04:00,True,2020-03-09 10:13:00,Credit Card,2020-03-09 10:06:00,False,,9,9,3,Monday,800,150
2020-03-09 13:29:00,Female,31,614,6303,UK,England,London,electronics,hair dryer,25,40,4,Instagram-ads,2020-03-09 13:37:00,True,2020-03-09 13:51:00,Credit Card,2020-03-09 13:40:00,False,,13,9,3,Monday,160,15
2020-03-09 22:37:00,Female,63,641,4821,UK,Scotland,Glasgow,toys,board game,20,35,3,Facebook-ads,2020-03-09 22:49:00,True,2020-03-09 22:55:00,Debit Card,2020-03-09 22:54:00,False,,22,9,3,Monday,105,15
2020-03-10 17:24:00,Male,52,656,4799,Japan,Kanagawa,Yokohama,home appliances,toaster,40,60,6,Billboard-QR code,2020-03-10 17:33:00,False,,,2020-03-10 18:04:00,,,17,10,3,Tuesday,360,20
2020-03-11 00:50:00,Male,55,774,3799,China,Guangdong,Shenzhen,fashion,jeans,40,70,6,Google-ads,2020-03-11 01:00:00,True,2020-03-11 01:14:00,Credit Card,2020-03-11 01:02:00,False,,0,11,3,Wednesday,420,30
2020-03-12 01:03:00,Female,58,690,3225,Canada,Ontario,Toronto,books,autobiography,20,35,5,Google-ads,2020-03-12 01:23:00,False,,,2020-03-12 01:07:00,,,1,12,3,Thursday,175,15
2020-03-13 00:33:00,Male,62,614,7330,UK,Scotland,Aberdeen,home appliances,mixer grinder,60,90,2,Billboard-QR code,2020-03-13 00:45:00,True,2020-03-13 00:54:00,Cash On Delivery,2020-03-13 00:48:00,False,,0,13,3,Friday,180,30
2020-03-13 10:38:00,Female,42,712,7377,China,Shandong,Qingdao,fashion,shoes,60,100,1,Twitter-ads,2020-03-13 10:44:00,True,2020-03-13 10:59:00,Credit Card,2020-03-13 10:49:00,False,,10,13,3,Friday,100,40
2020-03-14 16:13:00,Male,53,671,6521,Australia,Victoria,Melbourne,electronics,television,1000,1500,3,Instagram-ads,2020-03-14 16:30:00,True,2020-03-14 16:44:00,Credit Card,2020-03-14 16:32:00,False,,16,14,3,Saturday,4500,500
2020-03-16 04:38:00,Male,22,670,6054,Italy,Lazio,Rome,books,autobiography,20,35,4,Facebook-ads,2020-03-16 05:08:00,False,,,2020-03-16 04:49:00,,,4,16,3,Monday,140,15
2020-03-17 17:34:00,Male,62,708,3789,India,Maharashtra,Pune,electronics,laptop,800,1200,4,Facebook-ads,2020-03-17 17:39:00,True,2020-03-17 17:48:00,Debit Card,2020-03-17 17:44:00,True,Arrived Late,17,17,3,Tuesday,4800,400
2020-03-18 18:10:00,Male,20,673,5031,Italy,Lombardy,Bergamo,home appliances,electric stove,250,400,3,Google-ads,2020-03-18 18:29:00,True,2020-03-18 18:36:00,Credit Card,2020-03-18 18:34:00,False,,18,18,3,Wednesday,1200,150
2020-03-20 05:16:00,Female,38,730,4166,India,Uttar Pradesh,Lucknow,toys,board game,20,35,1,Billboard-QR code,2020-03-20 05:25:00,True,2020-03-20 05:33:00,Credit Card,2020-03-20 05:27:00,False,,5,20,3,Friday,35,15
2020-03-21 13:40:00,Male,71,741,3090,India,Uttar Pradesh,Kanpur,electronics,table fan,30,50,2,Instagram-ads,2020-03-21 13:46:00,True,2020-03-21 13:59:00,Paypal,2020-03-21 13:50:00,False,,13,21,3,Saturday,100,20
2020-03-24 09:52:00,Female,44,745,5391,Spain,Catalonia,Barcelona,fashion,t-shirt,15,25,4,Facebook-ads,2020-03-24 09:58:00,True,2020-03-24 10:10:00,Credit Card,2020-03-24 10:01:00,False,,9,24,3,Tuesday,100,10
2020-03-24 17:50:00,Male,24,654,5740,Japan,Kanagawa,Kawasaki,toys,puzzle,15,25,3,Facebook-ads,2020-03-24 18:12:00,True,2020-03-24 18:21:00,Debit Card,2020-03-24 18:15:00,False,,17,24,3,Tuesday,75,10
2020-03-26 01:39:00,Female,57,637,3650,UK,England,London,electronics,laptop,800,1200,2,E-mails,2020-03-26 02:09:00,True,2020-03-26 02:22:00,Credit Card,2020-03-26 02:14:00,False,,1,26,3,Thursday,2400,400
2020-03-26 12:13:00,Male,21,724,4730,UK,Scotland,Edinburgh,books,autobiography,20,35,5,Facebook-ads,2020-03-26 12:41:00,True,2020-03-26 12:50:00,Debit Card,2020-03-26 12:43:00,True,Wrong Item,12,26,3,Thursday,175,15
2020-03-26 21:45:00,Male,33,660,7977,UK,England,Manchester,fashion,dress,50,80,1,Twitter-ads,2020-03-26 21:56:00,False,,,2020-03-26 22:21:00,,,21,26,3,Thursday,80,30
2020-03-27 01:59:00,Male,42,746,5488,Canada,Quebec,Montreal,fashion,dress,50,80,4,E-mails,2020-03-27 02:21:00,True,2020-03-27 02:26:00,Credit Card,2020-03-27 02:23:00,False,,1,27,3,Friday,320,30
2020-03-28 01:45:00,Female,35,607,4308,UK,Scotland,Edinburgh,electronics,hair dryer,25,40,6,E-mails,2020-03-28 02:02:00,True,2020-03-28 02:15:00,Credit Card,2020-03-28 02:04:00,False,,1,28,3,Saturday,240,15
2020-03-28 08:34:00,Male,36,651,7311,Australia,Victoria,Ballarat,electronics,television,1000,1500,2,Billboard-QR code,2020-03-28 08:48:00,True,2020-03-28 09:02:00,Cash On Delivery,2020-03-28 08:50:00,False,,8,28,3,Saturday,3000,500
2020-03-28 16:29:00,Female,64,613,5036,Australia,Victoria,Melbourne,books,textbook,30,50,5,E-mails,2020-03-28 16:45:00,True,2020-03-28 17:00:00,Credit Card,2020-03-28 16:49:00,False,,16,28,3,Saturday,250,20
2020-03-29 03:32:00,Male,34,655,4170,China,Guangdong,Guangzhou,home appliances,mixer grinder,60,90,5,Facebook-ads,2020-03-29 03:46:00,True,2020-03-29 03:54:00,Paypal,2020-03-29 03:49:00,True,Wrong Item,3,29,3,Sunday,450,30
2020-03-29 17:21:00,Female,42,663,5016,Japan,Tokyo,Kawasaki,home appliances,toaster,40,60,2,Billboard-QR code,2020-03-29 17:46:00,True,2020-03-29 17:57:00,Paypal,2020-03-29 17:49:00,False,,17,29,3,Sunday,120,20
2020-03-31 09:12:00,Female,33,759,5707,Italy,Lombardy,Milan,electronics,television,1000,1500,1,Twitter-ads,2020-03-31 09:28:00,True,2020-03-31 09:35:00,Debit Card,2020-03-31 09:31:00,False,,9,31,3,Tuesday,1500,500
2020-04-02 10:53:00,Male,62,735,7150,China,Shandong,Qingdao,books,textbook,30,50,6,Twitter-ads,2020-04-02 11:13:00,True,2020-04-02 11:27:00,Credit Card,2020-04-02 11:18:00,True,Arrived Late,10,2,4,Thursday,300,20
2020-04-02 20:48:00,Male,69,659,7366,Italy,Lazio,Rome,books,novel,10,18,1,Billboard-QR code,2020-04-02 21:03:00,True,2020-04-02 21:12:00,Credit Card,2020-04-02 21:05:00,False,,20,2,4,Thursday,18,8
2020-04-03 23:00:00,Female,53,757,6185,Canada,Ontario,Mississauga,toys,action figure,8,15,6,Facebook-ads,2020-04-03 23:27:00,True,2020-04-03 23:33:00,Debit Card,2020-04-03 23:31:00,False,,23,3,4,Friday,90,7
2020-04-04 03:49:00,Female,48,753,4769,Spain,Andalusia,Seville,home appliances,electric stove,250,400,3,Instagram-ads,2020-04-04 04:18:00,True,2020-04-04 04:30:00,Cash On Delivery,2020-04-04 04:22:00,True,Arrived Late,3,4,4,Saturday,1200,150
2020-04-05 05:17:00,Female,59,664,4650,Italy,Lombardy,Brescia,books,textbook,30,50,1,Instagram-ads,2020-04-05 05:35:00,True,2020-04-05 05:45:00,Credit Card,2020-04-05 05:40:00,False,,5,5,4,Sunday,50,20
2020-04-08 06:51:00,Female,51,644,6023,China,Shandong,Qingdao,electronics,television,1000,1500,6,Twitter-ads,2020-04-08 07:13:00,False,,,2020-04-08 07:07:00,,,6,8,4,Wednesday,9000,500
2020-04-15 17:59:00,Female,54,718,7743,Italy,Lombardy,Brescia,electronics,table fan,30,50,5,Facebook-ads,2020-04-15 18:06:00,True,2020-04-15 18:18:00,Credit Card,2020-04-15 18:10:00,False,,17,15,4,Wednesday,250,20
2020-04-16 02:13:00,Female,46,632,4345,USA,Texas,Houston,electronics,table fan,30,50,2,E-mails,2020-04-16 02:38:00,False,,,2020-04-16 02:53:00,,,2,16,4,Thursday,100,20
2020-04-17 01:25:00,Female,44,738,4644,Italy,Lombardy,Milan,electronics,television,1000,1500,1,Instagram-ads,2020-04-17 01:48:00,True,2020-04-17 02:03:00,Credit Card,2020-04-17 01:53:00,False,,1,17,4,Friday,1500,500
2020-04-18 04:11:00,Male,32,678,5153,India,Uttar Pradesh,Ghaziabad,home appliances,mixer grinder,60,90,3,Twitter-ads,2020-04-18 04:41:00,False,,,2020-04-18 04:28:00,,,4,18,4,Saturday,270,30
2020-04-19 22:28:00,Male,68,638,6836,UK,England,London,books,textbook,30,50,1,Google-ads,2020-04-19 22:42:00,True,2020-04-19 22:52:00,Debit Card,2020-04-19 22:44:00,False,,22,19,4,Sunday,50,20
2020-04-20 05:20:00,Male,47,732,7372,USA,California,San Jose,toys,plush toy,12,20,4,Facebook-ads,2020-04-20 05:41:00,True,2020-04-20 05:48:00,Debit Card,2020-04-20 05:43:00,False,,5,20,4,Monday,80,8
2020-04-20 11:29:00,Female,27,663,4572,Canada,Ontario,Toronto,books,magazine,5,8,2,Twitter-ads,2020-04-20 11:53:00,True,2020-04-20 12:03:00,Debit Card,2020-04-20 11:58:00,False,,11,20,4,Monday,16,3
2020-04-21 20:08:00,Female,44,706,4574,Italy,Lazio,Latina,toys,action figure,8,15,1,E-mails,2020-04-21 20:23:00,True,2020-04-21 20:34:00,Credit Card,2020-04-21 20:25:00,False,,20,21,4,Tuesday,15,7
2020-04-23 16:33:00,Male,24,779,6915,Canada,Ontario,Ottawa,fashion,shoes,60,100,2,Google-ads,2020-04-23 16:55:00,True,2020-04-23 17:00:00,Cash On Delivery,2020-04-23 16:57:00,False,,16,23,4,Thursday,200,40
2020-04-23 21:57:00,Female,58,616,7137,India,Uttar Pradesh,Lucknow,home appliances,mixer grinder,60,90,1,Billboard-QR code,2020-04-23 22:08:00,True,2020-04-23 22:22:00,Cash On Delivery,2020-04-23 22:11:00,True,Arrived Late,21,23,4,Thursday,90,30
2020-04-24 23:26:00,Male,68,735,6725,USA,Texas,San Antonio,home appliances,microwave oven,300,500,3,Instagram-ads,2020-04-24 23:36:00,True,2020-04-24 23:50:00,Debit Card,2020-04-24 23:39:00,False,,23,24,4,Friday,1500,200
2020-04-24 23:38:00,Female,47,694,6843,Italy,Lazio,Latina,electronics,laptop,800,1200,4,Google-ads,2020-04-24 23:50:00,True,2020-04-25 00:01:00,Debit Card,2020-04-24 23:54:00,False,,23,24,4,Friday,4800,400
2020-04-25 01:47:00,Female,66,713,3702,Italy,Lazio,Frosinone,fashion,dress,50,80,3,Facebook-ads,2020-04-25 02:01:00,True,2020-04-25 02:16:00,Credit Card,2020-04-25 02:05:00,False,,1,25,4,Saturday,240,30
2020-04-25 09:47:00,Female,61,617,7045,Italy,Lazio,Latina,toys,puzzle,15,25,5,Google-ads,2020-04-25 10:06:00,True,2020-04-25 10:16:00,Paypal,2020-04-25 10:08:00,False,,9,25,4,Saturday,125,10
2020-04-25 13:03:00,Male,41,740,7329,Italy,Lazio,Frosinone,electronics,hair dryer,25,40,2,E-mails,2020-04-25 13:29:00,True,2020-04-25 13:44:00,Credit Card,2020-04-25 13:34:00,True,Arrived Late,13,25,4,Saturday,80,15
2020-04-26 13:21:00,Male,68,608,3252,Australia,Victoria,Geelong,books,magazine,5,8,3,Twitter-ads,2020-04-26 13:36:00,True,2020-04-26 13:48:00,Credit Card,2020-04-26 13:39:00,False,,13,26,4,Sunday,24,3
2020-04-27 11:47:00,Male,63,691,3640,Japan,Tokyo,Tokyo,books,textbook,30,50,2,Instagram-ads,2020-04-27 12:17:00,True,2020-04-27 12:30:00,Cash On Delivery,2020-04-27 12:22:00,True,Arrived Damaged,11,27,4,Monday,100,20
2020-04-29 21:02:00,Female,41,778,7612,Japan,Tokyo,Yokohama,toys,action figure,8,15,2,Twitter-ads,2020-04-29 21:10:00,True,2020-04-29 21:15:00,Credit Card,2020-04-29 21:14:00,False,,21,29,4,Wednesday,30,7
2020-04-30 01:23:00,Female,21,767,4929,Canada,Ontario,Toronto,toys,board game,20,35,1,Billboard-QR code,2020-04-30 01:52:00,True,2020-04-30 01:58:00,Credit Card,2020-04-30 01:54:00,False,,1,30,4,Thursday,35,15
2020-04-30 02:29:00,Male,52,661,5034,Canada,Quebec,Quebec City,books,magazine,5,8,2,Facebook-ads,2020-04-30 02:57:00,True,2020-04-30 03:06:00,Cash On Delivery,2020-04-30 03:00:00,False,,2,30,4,Thursday,16,3
2020-04-30 02:52:00,Female,19,780,7959,Spain,Catalonia,Girona,home appliances,mixer grinder,60,90,3,Billboard-QR code,2020-04-30 03:04:00,True,2020-04-30 03:16:00,Debit Card,2020-04-30 03:09:00,False,,2,30,4,Thursday,270,30
2020-05-01 17:10:00,Female,44,727,3235,Canada,Ontario,Toronto,toys,board game,20,35,5,Billboard-QR code,2020-05-01 17:25:00,True,2020-05-01 17:34:00,Credit Card,2020-05-01 17:30:00,False,,17,1,5,Friday,175,15
2020-05-04 03:28:00,Male,37,676,5397,USA,California,San Jose,toys,action figure,8,15,2,E-mails,2020-05-04 03:47:00,False,,,2020-05-04 03:51:00,,,3,4,5,Monday,30,7
2020-05-04 11:11:00,Male,41,627,4622,Spain,Catalonia,Tarragona,fashion,t-shirt,15,25,4,Facebook-ads,2020-05-04 11:38:00,True,2020-05-04 11:51:00,Credit Card,2020-05-04 11:41:00,False,,11,4,5,Monday,100,10
2020-05-04 13:56:00,Female,56,600,7545,China,Guangdong,Dongguan,electronics,television,1000,1500,2,Twitter-ads,2020-05-04 14:04:00,True,2020-05-04 14:12:00,Credit Card,2020-05-04 14:08:00,False,,13,4,5,Monday,3000,500
2020-05-06 03:29:00,Male,54,700,6528,UK,Scotland,Glasgow,electronics,television,1000,1500,6,Twitter-ads,2020-05-06 03:55:00,True,2020-05-06 04:10:00,Credit Card,2020-05-06 03:59:00,False,,3,6,5,Wednesday,9000,500
2020-05-07 00:48:00,Male,56,619,5313,Australia,Victoria,Melbourne,home appliances,electric stove,250,400,1,E-mails,2020-05-07 01:03:00,True,2020-05-07 01:11:00,Debit Card,2020-05-07 01:08:00,False,,0,7,5,Thursday,400,150
2020-05-07 11:24:00,Male,29,610,6825,China,Guangdong,Dongguan,home appliances,electric stove,250,400,2,Google-ads,2020-05-07 11:50:00,True,2020-05-07 11:58:00,Credit Card,2020-05-07 11:53:00,False,,11,7,5,Thursday,800,150
2020-05-07 18:11:00,Female,47,772,3774,UK,Scotland,Edinburgh,electronics,laptop,800,1200,1,Instagram-ads,2020-05-07 18:27:00,False,,,2020-05-07 18:38:00,,,18,7,5,Thursday,1200,400
2020-05-09 04:42:00,Female,48,680,5841,USA,California,San Diego,books,magazine,5,8,2,E-mails,2020-05-09 04:53:00,True,2020-05-09 05:06:00,Cash On Delivery,2020-05-09 04:55:00,False,,4,9,5,Saturday,16,3
2020-05-10 18:19:00,Female,70,763,7845,Spain,Andalusia,Seville,toys,puzzle,15,25,6,Twitter-ads,2020-05-10 18:36:00,True,2020-05-10 18:43:00,Debit Card,2020-05-10 18:38:00,False,,18,10,5,Sunday,150,10
2020-05-12 08:38:00,Female,56,673,3089,Japan,Tokyo,Yokohama,home appliances,toaster,40,60,3,E-mails,2020-05-12 09:03:00,True,2020-05-12 09:11:00,Debit Card,2020-05-12 09:07:00,False,,8,12,5,Tuesday,180,20
2020-05-12 19:33:00,Male,37,778,7246,USA,Texas,San Antonio,books,magazine,5,8,1,Google-ads,2020-05-12 19:55:00,True,2020-05-12 20:05:00,Paypal,2020-05-12 19:57:00,False,,19,12,5,Tuesday,8,3
2020-05-12 22:05:00,Female,22,634,5551,Japan,Tokyo,Tokyo,toys,action figure,8,15,3,Twitter-ads,2020-05-12 22:28:00,True,2020-05-12 22:38:00,Debit Card,2020-05-12 22:32:00,False,,22,12,5,Tuesday,45,7
2020-05-12 22:46:00,Male,71,681,6426,Japan,Tokyo,Tokyo,electronics,laptop,800,1200,5,Billboard-QR code,2020-05-12 23:03:00,False,,,2020-05-12 23:21:00,,,22,12,5,Tuesday,6000,400
2020-05-13 09:06:00,Female,53,634,4083,Australia,New South Wales,Newcastle,books,magazine,5,8,6,E-mails,2020-05-13 09:12:00,True,2020-05-13 09:23:00,Paypal,2020-05-13 09:15:00,True,Arrived Damaged,9,13,5,Wednesday,48,3
2020-05-15 12:35:00,Female,48,695,7709,India,Uttar Pradesh,Ghaziabad,fashion,jeans,40,70,3,Google-ads,2020-05-15 12:51:00,False,,,2020-05-15 13:07:00,,,12,15,5,Friday,210,30
2020-05-15 18:55:00,Male,33,600,3353,Australia,New South Wales,Sydney,books,novel,10,18,2,Billboard-QR code,2020-05-15 19:19:00,False,,,2020-05-15 19:29:00,,,18,15,5,Friday,36,8
2020-05-16 20:35:00,Female,39,653,5689,China,Shandong,Yantai,fashion,jeans,40,70,6,Twitter-ads,2020-05-16 20:55:00,True,2020-05-16 21:03:00,Credit Card,2020-05-16 20:57:00,True,Arrived Damaged,20,16,5,Saturday,420,30
2020-05-17 09:33:00,Female,43,763,5060,Spain,Andalusia,Malaga,toys,puzzle,15,25,5,Facebook-ads,2020-05-17 09:41:00,True,2020-05-17 09:49:00,Credit Card,2020-05-17 09:44:00,False,,9,17,5,Sunday,125,10
2020-05-18 12:56:00,Female,21,768,3114,Japan,Tokyo,Tokyo,toys,action figure,8,15,1,Facebook-ads,2020-05-18 13:03:00,True,2020-05-18 13:11:00,Cash On Delivery,2020-05-18 13:07:00,False,,12,18,5,Monday,15,7
2020-05-18 18:09:00,Male,35,629,5308,China,Shandong,Qingdao,home appliances,mixer grinder,60,90,2,E-mails,2020-05-18 18:24:00,True,2020-05-18 18:36:00,Credit Card,2020-05-18 18:26:00,False,,18,18,5,Monday,180,30
2020-05-19 12:42:00,Female,31,632,7130,UK,England,London,home appliances,toaster,40,60,4,Facebook-ads,2020-05-19 13:09:00,True,2020-05-19 13:20:00,Credit Card,2020-05-19 13:13:00,False,,12,19,5,Tuesday,240,20
2020-05-20 13:35:00,Male,23,709,5766,India,Maharashtra,Nagpur,electronics,hair dryer,25,40,6,Facebook-ads,2020-05-20 13:54:00,True,2020-05-20 14:02:00,Credit Card,2020-05-20 13:56:00,False,,13,20,5,Wednesday,240,15
2020-05-21 20:09:00,Female,32,757,3611,Australia,Victoria,Melbourne,electronics,table fan,30,50,3,E-mails,2020-05-21 20:18:00,True,2020-05-21 20:23:00,Credit Card,2020-05-21 20:21:00,False,,20,21,5,Thursday,150,20
2020-05-22 16:25:00,Male,34,776,6761,USA,California,San Diego,toys,puzzle,15,25,3,Facebook-ads,2020-05-22 16:33:00,True,2020-05-22 16:44:00,Credit Card,2020-05-22 16:36:00,False,,16,22,5,Friday,75,10
2020-05-24 05:26:00,Female,57,761,5637,India,Maharashtra,Nagpur,electronics,hair dryer,25,40,1,Google-ads,2020-05-24 05:56:00,True,2020-05-24 06:05:00,Cash On Delivery,2020-05-24 06:00:00,False,,5,24,5,Sunday,40,15
2020-05-24 10:29:00,Female,25,689,7734,Canada,Quebec,Quebec City,electronics,hair dryer,25,40,5,Billboard-QR code,2020-05-24 10:41:00,True,2020-05-24 10:52:00,Paypal,2020-05-24 10:44:00,False,,10,24,5,Sunday,200,15
2020-05-24 12:16:00,Female,39,611,5943,USA,Texas,Houston,fashion,jeans,40,70,1,Billboard-QR code,2020-05-24 12:37:00,True,2020-05-24 12:47:00,Credit Card,2020-05-24 12:41:00,False,,12,24,5,Sunday,70,30
2020-05-25 11:53:00,Female,37,703,5363,India,Maharashtra,Mumbai,fashion,dress,50,80,4,Twitter-ads,2020-05-25 12:22:00,False,,,2020-05-25 12:09:00,,,11,25,5,Monday,320,30
2020-05-26 16:49:00,Male,21,750,5617,India,Maharashtra,Nagpur,toys,plush toy,12,20,4,E-mails,2020-05-26 17:18:00,True,2020-05-26 17:25:00,Debit Card,2020-05-26 17:23:00,False,,16,26,5,Tuesday,80,8
2020-05-27 13:42:00,Female,19,722,3815,Japan,Tokyo,Tokyo,electronics,television,1000,1500,6,Billboard-QR code,2020-05-27 14:10:00,True,2020-05-27 14:24:00,Paypal,2020-05-27 14:14:00,False,,13,27,5,Wednesday,9000,500
2020-05-28 03:49:00,Female,33,675,6751,UK,England,London,toys,action figure,8,15,6,Billboard-QR code,2020-05-28 04:10:00,True,2020-05-28 04:17:00,Credit Card,2020-05-28 04:14:00,False,,3,28,5,Thursday,90,7
2020-05-28 05:48:00,Male,37,759,7681,Spain,Catalonia,Tarragona,home appliances,microwave oven,300,500,1,E-mails,2020-05-28 06:11:00,True,2020-05-28 06:26:00,Debit Card,2020-05-28 06:14:00,False,,5,28,5,Thursday,500,200
2020-05-28 07:05:00,Female,67,682,7758,Spain,Catalonia,Tarragona,home appliances,mixer grinder,60,90,5,Google-ads,2020-05-28 07:18:00,True,2020-05-28 07:23:00,Credit Card,2020-05-28 07:21:00,False,,7,28,5,Thursday,450,30
2020-05-30 02:17:00,Male,39,613,4454,USA,Texas,Houston,electronics,hair dryer,25,40,2,Google-ads,2020-05-30 02:23:00,True,2020-05-30 02:37:00,Credit Card,2020-05-30 02:28:00,False,,2,30,5,Saturday,80,15
2020-05-31 16:11:00,Male,43,766,5062,Canada,Quebec,Laval,books,novel,10,18,1,Billboard-QR code,2020-05-31 16:35:00,True,2020-05-31 16:46:00,Credit Card,2020-05-31 16:37:00,False,,16,31,5,Sunday,18,8
2020-06-01 12:47:00,Female,33,651,4750,India,Uttar Pradesh,Kanpur,fashion,shoes,60,100,5,Facebook-ads,2020-06-01 13:01:00,True,2020-06-01 13:16:00,Paypal,2020-06-01 13:06:00,False,,12,1,6,Monday,500,40
2020-06-02 08:34:00,Male,36,689,7791,UK,Scotland,Edinburgh,home appliances,mixer grinder,60,90,5,Instagram-ads,2020-06-02 08:48:00,False,,,2020-06-02 09:03:00,,,8,2,6,Tuesday,450,30
2020-06-02 20:21:00,Male,66,723,5953,UK,Scotland,Edinburgh,toys,action figure,8,15,5,Billboard-QR code,2020-06-02 20:31:00,True,2020-06-02 20:39:00,Credit Card,2020-06-02 20:35:00,False,,20,2,6,Tuesday,75,7
2020-06-03 01:15:00,Male,68,659,4001,China,Shandong,Yantai,home appliances,mixer grinder,60,90,3,Facebook-ads,2020-06-03 01:38:00,True,2020-06-03 01:46:00,Credit Card,2020-06-03 01:42:00,False,,1,3,6,Wednesday,270,30
2020-06-04 15:42:00,Female,29,631,3106,China,Guangdong,Shenzhen,books,magazine,5,8,1,E-mails,2020-06-04 15:52:00,True,2020-06-04 16:05:00,Credit Card,2020-06-04 15:56:00,False,,15,4,6,Thursday,8,3
2020-06-06 20:55:00,Female,33,731,5851,USA,Texas,Dallas,fashion,jeans,40,70,4,Twitter-ads,2020-06-06 21:16:00,True,2020-06-06 21:27:00,Credit Card,2020-06-06 21:20:00,False,,20,6,6,Saturday,280,30
2020-06-07 18:21:00,Female,64,682,7099,USA,California,San Jose,toys,action figure,8,15,5,Google-ads,2020-06-07 18:43:00,True,2020-06-07 18:58:00,Cash On Delivery,2020-06-07 18:46:00,False,,18,7,6,Sunday,75,7
2020-06-08 08:29:00,Male,64,753,3663,China,Guangdong,Shenzhen,home appliances,toaster,40,60,2,Google-ads,2020-06-08 08:46:00,False,,,2020-06-08 08:41:00,,,8,8,6,Monday,120,20
2020-06-08 21:05:00,Male,69,744,4260,India,Maharashtra,Nagpur,electronics,table fan,30,50,6,Instagram-ads,2020-06-08 21:28:00,True,2020-06-08 21:38:00,Debit Card,2020-06-08 21:32:00,False,,21,8,6,Monday,300,20
2020-06-09 01:12:00,Male,55,716,6651,Spain,Catalonia,Barcelona,toys,board game,20,35,5,Facebook-ads,2020-06-09 01:20:00,True,2020-06-09 01:26:00,Credit Card,2020-06-09 01:25:00,True,Arrived Late,1,9,6,Tuesday,175,15
2020-06-09 12:35:00,Male,59,744,6195,Japan,Kanagawa,Yokohama,electronics,television,1000,1500,2,Twitter-ads,2020-06-09 12:49:00,True,2020-06-09 12:59:00,Cash On Delivery,2020-06-09 12:51:00,False,,12,9,6,Tuesday,3000,500
2020-06-10 06:13:00,Male,72,760,3273,Spain,Catalonia,Tarragona,books,magazine,5,8,2,Twitter-ads,2020-06-10 06:42:00,True,2020-06-10 06:47:00,Cash On Delivery,2020-06-10 06:44:00,False,,6,10,6,Wednesday,16,3
2020-06-10 11:36:00,Male,72,646,3535,UK,Scotland,Aberdeen,home appliances,toaster,40,60,4,Instagram-ads,2020-06-10 12:05:00,True,2020-06-10 12:10:00,Paypal,2020-06-10 12:07:00,False,,11,10,6,Wednesday,240,20
2020-06-10 18:38:00,Female,60,669,3335,China,Guangdong,Guangzhou,home appliances,mixer grinder,60,90,5,Billboard-QR code,2020-06-10 19:04:00,True,2020-06-10 19:09:00,Debit Card,2020-06-10 19:08:00,False,,18,10,6,Wednesday,450,30
2020-06-10 22:58:00,Female,30,655,7566,Japan,Tokyo,Tokyo,books,novel,10,18,4,Billboard-QR code,2020-06-10 23:12:00,True,2020-06-10 23:22:00,Debit Card,2020-06-10 23:14:00,False,,22,10,6,Wednesday,72,8
2020-06-11 00:39:00,Female,27,747,7207,India,Uttar Pradesh,Kanpur,fashion,dress,50,80,6,E-mails,2020-06-11 00:54:00,True,2020-06-11 01:09:00,Credit Card,2020-06-11 00:56:00,False,,0,11,6,Thursday,480,30
2020-06-12 06:00:00,Male,68,669,7463,USA,Texas,Dallas,books,magazine,5,8,5,Twitter-ads,2020-06-12 06:21:00,True,2020-06-12 06:31:00,Credit Card,2020-06-12 06:26:00,True,Wrong Item,6,12,6,Friday,40,3
2020-06-12 11:21:00,Male,58,728,5821,Australia,New South Wales,Wollongong,electronics,hair dryer,25,40,6,Twitter-ads,2020-06-12 11:42:00,False,,,2020-06-12 11:24:00,,,11,12,6,Friday,240,15
2020-06-12 12:48:00,Female,44,683,3141,China,Shandong,Yantai,home appliances,toaster,40,60,4,E-mails,2020-06-12 12:54:00,False,,,2020-06-12 13:14:00,,,12,12,6,Friday,240,20
2020-06-12 19:58:00,Female,36,678,3748,UK,England,Birmingham,electronics,hair dryer,25,40,2,Billboard-QR code,2020-06-12 20:25:00,True,2020-06-12 20:35:00,Debit Card,2020-06-12 20:27:00,False,,19,12,6,Friday,80,15
2020-06-13 16:00:00,Male,28,762,7943,UK,England,London,fashion,dress,50,80,5,Google-ads,2020-06-13 16:27:00,True,2020-06-13 16:32:00,Cash On Delivery,2020-06-13 16:29:00,False,,16,13,6,Saturday,400,30
2020-06-13 19:28:00,Female,22,706,3318,Canada,Ontario,Ottawa,fashion,shoes,60,100,3,Instagram-ads,2020-06-13 19:34:00,True,2020-06-13 19:48:00,Credit Card,2020-06-13 19:39:00,False,,19,13,6,Saturday,300,40
2020-06-13 21:26:00,Male,36,697,6390,USA,California,San Diego,home appliances,microwave oven,300,500,6,E-mails,2020-06-13 21:42:00,True,2020-06-13 21:53:00,Credit Card,2020-06-13 21:45:00,False,,21,13,6,Saturday,3000,200
2020-06-13 21:34:00,Female,54,721,6535,China,Guangdong,Shenzhen,fashion,shoes,60,100,1,Billboard-QR code,2020-06-13 21:57:00,True,2020-06-13 22:08:00,Cash On Delivery,2020-06-13 22:00:00,False,,21,13,6,Saturday,100,40
2020-06-14 00:43:00,Female,64,641,7444,Italy,Lazio,Frosinone,toys,plush toy,12,20,6,Billboard-QR code,2020-06-14 01:05:00,False,,,2020-06-14 01:19:00,,,0,14,6,Sunday,120,8
2020-06-14 03:00:00,Male,21,733,6546,India,Uttar Pradesh,Kanpur,toys,action figure,8,15,1,Billboard-QR code,2020-06-14 03:30:00,True,2020-06-14 03:35:00,Cash On Delivery,2020-06-14 03:33:00,False,,3,14,6,Sunday,15,7
2020-06-14 04:35:00,Female,53,615,3306,Australia,Victoria,Melbourne,home appliances,mixer grinder,60,90,6,Billboard-QR code,2020-06-14 04:57:00,True,2020-06-14 05:08:00,Cash On Delivery,2020-06-14 05:02:00,False,,4,14,6,Sunday,540,30
2020-06-16 08:22:00,Female,62,681,4608,Australia,Victoria,Ballarat,books,novel,10,18,3,E-mails,2020-06-16 08:45:00,False,,,2020-06-16 08:25:00,,,8,16,6,Tuesday,54,8
2020-06-17 07:24:00,Male,69,693,7294,Canada,Quebec,Laval,books,textbook,30,50,1,Google-ads,2020-06-17 07:43:00,True,2020-06-17 07:56:00,Credit Card,2020-06-17 07:46:00,False,,7,17,6,Wednesday,50,20
2020-06-19 02:27:00,Male,24,723,7440,UK,Scotland,Aberdeen,toys,board game,20,35,1,Google-ads,2020-06-19 02:53:00,True,2020-06-19 02:58:00,Paypal,2020-06-19 02:56:00,True,Wrong Item,2,19,6,Friday,35,15
2020-06-20 01:15:00,Male,52,690,5478,China,Guangdong,Dongguan,toys,board game,20,35,5,Twitter-ads,2020-06-20 01:42:00,True,2020-06-20 01:54:00,Paypal,2020-06-20 01:45:00,False,,1,20,6,Saturday,175,15
2020-06-20 12:09:00,Male,32,771,3393,Spain,Andalusia,Granada,fashion,shoes,60,100,6,E-mails,2020-06-20 12:16:00,True,2020-06-20 12:25:00,Debit Card,2020-06-20 12:20:00,False,,12,20,6,Saturday,600,40
2020-06-20 19:48:00,Male,53,725,3365,China,Shandong,Qingdao,electronics,television,1000,1500,4,Google-ads,2020-06-20 19:59:00,True,2020-06-20 20:05:00,Debit Card,2020-06-20 20:01:00,False,,19,20,6,Saturday,6000,500
2020-06-20 23:10:00,Male,23,663,3779,Japan,Tokyo,Yokohama,fashion,jeans,40,70,1,Google-ads,2020-06-20 23:28:00,True,2020-06-20 23:35:00,Credit Card,2020-06-20 23:33:00,True,Wrong Item,23,20,6,Saturday,70,30
2020-06-22 06:35:00,Female,29,650,5800,Spain,Andalusia,Granada,home appliances,mixer grinder,60,90,3,E-mails,2020-06-22 07:01:00,True,2020-06-22 07:09:00,Cash On Delivery,2020-06-22 07:06:00,False,,6,22,6,Monday,270,30
2020-06-23 02:24:00,Male,70,655,5982,Italy,Lombardy,Brescia,electronics,hair dryer,25,40,4,Facebook-ads,2020-06-23 02:47:00,True,2020-06-23 02:56:00,Cash On Delivery,2020-06-23 02:51:00,False,,2,23,6,Tuesday,160,15
2020-06-25 14:14:00,Male,27,629,6988,UK,Scotland,Edinburgh,books,magazine,5,8,3,Facebook-ads,2020-06-25 14:41:00,True,2020-06-25 14:48:00,Paypal,2020-06-25 14:45:00,False,,14,25,6,Thursday,24,3
2020-06-27 14:40:00,Male,19,708,7634,Spain,Andalusia,Granada,electronics,table fan,30,50,1,Billboard-QR code,2020-06-27 14:58:00,False,,,2020-06-27 15:17:00,,,14,27,6,Saturday,50,20
2020-06-30 04:53:00,Male,33,639,5439,China,Shandong,Yantai,fashion,jeans,40,70,5,E-mails,2020-06-30 05:03:00,True,2020-06-30 05:08:00,Debit Card,2020-06-30 05:05:00,False,,4,30,6,Tuesday,350,30
2020-06-30 20:37:00,Male,37,735,7256,China,Guangdong,Dongguan,books,textbook,30,50,3,Twitter-ads,2020-06-30 21:03:00,True,2020-06-30 21:16:00,Credit Card,2020-06-30 21:05:00,False,,20,30,6,Tuesday,150,20
2020-07-01 20:57:00,Female,66,686,3628,Italy,Lazio,Frosinone,home appliances,microwave oven,300,500,2,Twitter-ads,2020-07-01 21:06:00,True,2020-07-01 21:11:00,Credit Card,2020-07-01 21:10:00,False,,20,1,7,Wednesday,1000,200
2020-07-03 16:09:00,Female,68,659,6354,India,Uttar Pradesh,Kanpur,toys,puzzle,15,25,5,Instagram-ads,2020-07-03 16:23:00,True,2020-07-03 16:30:00,Debit Card,2020-07-03 16:27:00,False,,16,3,7,Friday,125,10
2020-07-05 02:30:00,Male,49,742,3783,China,Shandong,Qingdao,home appliances,microwave oven,300,500,3,Google-ads,2020-07-05 02:43:00,True,2020-07-05 02:52:00,Debit Card,2020-07-05 02:47:00,False,,2,5,7,Sunday,1500,200
2020-07-05 21:50:00,Male,58,613,3775,Australia,Victoria,Melbourne,books,autobiography,20,35,5,E-mails,2020-07-05 22:10:00,True,2020-07-05 22:19:00,Debit Card,2020-07-05 22:15:00,False,,21,5,7,Sunday,175,15
2020-07-06 11:41:00,Male,71,754,6991,India,Maharashtra,Nagpur,toys,action figure,8,15,5,Facebook-ads,2020-07-06 11:52:00,True,2020-07-06 11:57:00,Debit Card,2020-07-06 11:54:00,False,,11,6,7,Monday,75,7
2020-07-06 14:05:00,Female,37,765,7219,UK,England,Manchester,electronics,hair dryer,25,40,3,Instagram-ads,2020-07-06 14:31:00,True,2020-07-06 14:41:00,Debit Card,2020-07-06 14:33:00,False,,14,6,7,Monday,120,15
2020-07-06 21:51:00,Female,59,724,5659,Italy,Lombardy,Brescia,electronics,hair dryer,25,40,3,Facebook-ads,2020-07-06 22:05:00,True,2020-07-06 22:19:00,Debit Card,2020-07-06 22:09:00,False,,21,6,7,Monday,120,15
2020-07-07 23:16:00,Male,47,686,6142,Japan,Kanagawa,Kawasaki,fashion,jeans,40,70,4,Google-ads,2020-07-07 23:24:00,True,2020-07-07 23:38:00,Debit Card,2020-07-07 23:26:00,False,,23,7,7,Tuesday,280,30
2020-07-08 01:05:00,Male,56,670,5863,Italy,Lazio,Latina,toys,puzzle,15,25,1,Billboard-QR code,2020-07-08 01:18:00,True,2020-07-08 01:26:00,Cash On Delivery,2020-07-08 01:23:00,False,,1,8,7,Wednesday,25,10
2020-07-08 13:54:00,Female,21,737,4730,Italy,Lombardy,Milan,home appliances,electric stove,250,400,3,Google-ads,2020-07-08 14:23:00,True,2020-07-08 14:29:00,Debit Card,2020-07-08 14:26:00,False,,13,8,7,Wednesday,1200,150
2020-07-08 14:30:00,Male,19,758,5407,Spain,Catalonia,Barcelona,fashion,dress,50,80,2,Facebook-ads,2020-07-08 14:39:00,True,2020-07-08 14:46:00,Cash On Delivery,2020-07-08 14:42:00,False,,14,8,7,Wednesday,160,30
2020-07-08 17:58:00,Female,57,694,6598,China,Shandong,Yantai,home appliances,microwave oven,300,500,4,E-mails,2020-07-08 18:10:00,True,2020-07-08 18:20:00,Credit Card,2020-07-08 18:14:00,False,,17,8,7,Wednesday,2000,200
2020-07-08 20:13:00,Female,40,626,7997,China,Shandong,Jinan,books,textbook,30,50,2,Instagram-ads,2020-07-08 20:18:00,True,2020-07-08 20:32:00,Credit Card,2020-07-08 20:21:00,False,,20,8,7,Wednesday,100,20
2020-07-11 02:43:00,Female,38,695,5027,China,Guangdong,Guangzhou,home appliances,toaster,40,60,1,Billboard-QR code,2020-07-11 02:59:00,False,,,2020-07-11 02:49:00,,,2,11,7,Saturday,60,20
2020-07-12 06:46:00,Female,66,727,4176,Spain,Catalonia,Tarragona,fashion,dress,50,80,4,Billboard-QR code,2020-07-12 07:07:00,True,2020-07-12 07:17:00,Credit Card,2020-07-12 07:09:00,False,,6,12,7,Sunday,320,30
2020-07-13 14:17:00,Female,48,604,5024,Australia,Victoria,Melbourne,home appliances,microwave oven,300,500,4,Instagram-ads,2020-07-13 14:43:00,True,2020-07-13 14:49:00,Paypal,2020-07-13 14:48:00,False,,14,13,7,Monday,2000,200
2020-07-14 02:30:00,Female,55,625,6753,Australia,New South Wales,Sydney,home appliances,electric stove,250,400,3,Twitter-ads,2020-07-14 02:57:00,True,2020-07-14 03:12:00,Cash On Delivery,2020-07-14 03:01:00,False,,2,14,7,Tuesday,1200,150
2020-07-14 15:25:00,Male,26,721,6914,Italy,Lombardy,Milan,books,textbook,30,50,6,Twitter-ads,2020-07-14 15:33:00,True,2020-07-14 15:42:00,Debit Card,2020-07-14 15:36:00,False,,15,14,7,Tuesday,300,20
2020-07-14 16:54:00,Male,47,670,6578,India,Maharashtra,Pune,toys,board game,20,35,6,Facebook-ads,2020-07-14 17:12:00,False,,,2020-07-14 16:59:00,,,16,14,7,Tuesday,210,15
2020-07-15 22:47:00,Male,58,685,3746,Italy,Lombardy,Bergamo,books,novel,10,18,4,Twitter-ads,2020-07-15 23:16:00,True,2020-07-15 23:26:00,Debit Card,2020-07-15 23:20:00,True,Arrived Late,22,15,7,Wednesday,72,8
2020-07-16 22:37:00,Male,55,651,4106,Canada,Ontario,Ottawa,toys,action figure,8,15,5,Instagram-ads,2020-07-16 22:55:00,True,2020-07-16 23:00:00,Debit Card,2020-07-16 22:59:00,False,,22,16,7,Thursday,75,7
2020-07-17 21:54:00,Female,31,726,7752,Italy,Lombardy,Brescia,books,textbook,30,50,6,Instagram-ads,2020-07-17 22:11:00,True,2020-07-17 22:25:00,Cash On Delivery,2020-07-17 22:15:00,False,,21,17,7,Friday,300,20
2020-07-18 22:52:00,Female,36,619,5787,USA,Texas,Houston,toys,board game,20,35,2,E-mails,2020-07-18 23:17:00,True,2020-07-18 23:31:00,Debit Card,2020-07-18 23:22:00,False,,22,18,7,Saturday,70,15
2020-07-19 15:58:00,Female,31,731,3343,USA,Texas,San Antonio,toys,puzzle,15,25,4,Google-ads,2020-07-19 16:12:00,True,2020-07-19 16:21:00,Credit Card,2020-07-19 16:14:00,False,,15,19,7,Sunday,100,10
2020-07-22 09:42:00,Male,56,615,3267,Canada,Ontario,Ottawa,home appliances,microwave oven,300,500,5,Billboard-QR code,2020-07-22 10:07:00,True,2020-07-22 10:18:00,Credit Card,2020-07-22 10:10:00,False,,9,22,7,Wednesday,2500,200
2020-07-23 14:10:00,Male,42,637,7962,USA,Texas,Houston,books,textbook,30,50,6,E-mails,2020-07-23 14:24:00,False,,,2020-07-23 14:37:00,,,14,23,7,Thursday,300,20
2020-07-23 15:48:00,Male,69,768,4007,China,Guangdong,Guangzhou,books,novel,10,18,6,Instagram-ads,2020-07-23 16:18:00,True,2020-07-23 16:30:00,Credit Card,2020-07-23 16:23:00,False,,15,23,7,Thursday,108,8
2020-07-23 16:20:00,Male,25,696,7829,Canada,Ontario,Ottawa,home appliances,toaster,40,60,5,Instagram-ads,2020-07-23 16:48:00,True,2020-07-23 16:58:00,Credit Card,2020-07-23 16:50:00,False,,16,23,7,Thursday,300,20
2020-07-23 23:40:00,Male,35,655,7663,Canada,Quebec,Montreal,home appliances,microwave oven,300,500,1,Google-ads,2020-07-23 23:58:00,True,2020-07-24 00:03:00,Debit Card,2020-07-24 00:01:00,False,,23,23,7,Thursday,500,200
2020-07-26 00:24:00,Male,66,665,5136,Japan,Tokyo,Tokyo,toys,board game,20,35,6,Google-ads,2020-07-26 00:38:00,False,,,2020-07-26 00:31:00,,,0,26,7,Sunday,210,15
2020-07-26 20:08:00,Male,36,644,5613,UK,England,London,electronics,television,1000,1500,5,Instagram-ads,2020-07-26 20:24:00,False,,,2020-07-26 20:13:00,,,20,26,7,Sunday,7500,500
2020-07-28 06:01:00,Male,58,771,4050,Spain,Catalonia,Tarragona,home appliances,mixer grinder,60,90,3,Facebook-ads,2020-07-28 06:20:00,True,2020-07-28 06:25:00,Credit Card,2020-07-28 06:25:00,False,,6,28,7,Tuesday,270,30
2020-07-29 04:28:00,Male,63,645,6134,UK,Scotland,Edinburgh,toys,board game,20,35,6,Twitter-ads,2020-07-29 04:50:00,True,2020-07-29 05:05:00,Credit Card,2020-07-29 04:53:00,False,,4,29,7,Wednesday,210,15
2020-07-29 09:13:00,Female,19,758,5334,Spain,Catalonia,Barcelona,fashion,t-shirt,15,25,1,Facebook-ads,2020-07-29 09:38:00,True,2020-07-29 09:53:00,Debit Card,2020-07-29 09:42:00,False,,9,29,7,Wednesday,25,10
2020-07-29 18:52:00,Female,61,753,6569,Spain,Andalusia,Malaga,fashion,t-shirt,15,25,6,Facebook-ads,2020-07-29 19:04:00,True,2020-07-29 19:15:00,Cash On Delivery,2020-07-29 19:07:00,True,Poor Quality,18,29,7,Wednesday,150,10
2020-07-29 22:29:00,Female,31,700,7951,Australia,Victoria,Melbourne,fashion,shoes,60,100,3,E-mails,2020-07-29 22:58:00,True,2020-07-29 23:03:00,Credit Card,2020-07-29 23:01:00,False,,22,29,7,Wednesday,300,40
2020-07-30 01:25:00,Female,41,616,4162,Italy,Lazio,Frosinone,fashion,shoes,60,100,6,E-mails,2020-07-30 01:45:00,True,2020-07-30 01:53:00,Debit Card,2020-07-30 01:48:00,False,,1,30,7,Thursday,600,40
2020-07-30 02:24:00,Female,20,676,7931,USA,Texas,Dallas,books,novel,10,18,3,Twitter-ads,2020-07-30 02:41:00,False,,,2020-07-30 03:03:00,,,2,30,7,Thursday,54,8
2020-07-30 06:37:00,Female,33,683,7477,USA,California,San Diego,books,novel,10,18,5,E-mails,2020-07-30 06:58:00,True,2020-07-30 07:07:00,Cash On Delivery,2020-07-30 07:03:00,False,,6,30,7,Thursday,90,8
2020-07-30 14:11:00,Male,63,648,3583,Japan,Tokyo,Kawasaki,fashion,t-shirt,15,25,4,Google-ads,2020-07-30 14:28:00,True,2020-07-30 14:41:00,Credit Card,2020-07-30 14:30:00,False,,14,30,7,Thursday,100,10
2020-07-31 17:48:00,Female,72,670,6252,China,Shandong,Qingdao,home appliances,microwave oven,300,500,6,Twitter-ads,2020-07-31 18:13:00,True,2020-07-31 18:20:00,Cash On Delivery,2020-07-31 18:15:00,False,,17,31,7,Friday,3000,200
2020-07-31 21:30:00,Female,48,762,7536,India,Uttar Pradesh,Ghaziabad,electronics,hair dryer,25,40,4,Instagram-ads,2020-07-31 21:42:00,True,2020-07-31 21:53:00,Paypal,2020-07-31 21:44:00,False,,21,31,7,Friday,160,15
2020-08-01 18:11:00,Female,35,667,3038,Italy,Lombardy,Bergamo,toys,board game,20,35,3,E-mails,2020-08-01 18:40:00,True,2020-08-01 18:53:00,Credit Card,2020-08-01 18:43:00,False,,18,1,8,Saturday,105,15
2020-08-02 03:40:00,Female,36,754,7513,USA,California,San Jose,fashion,shoes,60,100,1,Google-ads,2020-08-02 03:46:00,True,2020-08-02 03:53:00,Debit Card,2020-08-02 03:48:00,True,Arrived Damaged,3,2,8,Sunday,100,40
2020-08-04 16:23:00,Male,55,646,3487,Spain,Andalusia,Granada,toys,plush toy,12,20,2,E-mails,2020-08-04 16:52:00,True,2020-08-04 17:07:00,Credit Card,2020-08-04 16:56:00,False,,16,4,8,Tuesday,40,8
2020-08-04 20:14:00,Female,53,678,3287,Canada,Ontario,Mississauga,home appliances,mixer grinder,60,90,4,Google-ads,2020-08-04 20:21:00,True,2020-08-04 20:28:00,Credit Card,2020-08-04 20:25:00,True,Arrived Late,20,4,8,Tuesday,360,30
2020-08-05 11:52:00,Male,25,631,6647,Canada,Ontario,Mississauga,toys,plush toy,12,20,5,Billboard-QR code,2020-08-05 12:08:00,True,2020-08-05 12:23:00,Paypal,2020-08-05 12:12:00,False,,11,5,8,Wednesday,100,8
2020-08-05 17:34:00,Female,63,603,4676,Canada,Ontario,Mississauga,toys,puzzle,15,25,3,Instagram-ads,2020-08-05 17:42:00,True,2020-08-05 17:52:00,Credit Card,2020-08-05 17:44:00,False,,17,5,8,Wednesday,75,10
2020-08-06 05:47:00,Female,22,686,6060,India,Maharashtra,Nagpur,home appliances,electric stove,250,400,4,E-mails,2020-08-06 06:02:00,True,2020-08-06 06:12:00,Debit Card,2020-08-06 06:04:00,False,,5,6,8,Thursday,1600,150
2020-08-07 21:45:00,Male,66,644,6267,Australia,New South Wales,Newcastle,toys,puzzle,15,25,3,Twitter-ads,2020-08-07 21:56:00,True,2020-08-07 22:03:00,Credit Card,2020-08-07 22:01:00,False,,21,7,8,Friday,75,10
2020-08-08 02:57:00,Female,70,658,4286,Italy,Lazio,Frosinone,fashion,jeans,40,70,1,Facebook-ads,2020-08-08 03:14:00,True,2020-08-08 03:26:00,Paypal,2020-08-08 03:18:00,False,,2,8,8,Saturday,70,30
2020-08-09 07:35:00,Male,68,774,4072,Spain,Catalonia,Girona,fashion,shoes,60,100,1,Billboard-QR code,2020-08-09 08:02:00,True,2020-08-09 08:15:00,Debit Card,2020-08-09 08:05:00,False,,7,9,8,Sunday,100,40
2020-08-09 12:04:00,Female,20,690,7518,USA,California,San Diego,books,autobiography,20,35,2,E-mails,2020-08-09 12:20:00,True,2020-08-09 12:30:00,Debit Card,2020-08-09 12:22:00,False,,12,9,8,Sunday,70,15
2020-08-09 20:36:00,Male,43,740,6117,Italy,Lombardy,Brescia,fashion,jeans,40,70,6,Twitter-ads,2020-08-09 21:03:00,True,2020-08-09 21:13:00,Debit Card,2020-08-09 21:08:00,False,,20,9,8,Sunday,420,30
2020-08-10 22:32:00,Male,44,732,7977,Italy,Lombardy,Brescia,electronics,television,1000,1500,1,Facebook-ads,2020-08-10 22:55:00,True,2020-08-10 23:04:00,Paypal,2020-08-10 22:58:00,True,Poor Quality,22,10,8,Monday,1500,500
2020-08-10 22:34:00,Female,23,703,7909,Spain,Andalusia,Granada,toys,puzzle,15,25,2,Facebook-ads,2020-08-10 23:00:00,True,2020-08-10 23:10:00,Cash On Delivery,2020-08-10 23:05:00,False,,22,10,8,Monday,50,10
2020-08-13 14:48:00,Male,51,757,5682,Spain,Andalusia,Granada,fashion,jeans,40,70,6,E-mails,2020-08-13 15:11:00,True,2020-08-13 15:22:00,Credit Card,2020-08-13 15:15:00,False,,14,13,8,Thursday,420,30
2020-08-14 23:14:00,Male,25,750,7999,Italy,Lazio,Latina,toys,board game,20,35,3,Billboard-QR code,2020-08-14 23:40:00,True,2020-08-14 23:50:00,Credit Card,2020-08-14 23:43:00,False,,23,14,8,Friday,105,15
2020-08-15 03:27:00,Female,42,665,6204,Australia,Victoria,Geelong,home appliances,toaster,40,60,4,Google-ads,2020-08-15 03:48:00,False,,,2020-08-15 03:53:00,,,3,15,8,Saturday,240,20
2020-08-15 12:14:00,Female,37,642,7822,USA,Texas,San Antonio,fashion,t-shirt,15,25,6,Google-ads,2020-08-15 12:35:00,True,2020-08-15 12:48:00,Cash On Delivery,2020-08-15 12:40:00,False,,12,15,8,Saturday,150,10
2020-08-16 16:09:00,Male,47,625,4495,Spain,Catalonia,Girona,fashion,shoes,60,100,5,Facebook-ads,2020-08-16 16:15:00,True,2020-08-16 16:20:00,Credit Card,2020-08-16 16:19:00,False,,16,16,8,Sunday,500,40
2020-08-16 20:11:00,Female,37,752,7118,Japan,Kanagawa,Sagamihara,home appliances,electric stove,250,400,3,E-mails,2020-08-16 20:33:00,True,2020-08-16 20:40:00,Debit Card,2020-08-16 20:36:00,False,,20,16,8,Sunday,1200,150
2020-08-17 21:40:00,Female,44,773,3205,Italy,Lombardy,Brescia,toys,plush toy,12,20,5,Facebook-ads,2020-08-17 21:49:00,True,2020-08-17 21:56:00,Debit Card,2020-08-17 21:54:00,True,Poor Value,21,17,8,Monday,100,8
2020-08-18 19:08:00,Female,71,676,4933,Spain,Catalonia,Barcelona,home appliances,mixer grinder,60,90,6,Instagram-ads,2020-08-18 19:15:00,True,2020-08-18 19:29:00,Debit Card,2020-08-18 19:20:00,False,,19,18,8,Tuesday,540,30
2020-08-18 20:37:00,Female,68,780,6977,UK,England,Manchester,toys,plush toy,12,20,3,Billboard-QR code,2020-08-18 20:58:00,True,2020-08-18 21:04:00,Cash On Delivery,2020-08-18 21:03:00,False,,20,18,8,Tuesday,60,8
2020-08-19 15:14:00,Male,71,630,7370,Spain,Catalonia,Tarragona,fashion,shoes,60,100,2,Facebook-ads,2020-08-19 15:34:00,True,2020-08-19 15:45:00,Paypal,2020-08-19 15:39:00,False,,15,19,8,Wednesday,200,40
2020-08-20 10:40:00,Female,57,748,6560,China,Guangdong,Shenzhen,books,autobiography,20,35,4,Facebook-ads,2020-08-20 10:52:00,True,2020-08-20 11:04:00,Credit Card,2020-08-20 10:54:00,False,,10,20,8,Thursday,140,15
2020-08-20 16:27:00,Female,59,764,7346,Japan,Kanagawa,Yokohama,books,autobiography,20,35,6,Facebook-ads,2020-08-20 16:51:00,True,2020-08-20 17:05:00,Credit Card,2020-08-20 16:54:00,False,,16,20,8,Thursday,210,15
2020-08-20 17:47:00,Female,70,763,3083,China,Shandong,Qingdao,home appliances,toaster,40,60,4,Twitter-ads,2020-08-20 18:12:00,True,2020-08-20 18:19:00,Cash On Delivery,2020-08-20 18:15:00,False,,17,20,8,Thursday,240,20
2020-08-21 13:21:00,Male,57,613,6532,Canada,Quebec,Montreal,home appliances,microwave oven,300,500,1,E-mails,2020-08-21 13:35:00,True,2020-08-21 13:42:00,Debit Card,2020-08-21 13:38:00,False,,13,21,8,Friday,500,200
2020-08-22 15:17:00,Male,38,714,3282,Japan,Kanagawa,Yokohama,electronics,television,1000,1500,4,Twitter-ads,2020-08-22 15:47:00,True,2020-08-22 15:52:00,Cash On Delivery,2020-08-22 15:52:00,False,,15,22,8,Saturday,6000,500
2020-08-23 02:04:00,Female,59,650,7996,Canada,Quebec,Quebec City,toys,puzzle,15,25,5,Billboard-QR code,2020-08-23 02:30:00,True,2020-08-23 02:40:00,Credit Card,2020-08-23 02:35:00,False,,2,23,8,Sunday,125,10
2020-08-25 12:46:00,Male,69,680,6832,UK,England,London,fashion,dress,50,80,5,Google-ads,2020-08-25 13:16:00,True,2020-08-25 13:31:00,Credit Card,2020-08-25 13:20:00,False,,12,25,8,Tuesday,400,30
2020-08-25 18:04:00,Male,37,771,3436,Canada,Ontario,Ottawa,toys,board game,20,35,1,E-mails,2020-08-25 18:25:00,False,,,2020-08-25 18:44:00,,,18,25,8,Tuesday,35,15
2020-08-27 08:50:00,Female,62,637,5326,Italy,Lombardy,Bergamo,toys,plush toy,12,20,5,Twitter-ads,2020-08-27 09:08:00,True,2020-08-27 09:14:00,Paypal,2020-08-27 09:13:00,False,,8,27,8,Thursday,100,8
2020-08-28 05:37:00,Male,31,714,7939,India,Maharashtra,Pune,toys,puzzle,15,25,2,Instagram-ads,2020-08-28 06:00:00,True,2020-08-28 06:11:00,Debit Card,2020-08-28 06:05:00,False,,5,28,8,Friday,50,10
2020-08-28 14:57:00,Female,49,705,7432,UK,Scotland,Aberdeen,electronics,television,1000,1500,4,Twitter-ads,2020-08-28 15:06:00,True,2020-08-28 15:11:00,Cash On Delivery,2020-08-28 15:09:00,False,,14,28,8,Friday,6000,500
2020-08-29 06:53:00,Female,36,740,4668,Australia,Victoria,Geelong,electronics,television,1000,1500,2,Instagram-ads,2020-08-29 06:58:00,True,2020-08-29 07:11:00,Credit Card,2020-08-29 07:00:00,False,,6,29,8,Saturday,3000,500
2020-08-31 08:41:00,Male,22,667,6583,Spain,Andalusia,Seville,books,textbook,30,50,2,E-mails,2020-08-31 08:51:00,True,2020-08-31 09:06:00,Credit Card,2020-08-31 08:55:00,False,,8,31,8,Monday,100,20
2020-08-31 14:54:00,Male,25,673,4938,India,Maharashtra,Pune,home appliances,microwave oven,300,500,1,Instagram-ads,2020-08-31 15:02:00,True,2020-08-31 15:16:00,Credit Card,2020-08-31 15:07:00,False,,14,31,8,Monday,500,200
2020-09-01 01:58:00,Male,24,767,5928,Italy,Lombardy,Milan,toys,puzzle,15,25,6,Instagram-ads,2020-09-01 02:14:00,True,2020-09-01 02:29:00,Debit Card,2020-09-01 02:17:00,True,Poor Value,1,1,9,Tuesday,150,10
2020-09-01 04:43:00,Female,58,643,3808,Australia,Victoria,Melbourne,toys,board game,20,35,2,Google-ads,2020-09-01 05:07:00,True,2020-09-01 05:13:00,Credit Card,2020-09-01 05:09:00,False,,4,1,9,Tuesday,70,15
2020-09-01 18:14:00,Female,55,762,7695,Australia,New South Wales,Newcastle,home appliances,toaster,40,60,6,Twitter-ads,2020-09-01 18:39:00,True,2020-09-01 18:44:00,Debit Card,2020-09-01 18:43:00,False,,18,1,9,Tuesday,360,20
2020-09-01 22:22:00,Female,29,684,4729,USA,Texas,Dallas,electronics,hair dryer,25,40,5,E-mails,2020-09-01 22:48:00,True,2020-09-01 23:02:00,Credit Card,2020-09-01 22:51:00,False,,22,1,9,Tuesday,200,15
2020-09-04 09:52:00,Male,36,623,6092,Canada,Ontario,Ottawa,fashion,jeans,40,70,5,Facebook-ads,2020-09-04 10:19:00,True,2020-09-04 10:31:00,Debit Card,2020-09-04 10:22:00,False,,9,4,9,Friday,350,30
2020-09-05 05:52:00,Female,25,628,6015,Italy,Lombardy,Bergamo,home appliances,mixer grinder,60,90,1,Twitter-ads,2020-09-05 06:00:00,False,,,2020-09-05 06:22:00,,,5,5,9,Saturday,90,30
2020-09-05 07:57:00,Female,25,650,6818,UK,Scotland,Edinburgh,fashion,t-shirt,15,25,1,Instagram-ads,2020-09-05 08:25:00,True,2020-09-05 08:33:00,Credit Card,2020-09-05 08:30:00,True,Arrived Damaged,7,5,9,Saturday,25,10
2020-09-05 12:53:00,Male,21,665,3192,UK,England,Manchester,electronics,laptop,800,1200,4,Twitter-ads,2020-09-05 13:21:00,True,2020-09-05 13:34:00,Credit Card,2020-09-05 13:24:00,False,,12,5,9,Saturday,4800,400
2020-09-05 22:26:00,Female,25,621,5092,India,Maharashtra,Pune,home appliances,toaster,40,60,2,Facebook-ads,2020-09-05 22:42:00,True,2020-09-05 22:57:00,Cash On Delivery,2020-09-05 22:46:00,False,,22,5,9,Saturday,120,20
2020-09-08 05:05:00,Male,44,641,3251,Australia,Victoria,Geelong,toys,plush toy,12,20,2,Twitter-ads,2020-09-08 05:27:00,True,2020-09-08 05:32:00,Cash On Delivery,2020-09-08 05:32:00,False,,5,8,9,Tuesday,40,8
2020-09-09 15:18:00,Female,71,776,7517,Spain,Catalonia,Barcelona,toys,board game,20,35,1,Google-ads,2020-09-09 15:46:00,True,2020-09-09 15:52:00,Credit Card,2020-09-09 15:50:00,True,Poor Value,15,9,9,Wednesday,35,15
2020-09-10 03:00:00,Male,18,637,5108,India,Maharashtra,Pune,toys,action figure,8,15,6,Google-ads,2020-09-10 03:11:00,True,2020-09-10 03:18:00,Paypal,2020-09-10 03:14:00,False,,3,10,9,Thursday,90,7
2020-09-10 04:17:00,Female,71,610,5216,USA,Texas,San Antonio,toys,board game,20,35,3,E-mails,2020-09-10 04:23:00,True,2020-09-10 04:37:00,Cash On Delivery,2020-09-10 04:27:00,True,Poor Value,4,10,9,Thursday,105,15
2020-09-10 10:48:00,Female,43,749,6970,Japan,Kanagawa,Kawasaki,books,novel,10,18,3,Twitter-ads,2020-09-10 10:55:00,True,2020-09-10 11:01:00,Credit Card,2020-09-10 11:00:00,False,,10,10,9,Thursday,54,8
2020-09-11 09:09:00,Male,71,673,4336,UK,England,Birmingham,fashion,shoes,60,100,6,E-mails,2020-09-11 09:22:00,True,2020-09-11 09:34:00,Debit Card,2020-09-11 09:24:00,False,,9,11,9,Friday,600,40
2020-09-11 15:55:00,Female,41,747,6170,Canada,Ontario,Ottawa,electronics,table fan,30,50,4,Twitter-ads,2020-09-11 16:12:00,True,2020-09-11 16:26:00,Cash On Delivery,2020-09-11 16:14:00,False,,15,11,9,Friday,200,20
2020-09-12 00:35:00,Male,21,742,5855,India,Uttar Pradesh,Ghaziabad,toys,puzzle,15,25,5,Instagram-ads,2020-09-12 00:41:00,True,2020-09-12 00:46:00,Credit Card,2020-09-12 00:43:00,False,,0,12,9,Saturday,125,10
2020-09-14 06:05:00,Female,37,732,3001,China,Shandong,Jinan,fashion,jeans,40,70,5,Google-ads,2020-09-14 06:18:00,True,2020-09-14 06:27:00,Credit Card,2020-09-14 06:21:00,False,,6,14,9,Monday,350,30
2020-09-14 18:46:00,Female,39,753,5893,Spain,Andalusia,Malaga,fashion,jeans,40,70,6,Billboard-QR code,2020-09-14 18:58:00,True,2020-09-14 19:09:00,Paypal,2020-09-14 19:01:00,False,,18,14,9,Monday,420,30
2020-09-17 22:33:00,Male,56,650,5154,Japan,Tokyo,Kawasaki,home appliances,mixer grinder,60,90,5,Instagram-ads,2020-09-17 22:53:00,True,2020-09-17 23:05:00,Cash On Delivery,2020-09-17 22:56:00,True,Poor Value,22,17,9,Thursday,450,30
2020-09-18 09:53:00,Male,41,716,3569,India,Uttar Pradesh,Kanpur,books,magazine,5,8,5,Billboard-QR code,2020-09-18 10:10:00,True,2020-09-18 10:15:00,Debit Card,2020-09-18 10:13:00,False,,9,18,9,Friday,40,3
2020-09-20 23:20:00,Female,60,759,5206,Canada,Quebec,Laval,home appliances,mixer grinder,60,90,1,E-mails,2020-09-20 23:27:00,True,2020-09-20 23:40:00,Paypal,2020-09-20 23:30:00,False,,23,20,9,Sunday,90,30
2020-09-22 14:24:00,Male,44,664,6461,Australia,New South Wales,Wollongong,electronics,laptop,800,1200,3,Instagram-ads,2020-09-22 14:50:00,True,2020-09-22 15:05:00,Credit Card,2020-09-22 14:52:00,False,,14,22,9,Tuesday,3600,400
2020-09-22 15:57:00,Female,72,705,5746,China,Shandong,Jinan,fashion,t-shirt,15,25,3,Twitter-ads,2020-09-22 16:17:00,True,2020-09-22 16:30:00,Credit Card,2020-09-22 16:22:00,False,,15,22,9,Tuesday,75,10
2020-09-22 23:13:00,Male,48,634,3687,Japan,Kanagawa,Yokohama,fashion,jeans,40,70,5,Instagram-ads,2020-09-22 23:21:00,True,2020-09-22 23:34:00,Cash On Delivery,2020-09-22 23:25:00,False,,23,22,9,Tuesday,350,30
2020-09-23 10:56:00,Female,19,735,6095,India,Maharashtra,Pune,electronics,television,1000,1500,3,Billboard-QR code,2020-09-23 11:01:00,True,2020-09-23 11:14:00,Cash On Delivery,2020-09-23 11:05:00,False,,10,23,9,Wednesday,4500,500
2020-09-24 17:17:00,Female,41,715,4442,Italy,Lombardy,Milan,books,autobiography,20,35,1,Instagram-ads,2020-09-24 17:40:00,True,2020-09-24 17:55:00,Credit Card,2020-09-24 17:45:00,False,,17,24,9,Thursday,35,15
2020-09-25 10:53:00,Female,25,663,4251,UK,England,Manchester,books,autobiography,20,35,5,E-mails,2020-09-25 11:20:00,True,2020-09-25 11:34:00,Cash On Delivery,2020-09-25 11:24:00,False,,10,25,9,Friday,175,15
2020-09-25 11:08:00,Male,32,719,6818,Japan,Kanagawa,Kawasaki,home appliances,electric stove,250,400,4,E-mails,2020-09-25 11:24:00,True,2020-09-25 11:35:00,Debit Card,2020-09-25 11:29:00,False,,11,25,9,Friday,1600,150
2020-09-25 15:18:00,Male,48,630,6152,Spain,Catalonia,Girona,toys,puzzle,15,25,5,Instagram-ads,2020-09-25 15:24:00,True,2020-09-25 15:31:00,Credit Card,2020-09-25 15:28:00,False,,15,25,9,Friday,125,10
2020-09-26 10:06:00,Male,36,655,6362,USA,Texas,Dallas,electronics,television,1000,1500,2,E-mails,2020-09-26 10:32:00,False,,,2020-09-26 10:46:00,,,10,26,9,Saturday,3000,500
2020-09-27 13:12:00,Male,54,730,7351,Japan,Kanagawa,Kawasaki,electronics,laptop,800,1200,5,Instagram-ads,2020-09-27 13:36:00,True,2020-09-27 13:50:00,Debit Card,2020-09-27 13:40:00,False,,13,27,9,Sunday,6000,400
2020-09-28 17:38:00,Female,65,670,6780,Japan,Kanagawa,Yokohama,electronics,laptop,800,1200,5,Facebook-ads,2020-09-28 17:45:00,True,2020-09-28 18:00:00,Cash On Delivery,2020-09-28 17:47:00,False,,17,28,9,Monday,6000,400
2020-09-29 11:45:00,Female,25,639,6309,China,Shandong,Qingdao,toys,puzzle,15,25,3,Twitter-ads,2020-09-29 12:08:00,True,2020-09-29 12:20:00,Debit Card,2020-09-29 12:10:00,False,,11,29,9,Tuesday,75,10
2020-09-30 01:40:00,Female,65,714,6865,Spain,Andalusia,Malaga,toys,puzzle,15,25,4,Billboard-QR code,2020-09-30 01:54:00,False,,,2020-09-30 02:19:00,,,1,30,9,Wednesday,100,10
2020-09-30 02:24:00,Male,25,694,5757,Spain,Andalusia,Seville,home appliances,electric stove,250,400,4,Twitter-ads,2020-09-30 02:51:00,True,2020-09-30 02:56:00,Cash On Delivery,2020-09-30 02:53:00,False,,2,30,9,Wednesday,1600,150
2020-09-30 15:38:00,Male,44,633,3415,Australia,New South Wales,Wollongong,home appliances,mixer grinder,60,90,5,Instagram-ads,2020-09-30 15:56:00,True,2020-09-30 16:01:00,Cash On Delivery,2020-09-30 16:00:00,False,,15,30,9,Wednesday,450,30
2020-09-30 23:29:00,Male,57,686,4683,Japan,Kanagawa,Sagamihara,fashion,jeans,40,70,6,Instagram-ads,2020-09-30 23:45:00,False,,,2020-09-30 23:51:00,,,23,30,9,Wednesday,420,30
2020-10-01 23:46:00,Female,28,745,3283,Japan,Tokyo,Tokyo,toys,action figure,8,15,5,Google-ads,2020-10-02 00:13:00,True,2020-10-02 00:19:00,Cash On Delivery,2020-10-02 00:16:00,False,,23,1,10,Thursday,75,7
2020-10-02 09:33:00,Female,32,626,7670,Italy,Lombardy,Brescia,electronics,television,1000,1500,6,Billboard-QR code,2020-10-02 10:00:00,True,2020-10-02 10:06:00,Credit Card,2020-10-02 10:03:00,False,,9,2,10,Friday,9000,500
2020-10-02 22:18:00,Female,44,768,5287,USA,California,San Diego,books,novel,10,18,1,Billboard-QR code,2020-10-02 22:26:00,True,2020-10-02 22:31:00,Debit Card,2020-10-02 22:29:00,True,Poor Value,22,2,10,Friday,18,8
2020-10-03 10:45:00,Female,61,733,4466,Canada,Ontario,Mississauga,books,magazine,5,8,1,Google-ads,2020-10-03 10:57:00,True,2020-10-03 11:10:00,Debit Card,2020-10-03 11:01:00,False,,10,3,10,Saturday,8,3
2020-10-05 13:44:00,Female,38,734,7946,USA,California,San Jose,toys,board game,20,35,2,E-mails,2020-10-05 14:05:00,True,2020-10-05 14:20:00,Credit Card,2020-10-05 14:07:00,False,,13,5,10,Monday,70,15
2020-10-07 05:55:00,Male,40,663,5638,Spain,Andalusia,Granada,toys,board game,20,35,1,Facebook-ads,2020-10-07 06:10:00,False,,,2020-10-07 06:09:00,,,5,7,10,Wednesday,35,15
2020-10-08 20:08:00,Male,40,673,7737,Australia,Victoria,Melbourne,electronics,hair dryer,25,40,4,E-mails,2020-10-08 20:13:00,True,2020-10-08 20:23:00,Cash On Delivery,2020-10-08 20:15:00,True,Arrived Damaged,20,8,10,Thursday,160,15
2020-10-08 22:54:00,Female,21,665,7376,Canada,Ontario,Ottawa,fashion,t-shirt,15,25,2,Google-ads,2020-10-08 23:02:00,True,2020-10-08 23:07:00,Cash On Delivery,2020-10-08 23:06:00,False,,22,8,10,Thursday,50,10
2020-10-09 02:30:00,Male,69,700,7132,Italy,Lombardy,Milan,books,magazine,5,8,5,Twitter-ads,2020-10-09 02:47:00,True,2020-10-09 02:53:00,Credit Card,2020-10-09 02:49:00,False,,2,9,10,Friday,40,3
2020-10-10 16:59:00,Female,60,690,6557,Spain,Andalusia,Seville,home appliances,mixer grinder,60,90,5,Google-ads,2020-10-10 17:28:00,True,2020-10-10 17:34:00,Credit Card,2020-10-10 17:30:00,False,,16,10,10,Saturday,450,30
2020-10-12 02:38:00,Male,27,660,3386,Italy,Lazio,Latina,books,textbook,30,50,5,Instagram-ads,2020-10-12 02:51:00,True,2020-10-12 03:00:00,Credit Card,2020-10-12 02:53:00,False,,2,12,10,Monday,250,20
2020-10-12 09:43:00,Female,50,754,5605,China,Guangdong,Shenzhen,books,textbook,30,50,1,Twitter-ads,2020-10-12 10:05:00,True,2020-10-12 10:10:00,Credit Card,2020-10-12 10:10:00,False,,9,12,10,Monday,50,20
2020-10-13 01:52:00,Male,51,719,6191,Japan,Tokyo,Tokyo,electronics,table fan,30,50,6,Billboard-QR code,2020-10-13 02:21:00,True,2020-10-13 02:34:00,Credit Card,2020-10-13 02:24:00,False,,1,13,10,Tuesday,300,20
2020-10-13 02:42:00,Female,53,765,4916,UK,England,Manchester,home appliances,microwave oven,300,500,4,Google-ads,2020-10-13 03:01:00,False,,,2020-10-13 03:09:00,,,2,13,10,Tuesday,2000,200
2020-10-13 12:46:00,Male,31,668,4686,USA,California,San Jose,toys,action figure,8,15,6,Instagram-ads,2020-10-13 13:10:00,False,,,2020-10-13 12:52:00,,,12,13,10,Tuesday,90,7
2020-10-18 03:40:00,Female,34,734,5695,Australia,Victoria,Melbourne,books,autobiography,20,35,3,Twitter-ads,2020-10-18 04:04:00,True,2020-10-18 04:15:00,Credit Card,2020-10-18 04:08:00,False,,3,18,10,Sunday,105,15
2020-10-18 20:20:00,Male,21,722,5544,Australia,Victoria,Melbourne,books,novel,10,18,4,Google-ads,2020-10-18 20:41:00,False,,,2020-10-18 20:59:00,,,20,18,10,Sunday,72,8
2020-10-19 10:46:00,Female,23,701,6395,Spain,Andalusia,Malaga,books,novel,10,18,5,Billboard-QR code,2020-10-19 10:56:00,True,2020-10-19 11:05:00,Debit Card,2020-10-19 10:59:00,False,,10,19,10,Monday,90,8
2020-10-19 19:26:00,Female,28,724,4455,Italy,Lazio,Rome,fashion,t-shirt,15,25,2,Facebook-ads,2020-10-19 19:47:00,True,2020-10-19 20:01:00,Credit Card,2020-10-19 19:49:00,False,,19,19,10,Monday,50,10
2020-10-19 22:16:00,Male,22,708,3646,Spain,Andalusia,Seville,electronics,laptop,800,1200,5,Twitter-ads,2020-10-19 22:41:00,True,2020-10-19 22:50:00,Cash On Delivery,2020-10-19 22:46:00,False,,22,19,10,Monday,6000,400
2020-10-19 23:49:00,Female,26,619,7259,Australia,New South Wales,Sydney,books,novel,10,18,3,Twitter-ads,2020-10-19 23:54:00,True,2020-10-20 00:01:00,Credit Card,2020-10-19 23:59:00,False,,23,19,10,Monday,54,8
2020-10-21 10:23:00,Male,63,636,7287,Italy,Lazio,Rome,fashion,t-shirt,15,25,1,Facebook-ads,2020-10-21 10:35:00,True,2020-10-21 10:47:00,Cash On Delivery,2020-10-21 10:38:00,False,,10,21,10,Wednesday,25,10
2020-10-21 17:45:00,Male,49,731,7237,Australia,New South Wales,Sydney,toys,action figure,8,15,6,Billboard-QR code,2020-10-21 18:09:00,True,2020-10-21 18:22:00,Debit Card,2020-10-21 18:11:00,True,Wrong Item,17,21,10,Wednesday,90,7
2020-10-22 20:14:00,Male,53,727,4396,Japan,Kanagawa,Yokohama,fashion,jeans,40,70,4,Twitter-ads,2020-10-22 20:44:00,True,2020-10-22 20:50:00,Paypal,2020-10-22 20:49:00,True,Wrong Item,20,22,10,Thursday,280,30
2020-10-23 00:36:00,Male,71,634,3390,Australia,New South Wales,Sydney,fashion,t-shirt,15,25,4,Twitter-ads,2020-10-23 01:00:00,True,2020-10-23 01:12:00,Debit Card,2020-10-23 01:05:00,False,,0,23,10,Friday,100,10
2020-10-23 22:09:00,Male,46,695,6693,India,Maharashtra,Pune,electronics,hair dryer,25,40,4,E-mails,2020-10-23 22:34:00,True,2020-10-23 22:46:00,Credit Card,2020-10-23 22:36:00,False,,22,23,10,Friday,160,15
2020-10-27 05:06:00,Female,68,777,4013,Australia,New South Wales,Sydney,fashion,dress,50,80,4,Billboard-QR code,2020-10-27 05:27:00,True,2020-10-27 05:39:00,Debit Card,2020-10-27 05:29:00,False,,5,27,10,Tuesday,320,30
2020-10-31 13:56:00,Male,25,672,3347,Canada,Ontario,Ottawa,electronics,table fan,30,50,5,Twitter-ads,2020-10-31 14:03:00,True,2020-10-31 14:14:00,Cash On Delivery,2020-10-31 14:07:00,False,,13,31,10,Saturday,250,20
2020-10-31 19:31:00,Male,33,661,3168,Australia,New South Wales,Wollongong,electronics,hair dryer,25,40,3,Google-ads,2020-10-31 19:37:00,True,2020-10-31 19:49:00,Debit Card,2020-10-31 19:39:00,False,,19,31,10,Saturday,120,15
2020-11-01 04:18:00,Male,60,774,7058,Spain,Catalonia,Tarragona,toys,plush toy,12,20,1,Instagram-ads,2020-11-01 04:33:00,True,2020-11-01 04:40:00,Cash On Delivery,2020-11-01 04:38:00,False,,4,1,11,Sunday,20,8
2020-11-01 04:42:00,Female,39,697,6005,Spain,Andalusia,Malaga,toys,puzzle,15,25,2,E-mails,2020-11-01 04:57:00,True,2020-11-01 05:04:00,Cash On Delivery,2020-11-01 05:01:00,False,,4,1,11,Sunday,50,10
2020-11-01 10:19:00,Female,62,652,6014,Canada,Ontario,Ottawa,home appliances,electric stove,250,400,5,Facebook-ads,2020-11-01 10:33:00,True,2020-11-01 10:39:00,Credit Card,2020-11-01 10:38:00,False,,10,1,11,Sunday,2000,150
2020-11-01 20:22:00,Female,55,649,7955,Canada,Quebec,Quebec City,home appliances,mixer grinder,60,90,1,Instagram-ads,2020-11-01 20:28:00,True,2020-11-01 20:34:00,Paypal,2020-11-01 20:32:00,False,,20,1,11,Sunday,90,30
2020-11-03 22:43:00,Male,30,752,4800,USA,Texas,Houston,home appliances,toaster,40,60,2,Facebook-ads,2020-11-03 23:04:00,True,2020-11-03 23:15:00,Debit Card,2020-11-03 23:06:00,False,,22,3,11,Tuesday,120,20
2020-11-04 08:50:00,Female,26,629,4516,Italy,Lombardy,Brescia,home appliances,toaster,40,60,5,Instagram-ads,2020-11-04 09:02:00,True,2020-11-04 09:07:00,Paypal,2020-11-04 09:06:00,False,,8,4,11,Wednesday,300,20
2020-11-05 02:51:00,Female,63,687,7907,Spain,Catalonia,Barcelona,electronics,laptop,800,1200,3,Instagram-ads,2020-11-05 03:21:00,False,,,2020-11-05 03:28:00,,,2,5,11,Thursday,3600,400
2020-11-05 03:06:00,Male,71,626,7763,USA,California,San Jose,home appliances,mixer grinder,60,90,4,Twitter-ads,2020-11-05 03:32:00,True,2020-11-05 03:41:00,Credit Card,2020-11-05 03:36:00,False,,3,5,11,Thursday,360,30
2020-11-05 12:06:00,Female,29,713,7049,India,Uttar Pradesh,Lucknow,electronics,laptop,800,1200,1,Facebook-ads,2020-11-05 12:16:00,True,2020-11-05 12:23:00,Credit Card,2020-11-05 12:19:00,False,,12,5,11,Thursday,1200,400
2020-11-09 00:45:00,Female,24,675,6870,India,Maharashtra,Nagpur,fashion,shoes,60,100,2,Twitter-ads,2020-11-09 01:02:00,True,2020-11-09 01:12:00,Credit Card,2020-11-09 01:04:00,False,,0,9,11,Monday,200,40
2020-11-11 02:00:00,Male,43,641,7480,India,Maharashtra,Nagpur,home appliances,toaster,40,60,6,Facebook-ads,2020-11-11 02:11:00,True,2020-11-11 02:26:00,Credit Card,2020-11-11 02:15:00,False,,2,11,11,Wednesday,360,20
2020-11-13 20:51:00,Female,42,748,5288,Australia,New South Wales,Newcastle,books,magazine,5,8,2,Instagram-ads,2020-11-13 21:02:00,True,2020-11-13 21:10:00,Debit Card,2020-11-13 21:04:00,False,,20,13,11,Friday,16,3
2020-11-14 18:02:00,Female,47,758,3575,India,Uttar Pradesh,Ghaziabad,fashion,t-shirt,15,25,6,Twitter-ads,2020-11-14 18:17:00,False,,,2020-11-14 18:13:00,,,18,14,11,Saturday,150,10
2020-11-15 20:47:00,Male,55,702,7145,UK,Scotland,Glasgow,books,magazine,5,8,5,Twitter-ads,2020-11-15 20:58:00,True,2020-11-15 21:09:00,Credit Card,2020-11-15 21:03:00,False,,20,15,11,Sunday,40,3
2020-11-17 12:23:00,Male,18,614,5735,Australia,Victoria,Ballarat,fashion,dress,50,80,3,Google-ads,2020-11-17 12:48:00,True,2020-11-17 12:55:00,Cash On Delivery,2020-11-17 12:52:00,False,,12,17,11,Tuesday,240,30
2020-11-18 02:24:00,Male,27,655,5990,China,Shandong,Qingdao,home appliances,toaster,40,60,1,Twitter-ads,2020-11-18 02:35:00,True,2020-11-18 02:45:00,Cash On Delivery,2020-11-18 02:39:00,False,,2,18,11,Wednesday,60,20
2020-11-22 07:45:00,Female,45,668,7599,UK,England,Birmingham,fashion,shoes,60,100,4,Billboard-QR code,2020-11-22 08:02:00,True,2020-11-22 08:11:00,Credit Card,2020-11-22 08:05:00,False,,7,22,11,Sunday,400,40
2020-11-22 19:21:00,Female,50,672,5797,Spain,Catalonia,Girona,books,magazine,5,8,1,Facebook-ads,2020-11-22 19:36:00,True,2020-11-22 19:44:00,Debit Card,2020-11-22 19:41:00,False,,19,22,11,Sunday,8,3
2020-11-23 10:26:00,Male,51,630,3716,Canada,Ontario,Mississauga,toys,plush toy,12,20,5,Instagram-ads,2020-11-23 10:50:00,True,2020-11-23 11:01:00,Debit Card,2020-11-23 10:54:00,True,Poor Quality,10,23,11,Monday,100,8
2020-11-23 23:27:00,Female,21,609,7975,Italy,Lazio,Rome,fashion,shoes,60,100,6,Google-ads,2020-11-23 23:47:00,True,2020-11-23 23:56:00,Paypal,2020-11-23 23:50:00,False,,23,23,11,Monday,600,40
2020-11-24 21:07:00,Female,43,656,4662,Japan,Tokyo,Tokyo,home appliances,microwave oven,300,500,6,Instagram-ads,2020-11-24 21:16:00,False,,,2020-11-24 21:40:00,,,21,24,11,Tuesday,3000,200
2020-11-25 23:45:00,Female,25,744,3649,Canada,Quebec,Laval,toys,board game,20,35,3,Facebook-ads,2020-11-26 00:07:00,True,2020-11-26 00:22:00,Debit Card,2020-11-26 00:10:00,False,,23,25,11,Wednesday,105,15
2020-11-26 09:48:00,Male,29,715,6327,Spain,Andalusia,Malaga,electronics,table fan,30,50,3,Facebook-ads,2020-11-26 10:16:00,False,,,2020-11-26 10:14:00,,,9,26,11,Thursday,150,20
2020-11-26 10:28:00,Female,47,640,3685,Canada,Quebec,Quebec City,toys,board game,20,35,3,Instagram-ads,2020-11-26 10:46:00,True,2020-11-26 10:54:00,Debit Card,2020-11-26 10:49:00,False,,10,26,11,Thursday,105,15
2020-11-27 07:58:00,Female,62,646,4658,Japan,Tokyo,Tokyo,fashion,dress,50,80,4,Instagram-ads,2020-11-27 08:18:00,True,2020-11-27 08:31:00,Credit Card,2020-11-27 08:21:00,False,,7,27,11,Friday,320,30
2020-11-27 18:21:00,Male,42,742,3963,Canada,Ontario,Toronto,home appliances,toaster,40,60,4,E-mails,2020-11-27 18:50:00,True,2020-11-27 18:58:00,Debit Card,2020-11-27 18:53:00,True,Arrived Late,18,27,11,Friday,240,20
2020-11-28 16:04:00,Female,66,763,6161,Canada,Quebec,Laval,toys,plush toy,12,20,5,Google-ads,2020-11-28 16:21:00,True,2020-11-28 16:26:00,Cash On Delivery,2020-11-28 16:23:00,False,,16,28,11,Saturday,100,8
2020-11-28 18:41:00,Male,39,716,4597,Australia,Victoria,Melbourne,books,novel,10,18,3,Instagram-ads,2020-11-28 19:05:00,False,,,2020-11-28 19:06:00,,,18,28,11,Saturday,54,8
2020-11-30 13:31:00,Male,69,718,5678,UK,England,Birmingham,books,textbook,30,50,3,Google-ads,2020-11-30 13:54:00,True,2020-11-30 14:01:00,Debit Card,2020-11-30 13:59:00,False,,13,30,11,Monday,150,20
2020-11-30 20:58:00,Female,41,643,3588,USA,California,San Jose,fashion,shoes,60,100,5,Google-ads,2020-11-30 21:28:00,True,2020-11-30 21:41:00,Debit Card,2020-11-30 21:31:00,False,,20,30,11,Monday,500,40
2020-12-03 14:05:00,Male,38,767,4842,Spain,Andalusia,Malaga,books,novel,10,18,6,Twitter-ads,2020-12-03 14:19:00,True,2020-12-03 14:24:00,Credit Card,2020-12-03 14:21:00,False,,14,3,12,Thursday,108,8
2020-12-04 11:11:00,Female,48,607,7617,Japan,Tokyo,Tokyo,home appliances,toaster,40,60,3,Billboard-QR code,2020-12-04 11:24:00,True,2020-12-04 11:37:00,Debit Card,2020-12-04 11:27:00,False,,11,4,12,Friday,180,20
2020-12-04 14:53:00,Male,25,737,3545,Australia,Victoria,Melbourne,fashion,jeans,40,70,5,Instagram-ads,2020-12-04 15:05:00,False,,,2020-12-04 15:31:00,,,14,4,12,Friday,350,30
2020-12-06 08:14:00,Male,56,743,6683,UK,Scotland,Glasgow,books,autobiography,20,35,3,Instagram-ads,2020-12-06 08:22:00,True,2020-12-06 08:28:00,Credit Card,2020-12-06 08:27:00,False,,8,6,12,Sunday,105,15
2020-12-06 21:54:00,Female,62,619,5603,Canada,Ontario,Toronto,fashion,shoes,60,100,3,Billboard-QR code,2020-12-06 22:05:00,True,2020-12-06 22:13:00,Credit Card,2020-12-06 22:10:00,False,,21,6,12,Sunday,300,40
2020-12-07 13:34:00,Male,70,622,6005,USA,Texas,Houston,books,autobiography,20,35,3,Twitter-ads,2020-12-07 13:55:00,True,2020-12-07 14:01:00,Credit Card,2020-12-07 13:59:00,False,,13,7,12,Monday,105,15
2020-12-07 19:25:00,Female,58,674,6494,Canada,Ontario,Mississauga,fashion,dress,50,80,1,Instagram-ads,2020-12-07 19:44:00,True,2020-12-07 19:49:00,Cash On Delivery,2020-12-07 19:49:00,False,,19,7,12,Monday,80,30
2020-12-09 08:27:00,Male,57,739,6025,Australia,Victoria,Geelong,books,textbook,30,50,6,Billboard-QR code,2020-12-09 08:55:00,True,2020-12-09 09:03:00,Cash On Delivery,2020-12-09 08:57:00,False,,8,9,12,Wednesday,300,20
2020-12-10 04:55:00,Female,40,611,6822,Japan,Tokyo,Yokohama,fashion,shoes,60,100,2,E-mails,2020-12-10 05:15:00,True,2020-12-10 05:27:00,Cash On Delivery,2020-12-10 05:19:00,False,,4,10,12,Thursday,200,40
2020-12-11 02:45:00,Male,68,641,6562,Spain,Catalonia,Barcelona,electronics,laptop,800,1200,5,Instagram-ads,2020-12-11 02:59:00,True,2020-12-11 03:14:00,Debit Card,2020-12-11 03:02:00,False,,2,11,12,Friday,6000,400
2020-12-14 23:13:00,Female,60,636,3476,Canada,Quebec,Laval,home appliances,electric stove,250,400,3,E-mails,2020-12-14 23:29:00,True,2020-12-14 23:40:00,Credit Card,2020-12-14 23:34:00,False,,23,14,12,Monday,1200,150
2020-12-15 00:59:00,Female,39,669,3886,UK,England,London,home appliances,mixer grinder,60,90,1,Facebook-ads,2020-12-15 01:14:00,True,2020-12-15 01:25:00,Paypal,2020-12-15 01:18:00,False,,0,15,12,Tuesday,90,30
2020-12-15 04:01:00,Male,69,600,6074,USA,Texas,Houston,toys,board game,20,35,5,Instagram-ads,2020-12-15 04:21:00,True,2020-12-15 04:26:00,Debit Card,2020-12-15 04:25:00,False,,4,15,12,Tuesday,175,15
2020-12-16 03:51:00,Male,37,703,4185,India,Maharashtra,Nagpur,electronics,laptop,800,1200,4,Facebook-ads,2020-12-16 04:10:00,False,,,2020-12-16 03:58:00,,,3,16,12,Wednesday,4800,400
2020-12-16 09:54:00,Male,59,615,5551,China,Guangdong,Shenzhen,toys,plush toy,12,20,1,E-mails,2020-12-16 10:01:00,True,2020-12-16 10:14:00,Credit Card,2020-12-16 10:05:00,True,Arrived Damaged,9,16,12,Wednesday,20,8
2020-12-16 23:24:00,Female,45,724,5125,Australia,New South Wales,Wollongong,electronics,table fan,30,50,1,Google-ads,2020-12-16 23:53:00,True,2020-12-17 00:04:00,Debit Card,2020-12-16 23:57:00,False,,23,16,12,Wednesday,50,20
2020-12-16 23:52:00,Female,30,748,3237,Italy,Lombardy,Bergamo,toys,board game,20,35,6,E-mails,2020-12-16 23:59:00,False,,,2020-12-16 23:55:00,,,23,16,12,Wednesday,210,15
2020-12-17 20:31:00,Male,50,642,7802,Australia,New South Wales,Newcastle,home appliances,electric stove,250,400,1,Twitter-ads,2020-12-17 20:49:00,True,2020-12-17 21:01:00,Cash On Delivery,2020-12-17 20:52:00,False,,20,17,12,Thursday,400,150
2020-12-18 15:32:00,Female,69,655,3542,Canada,Quebec,Laval,fashion,t-shirt,15,25,4,Instagram-ads,2020-12-18 15:39:00,True,2020-12-18 15:52:00,Debit Card,2020-12-18 15:44:00,False,,15,18,12,Friday,100,10
2020-12-20 12:55:00,Female,20,663,6911,India,Maharashtra,Nagpur,books,autobiography,20,35,6,Google-ads,2020-12-20 13:24:00,True,2020-12-20 13:38:00,Cash On Delivery,2020-12-20 13:28:00,False,,12,20,12,Sunday,210,15
2020-12-22 10:52:00,Male,65,718,6871,India,Maharashtra,Pune,fashion,jeans,40,70,5,E-mails,2020-12-22 11:03:00,False,,,2020-12-22 10:58:00,,,10,22,12,Tuesday,350,30
2020-12-24 05:33:00,Male,59,752,5007,India,Maharashtra,Mumbai,toys,puzzle,15,25,6,Billboard-QR code,2020-12-24 05:45:00,True,2020-12-24 05:59:00,Debit Card,2020-12-24 05:48:00,True,Poor Value,5,24,12,Thursday,150,10
2020-12-24 17:04:00,Male,31,768,5817,USA,California,San Jose,toys,action figure,8,15,5,Facebook-ads,2020-12-24 17:19:00,True,2020-12-24 17:26:00,Debit Card,2020-12-24 17:21:00,False,,17,24,12,Thursday,75,7
2020-12-26 05:23:00,Female,53,625,4794,Australia,Victoria,Ballarat,toys,board game,20,35,5,Instagram-ads,2020-12-26 05:53:00,True,2020-12-26 06:03:00,Paypal,2020-12-26 05:55:00,False,,5,26,12,Saturday,175,15
2020-12-26 12:59:00,Male,58,722,7019,Spain,Andalusia,Seville,home appliances,microwave oven,300,500,5,Google-ads,2020-12-26 13:11:00,True,2020-12-26 13:21:00,Cash On Delivery,2020-12-26 13:16:00,False,,12,26,12,Saturday,2500,200
2020-12-26 17:20:00,Female,24,653,4900,Italy,Lombardy,Bergamo,books,textbook,30,50,4,Twitter-ads,2020-12-26 17:30:00,True,2020-12-26 17:38:00,Credit Card,2020-12-26 17:34:00,False,,17,26,12,Saturday,200,20
2020-12-27 01:16:00,Male,34,710,3789,India,Uttar Pradesh,Kanpur,electronics,laptop,800,1200,1,E-mails,2020-12-27 01:39:00,False,,,2020-12-27 01:49:00,,,1,27,12,Sunday,1200,400
2020-12-27 20:13:00,Female,23,679,5212,India,Maharashtra,Mumbai,books,textbook,30,50,6,E-mails,2020-12-27 20:42:00,True,2020-12-27 20:53:00,Credit Card,2020-12-27 20:44:00,False,,20,27,12,Sunday,300,20
2020-12-27 23:22:00,Male,20,654,7577,India,Uttar Pradesh,Ghaziabad,fashion,dress,50,80,2,Google-ads,2020-12-27 23:33:00,True,2020-12-27 23:38:00,Cash On Delivery,2020-12-27 23:36:00,True,Wrong Item,23,27,12,Sunday,160,30
2020-12-28 03:19:00,Female,37,756,6133,Australia,Victoria,Melbourne,books,novel,10,18,1,Instagram-ads,2020-12-28 03:29:00,False,,,2020-12-28 03:57:00,,,3,28,12,Monday,18,8
2020-12-28 03:27:00,Female,30,755,3857,Australia,New South Wales,Wollongong,electronics,television,1000,1500,3,Instagram-ads,2020-12-28 03:52:00,True,2020-12-28 04:04:00,Credit Card,2020-12-28 03:56:00,False,,3,28,12,Monday,4500,500
2020-12-28 10:55:00,Female,33,740,6383,USA,California,Los Angeles,books,magazine,5,8,2,E-mails,2020-12-28 11:19:00,True,2020-12-28 11:34:00,Cash On Delivery,2020-12-28 11:22:00,False,,10,28,12,Monday,16,3
2020-12-29 12:08:00,Female,47,631,4057,Italy,Lazio,Rome,toys,action figure,8,15,4,Facebook-ads,2020-12-29 12:24:00,False,,,2020-12-29 12:24:00,,,12,29,12,Tuesday,60,7
2020-12-30 01:19:00,Female,67,743,6481,Canada,Ontario,Mississauga,home appliances,toaster,40,60,4,Billboard-QR code,2020-12-30 01:49:00,True,2020-12-30 02:01:00,Debit Card,2020-12-30 01:54:00,False,,1,30,12,Wednesday,240,20
2021-01-04 00:58:00,Male,52,636,4464,India,Uttar Pradesh,Lucknow,books,textbook,30,50,2,Instagram-ads,2021-01-04 01:20:00,False,,,2021-01-04 01:01:00,,,0,4,1,Monday,100,20
2021-01-05 01:04:00,Female,57,680,4196,China,Guangdong,Guangzhou,books,magazine,5,8,3,Instagram-ads,2021-01-05 01:23:00,True,2021-01-05 01:37:00,Debit Card,2021-01-05 01:28:00,False,,1,5,1,Tuesday,24,3
2021-01-05 05:36:00,Female,29,669,7149,Japan,Tokyo,Tokyo,fashion,t-shirt,15,25,5,Billboard-QR code,2021-01-05 05:43:00,True,2021-01-05 05:57:00,Credit Card,2021-01-05 05:45:00,False,,5,5,1,Tuesday,125,10
2021-01-05 18:19:00,Female,48,649,6672,Japan,Tokyo,Kawasaki,home appliances,mixer grinder,60,90,4,Instagram-ads,2021-01-05 18:35:00,True,2021-01-05 18:44:00,Cash On Delivery,2021-01-05 18:40:00,False,,18,5,1,Tuesday,360,30
2021-01-06 07:19:00,Female,29,610,6551,China,Guangdong,Guangzhou,fashion,jeans,40,70,1,Facebook-ads,2021-01-06 07:46:00,True,2021-01-06 07:55:00,Cash On Delivery,2021-01-06 07:51:00,False,,7,6,1,Wednesday,70,30
2021-01-06 07:43:00,Female,19,777,7753,Canada,Ontario,Ottawa,electronics,table fan,30,50,2,Twitter-ads,2021-01-06 07:59:00,True,2021-01-06 08:08:00,Cash On Delivery,2021-01-06 08:03:00,True,Poor Value,7,6,1,Wednesday,100,20
2021-01-07 14:59:00,Female,45,639,3159,Spain,Andalusia,Granada,fashion,dress,50,80,3,Instagram-ads,2021-01-07 15:07:00,False,,,2021-01-07 15:24:00,,,14,7,1,Thursday,240,30
2021-01-07 22:35:00,Female,47,662,6916,India,Maharashtra,Mumbai,home appliances,electric stove,250,400,1,Google-ads,2021-01-07 22:54:00,True,2021-01-07 23:07:00,Debit Card,2021-01-07 22:59:00,False,,22,7,1,Thursday,400,150
2021-01-08 16:15:00,Male,67,779,4060,UK,Scotland,Glasgow,fashion,jeans,40,70,4,Google-ads,2021-01-08 16:24:00,True,2021-01-08 16:29:00,Credit Card,2021-01-08 16:28:00,False,,16,8,1,Friday,280,30
2021-01-10 01:02:00,Female,61,691,3806,UK,England,Birmingham,books,magazine,5,8,5,Instagram-ads,2021-01-10 01:12:00,True,2021-01-10 01:18:00,Debit Card,2021-01-10 01:14:00,False,,1,10,1,Sunday,40,3
2021-01-10 15:41:00,Female,38,683,5255,Australia,New South Wales,Newcastle,home appliances,mixer grinder,60,90,3,E-mails,2021-01-10 16:07:00,False,,,2021-01-10 16:16:00,,,15,10,1,Sunday,270,30
2021-01-11 18:53:00,Male,56,721,4118,India,Uttar Pradesh,Lucknow,toys,action figure,8,15,1,Twitter-ads,2021-01-11 19:06:00,True,2021-01-11 19:15:00,Cash On Delivery,2021-01-11 19:08:00,False,,18,11,1,Monday,15,7
2021-01-12 04:24:00,Male,69,679,5439,China,Guangdong,Dongguan,home appliances,toaster,40,60,1,Instagram-ads,2021-01-12 04:53:00,True,2021-01-12 05:03:00,Debit Card,2021-01-12 04:58:00,True,Wrong Item,4,12,1,Tuesday,60,20
2021-01-12 08:07:00,Female,47,628,5556,Canada,Quebec,Montreal,books,magazine,5,8,2,Facebook-ads,2021-01-12 08:21:00,True,2021-01-12 08:33:00,Debit Card,2021-01-12 08:25:00,False,,8,12,1,Tuesday,16,3
2021-01-12 13:10:00,Female,49,779,5689,USA,Texas,San Antonio,home appliances,electric stove,250,400,5,Facebook-ads,2021-01-12 13:39:00,True,2021-01-12 13:47:00,Paypal,2021-01-12 13:43:00,False,,13,12,1,Tuesday,2000,150
2021-01-12 16:18:00,Male,54,674,7834,Canada,Ontario,Toronto,toys,action figure,8,15,3,Facebook-ads,2021-01-12 16:39:00,False,,,2021-01-12 16:30:00,,,16,12,1,Tuesday,45,7
2021-01-12 19:38:00,Male,56,610,7985,USA,California,Los Angeles,electronics,table fan,30,50,3,Billboard-QR code,2021-01-12 19:56:00,True,2021-01-12 20:01:00,Debit Card,2021-01-12 19:58:00,False,,19,12,1,Tuesday,150,20
2021-01-13 07:22:00,Male,67,655,5211,India,Uttar Pradesh,Kanpur,home appliances,toaster,40,60,5,Instagram-ads,2021-01-13 07:35:00,True,2021-01-13 07:40:00,Credit Card,2021-01-13 07:38:00,False,,7,13,1,Wednesday,300,20
2021-01-14 02:37:00,Female,65,708,6151,USA,Texas,San Antonio,fashion,jeans,40,70,6,E-mails,2021-01-14 02:51:00,True,2021-01-14 03:05:00,Cash On Delivery,2021-01-14 02:56:00,False,,2,14,1,Thursday,420,30
2021-01-14 12:45:00,Male,20,752,5173,China,Shandong,Qingdao,home appliances,electric stove,250,400,3,Billboard-QR code,2021-01-14 12:55:00,True,2021-01-14 13:09:00,Paypal,2021-01-14 12:59:00,False,,12,14,1,Thursday,1200,150
2021-01-15 16:03:00,Female,64,775,7024,Australia,New South Wales,Sydney,fashion,dress,50,80,1,Billboard-QR code,2021-01-15 16:08:00,True,2021-01-15 16:14:00,Credit Card,2021-01-15 16:13:00,False,,16,15,1,Friday,80,30
2021-01-15 16:20:00,Female,20,701,4429,Canada,Ontario,Toronto,books,autobiography,20,35,3,E-mails,2021-01-15 16:25:00,True,2021-01-15 16:30:00,Credit Card,2021-01-15 16:29:00,False,,16,15,1,Friday,105,15
2021-01-18 14:32:00,Female,40,612,3698,China,Shandong,Qingdao,toys,board game,20,35,6,E-mails,2021-01-18 14:44:00,True,2021-01-18 14:49:00,Debit Card,2021-01-18 14:48:00,False,,14,18,1,Monday,210,15
2021-01-19 01:42:00,Female,21,720,6999,Italy,Lazio,Latina,fashion,shoes,60,100,4,E-mails,2021-01-19 02:01:00,True,2021-01-19 02:14:00,Credit Card,2021-01-19 02:06:00,False,,1,19,1,Tuesday,400,40
2021-01-19 02:53:00,Female,19,778,6896,Spain,Andalusia,Granada,fashion,t-shirt,15,25,1,E-mails,2021-01-19 03:18:00,True,2021-01-19 03:29:00,Credit Card,2021-01-19 03:23:00,False,,2,19,1,Tuesday,25,10
2021-01-19 16:51:00,Male,41,636,7324,China,Guangdong,Guangzhou,home appliances,microwave oven,300,500,5,Instagram-ads,2021-01-19 17:08:00,True,2021-01-19 17:21:00,Paypal,2021-01-19 17:11:00,False,,16,19,1,Tuesday,2500,200
2021-01-19 18:07:00,Male,43,703,6811,China,Shandong,Yantai,fashion,t-shirt,15,25,4,Facebook-ads,2021-01-19 18:23:00,True,2021-01-19 18:36:00,Debit Card,2021-01-19 18:27:00,False,,18,19,1,Tuesday,100,10
2021-01-22 02:00:00,Female,38,666,6055,Spain,Catalonia,Tarragona,home appliances,electric stove,250,400,3,Google-ads,2021-01-22 02:21:00,True,2021-01-22 02:27:00,Debit Card,2021-01-22 02:23:00,False,,2,22,1,Friday,1200,150
2021-01-23 05:36:00,Female,21,627,3322,UK,Scotland,Glasgow,toys,action figure,8,15,4,Google-ads,2021-01-23 05:54:00,True,2021-01-23 06:08:00,Credit Card,2021-01-23 05:59:00,False,,5,23,1,Saturday,60,7
2021-01-25 17:33:00,Male,33,762,7666,India,Uttar Pradesh,Lucknow,fashion,shoes,60,100,1,Google-ads,2021-01-25 17:41:00,True,2021-01-25 17:56:00,Credit Card,2021-01-25 17:43:00,False,,17,25,1,Monday,100,40
2021-01-29 00:08:00,Male,56,733,6941,USA,Texas,Dallas,home appliances,mixer grinder,60,90,3,Instagram-ads,2021-01-29 00:17:00,False,,,2021-01-29 00:42:00,,,0,29,1,Friday,270,30
2021-01-29 18:25:00,Female,43,755,3803,Japan,Tokyo,Tokyo,electronics,table fan,30,50,4,Google-ads,2021-01-29 18:51:00,True,2021-01-29 19:05:00,Credit Card,2021-01-29 18:53:00,False,,18,29,1,Friday,200,20
2021-01-29 22:22:00,Female,66,778,6719,USA,Texas,Houston,home appliances,microwave oven,300,500,4,Instagram-ads,2021-01-29 22:44:00,True,2021-01-29 22:53:00,Debit Card,2021-01-29 22:49:00,False,,22,29,1,Friday,2000,200
2021-01-30 09:20:00,Female,36,766,5729,Spain,Catalonia,Barcelona,home appliances,electric stove,250,400,2,Facebook-ads,2021-01-30 09:44:00,True,2021-01-30 09:52:00,Paypal,2021-01-30 09:46:00,False,,9,30,1,Saturday,800,150
2021-01-30 13:35:00,Male,41,658,5841,Australia,New South Wales,Sydney,home appliances,mixer grinder,60,90,4,Google-ads,2021-01-30 14:02:00,True,2021-01-30 14:17:00,Debit Card,2021-01-30 14:06:00,False,,13,30,1,Saturday,360,30
2021-01-30 13:57:00,Male,34,779,6779,India,Maharashtra,Nagpur,books,magazine,5,8,4,Twitter-ads,2021-01-30 14:18:00,True,2021-01-30 14:23:00,Credit Card,2021-01-30 14:20:00,False,,13,30,1,Saturday,32,3
2021-01-31 05:30:00,Male,72,718,3713,Japan,Tokyo,Yokohama,electronics,table fan,30,50,3,Billboard-QR code,2021-01-31 05:58:00,True,2021-01-31 06:13:00,Paypal,2021-01-31 06:01:00,False,,5,31,1,Sunday,150,20
2021-01-31 18:45:00,Female,19,680,6548,India,Uttar Pradesh,Kanpur,toys,action figure,8,15,6,E-mails,2021-01-31 18:51:00,True,2021-01-31 19:05:00,Credit Card,2021-01-31 18:53:00,False,,18,31,1,Sunday,90,7
2021-02-01 06:02:00,Male,47,732,4435,China,Shandong,Qingdao,electronics,television,1000,1500,4,Google-ads,2021-02-01 06:25:00,True,2021-02-01 06:38:00,Credit Card,2021-02-01 06:28:00,False,,6,1,2,Monday,6000,500
2021-02-01 12:09:00,Female,45,617,6830,Canada,Quebec,Laval,toys,puzzle,15,25,2,Billboard-QR code,2021-02-01 12:33:00,True,2021-02-01 12:45:00,Debit Card,2021-02-01 12:35:00,False,,12,1,2,Monday,50,10
2021-02-01 13:44:00,Female,53,729,3836,USA,Texas,Dallas,books,textbook,30,50,4,E-mails,2021-02-01 14:14:00,True,2021-02-01 14:19:00,Debit Card,2021-02-01 14:19:00,False,,13,1,2,Monday,200,20
2021-02-01 15:05:00,Male,64,685,3707,China,Guangdong,Dongguan,books,magazine,5,8,3,E-mails,2021-02-01 15:30:00,False,,,2021-02-01 15:38:00,,,15,1,2,Monday,24,3
2021-02-02 07:12:00,Female,72,631,7673,Spain,Andalusia,Malaga,electronics,television,1000,1500,5,Instagram-ads,2021-02-02 07:33:00,True,2021-02-02 07:45:00,Debit Card,2021-02-02 07:36:00,False,,7,2,2,Tuesday,7500,500
2021-02-02 07:13:00,Female,43,770,6833,Spain,Andalusia,Granada,home appliances,mixer grinder,60,90,5,Billboard-QR code,2021-02-02 07:43:00,True,2021-02-02 07:51:00,Debit Card,2021-02-02 07:45:00,False,,7,2,2,Tuesday,450,30
2021-02-02 07:42:00,Female,57,636,5017,India,Maharashtra,Mumbai,home appliances,microwave oven,300,500,6,Billboard-QR code,2021-02-02 08:10:00,True,2021-02-02 08:25:00,Credit Card,2021-02-02 08:14:00,False,,7,2,2,Tuesday,3000,200
2021-02-02 15:59:00,Female,50,616,3897,China,Shandong,Qingdao,fashion,jeans,40,70,6,E-mails,2021-02-02 16:27:00,True,2021-02-02 16:37:00,Debit Card,2021-02-02 16:31:00,False,,15,2,2,Tuesday,420,30
2021-02-04 14:10:00,Male,33,650,7135,Canada,Quebec,Quebec City,electronics,laptop,800,1200,5,Billboard-QR code,2021-02-04 14:15:00,True,2021-02-04 14:21:00,Cash On Delivery,2021-02-04 14:18:00,False,,14,4,2,Thursday,6000,400
2021-02-04 14:39:00,Male,68,679,3526,Spain,Andalusia,Malaga,toys,action figure,8,15,6,Instagram-ads,2021-02-04 15:05:00,True,2021-02-04 15:11:00,Cash On Delivery,2021-02-04 15:08:00,True,Wrong Item,14,4,2,Thursday,90,7
2021-02-05 11:43:00,Male,69,758,7642,Spain,Catalonia,Girona,electronics,table fan,30,50,1,Twitter-ads,2021-02-05 12:05:00,False,,,2021-02-05 11:49:00,,,11,5,2,Friday,50,20
2021-02-08 10:41:00,Male,51,627,7395,Spain,Andalusia,Granada,electronics,hair dryer,25,40,4,Twitter-ads,2021-02-08 10:50:00,True,2021-02-08 11:02:00,Debit Card,2021-02-08 10:54:00,False,,10,8,2,Monday,160,15
2021-02-08 23:41:00,Female,20,669,5421,Japan,Tokyo,Yokohama,home appliances,mixer grinder,60,90,5,Google-ads,2021-02-09 00:02:00,True,2021-02-09 00:09:00,Cash On Delivery,2021-02-09 00:06:00,False,,23,8,2,Monday,450,30
2021-02-09 22:52:00,Male,33,610,3887,India,Uttar Pradesh,Kanpur,home appliances,toaster,40,60,6,Twitter-ads,2021-02-09 23:17:00,True,2021-02-09 23:22:00,Debit Card,2021-02-09 23:22:00,False,,22,9,2,Tuesday,360,20
2021-02-11 01:21:00,Male,57,616,3060,Spain,Catalonia,Barcelona,toys,puzzle,15,25,3,E-mails,2021-02-11 01:37:00,True,2021-02-11 01:50:00,Debit Card,2021-02-11 01:42:00,False,,1,11,2,Thursday,75,10
2021-02-11 09:19:00,Female,28,673,6052,India,Maharashtra,Nagpur,fashion,t-shirt,15,25,3,Google-ads,2021-02-11 09:32:00,True,2021-02-11 09:43:00,Cash On Delivery,2021-02-11 09:36:00,False,,9,11,2,Thursday,75,10
2021-02-12 14:09:00,Male,23,750,6242,Japan,Tokyo,Tokyo,books,autobiography,20,35,6,Twitter-ads,2021-02-12 14:20:00,True,2021-02-12 14:34:00,Debit Card,2021-02-12 14:24:00,False,,14,12,2,Friday,210,15
2021-02-12 22:02:00,Female,68,775,3860,Canada,Ontario,Ottawa,toys,action figure,8,15,2,E-mails,2021-02-12 22:23:00,True,2021-02-12 22:38:00,Credit Card,2021-02-12 22:28:00,False,,22,12,2,Friday,30,7
2021-02-14 03:49:00,Female,19,775,5918,China,Shandong,Jinan,home appliances,microwave oven,300,500,5,Facebook-ads,2021-02-14 04:07:00,True,2021-02-14 04:20:00,Debit Card,2021-02-14 04:10:00,False,,3,14,2,Sunday,2500,200
2021-02-14 18:00:00,Female,62,645,4460,India,Uttar Pradesh,Kanpur,home appliances,toaster,40,60,4,E-mails,2021-02-14 18:24:00,True,2021-02-14 18:29:00,Debit Card,2021-02-14 18:26:00,True,Poor Value,18,14,2,Sunday,240,20
2021-02-16 08:03:00,Male,67,715,3401,USA,Texas,Houston,toys,plush toy,12,20,4,Google-ads,2021-02-16 08:32:00,True,2021-02-16 08:46:00,Debit Card,2021-02-16 08:37:00,False,,8,16,2,Tuesday,80,8
2021-02-16 14:03:00,Female,51,670,4510,Italy,Lombardy,Milan,books,autobiography,20,35,3,Twitter-ads,2021-02-16 14:22:00,True,2021-02-16 14:27:00,Debit Card,2021-02-16 14:25:00,False,,14,16,2,Tuesday,105,15
2021-02-17 07:56:00,Male,28,678,7011,China,Guangdong,Shenzhen,electronics,table fan,30,50,2,Instagram-ads,2021-02-17 08:17:00,True,2021-02-17 08:26:00,Cash On Delivery,2021-02-17 08:21:00,False,,7,17,2,Wednesday,100,20
2021-02-18 08:51:00,Male,34,690,3982,China,Guangdong,Guangzhou,toys,board game,20,35,1,Billboard-QR code,2021-02-18 09:11:00,True,2021-02-18 09:18:00,Debit Card,2021-02-18 09:15:00,False,,8,18,2,Thursday,35,15
2021-02-18 22:21:00,Male,45,734,4489,India,Maharashtra,Nagpur,electronics,hair dryer,25,40,2,E-mails,2021-02-18 22:38:00,True,2021-02-18 22:47:00,Debit Card,2021-02-18 22:40:00,False,,22,18,2,Thursday,80,15
2021-02-19 16:46:00,Male,42,693,6878,Australia,New South Wales,Sydney,home appliances,electric stove,250,400,3,Facebook-ads,2021-02-19 17:00:00,True,2021-02-19 17:11:00,Debit Card,2021-02-19 17:05:00,False,,16,19,2,Friday,1200,150
2021-02-20 02:15:00,Male,55,612,6031,Spain,Andalusia,Malaga,home appliances,microwave oven,300,500,3,E-mails,2021-02-20 02:31:00,True,2021-02-20 02:40:00,Cash On Delivery,2021-02-20 02:35:00,True,Poor Quality,2,20,2,Saturday,1500,200
2021-02-20 04:40:00,Female,22,639,6882,India,Maharashtra,Pune,toys,plush toy,12,20,5,Instagram-ads,2021-02-20 04:55:00,True,2021-02-20 05:07:00,Debit Card,2021-02-20 04:59:00,False,,4,20,2,Saturday,100,8
2021-02-20 08:05:00,Female,63,728,6387,India,Uttar Pradesh,Lucknow,electronics,table fan,30,50,5,Google-ads,2021-02-20 08:30:00,True,2021-02-20 08:44:00,Cash On Delivery,2021-02-20 08:35:00,False,,8,20,2,Saturday,250,20
2021-02-20 17:36:00,Male,50,729,6450,Japan,Tokyo,Kawasaki,electronics,hair dryer,25,40,6,Facebook-ads,2021-02-20 17:50:00,True,2021-02-20 17:58:00,Cash On Delivery,2021-02-20 17:54:00,False,,17,20,2,Saturday,240,15
2021-02-20 21:58:00,Male,36,658,4723,Canada,Quebec,Montreal,fashion,shoes,60,100,3,E-mails,2021-02-20 22:10:00,True,2021-02-20 22:25:00,Debit Card,2021-02-20 22:13:00,False,,21,20,2,Saturday,300,40
2021-02-21 14:15:00,Female,36,657,7030,India,Maharashtra,Pune,electronics,television,1000,1500,1,Billboard-QR code,2021-02-21 14:41:00,True,2021-02-21 14:54:00,Cash On Delivery,2021-02-21 14:43:00,False,,14,21,2,Sunday,1500,500
2021-02-21 22:11:00,Male,40,630,5124,India,Uttar Pradesh,Kanpur,fashion,dress,50,80,3,Instagram-ads,2021-02-21 22:21:00,False,,,2021-02-21 22:21:00,,,22,21,2,Sunday,240,30
2021-02-22 03:53:00,Male,28,647,4790,Canada,Ontario,Mississauga,home appliances,microwave oven,300,500,3,Billboard-QR code,2021-02-22 04:09:00,True,2021-02-22 04:21:00,Debit Card,2021-02-22 04:13:00,False,,3,22,2,Monday,1500,200
2021-02-22 16:29:00,Male,38,648,6742,Canada,Ontario,Ottawa,books,autobiography,20,35,1,E-mails,2021-02-22 16:47:00,False,,,2021-02-22 17:03:00,,,16,22,2,Monday,35,15
2021-02-23 07:18:00,Female,53,736,4661,Australia,New South Wales,Sydney,books,textbook,30,50,4,E-mails,2021-02-23 07:46:00,False,,,2021-02-23 07:45:00,,,7,23,2,Tuesday,200,20
2021-02-23 19:42:00,Male,64,651,7419,India,Maharashtra,Pune,fashion,shoes,60,100,3,E-mails,2021-02-23 19:58:00,False,,,2021-02-23 19:45:00,,,19,23,2,Tuesday,300,40
2021-02-24 17:42:00,Male,40,756,7381,Canada,Quebec,Montreal,electronics,television,1000,1500,3,E-mails,2021-02-24 18:05:00,True,2021-02-24 18:15:00,Paypal,2021-02-24 18:08:00,False,,17,24,2,Wednesday,4500,500
2021-02-24 22:35:00,Female,72,743,7994,China,Guangdong,Guangzhou,books,textbook,30,50,1,Twitter-ads,2021-02-24 22:48:00,True,2021-02-24 22:55:00,Cash On Delivery,2021-02-24 22:51:00,False,,22,24,2,Wednesday,50,20
2021-02-26 04:36:00,Male,43,780,3158,Australia,Victoria,Ballarat,books,novel,10,18,1,Instagram-ads,2021-02-26 04:53:00,True,2021-02-26 04:59:00,Cash On Delivery,2021-02-26 04:57:00,False,,4,26,2,Friday,18,8
2021-02-26 12:58:00,Female,58,690,5847,India,Uttar Pradesh,Lucknow,fashion,dress,50,80,2,Google-ads,2021-02-26 13:13:00,True,2021-02-26 13:26:00,Credit Card,2021-02-26 13:17:00,False,,12,26,2,Friday,160,30
2021-03-02 05:54:00,Male,21,635,3850,UK,Scotland,Aberdeen,fashion,shoes,60,100,5,Twitter-ads,2021-03-02 06:24:00,True,2021-03-02 06:31:00,Debit Card,2021-03-02 06:27:00,False,,5,2,3,Tuesday,500,40
2021-03-02 10:07:00,Male,55,727,6148,India,Maharashtra,Nagpur,books,autobiography,20,35,1,Billboard-QR code,2021-03-02 10:21:00,True,2021-03-02 10:31:00,Credit Card,2021-03-02 10:23:00,False,,10,2,3,Tuesday,35,15
2021-03-05 11:50:00,Male,36,686,3432,China,Shandong,Qingdao,fashion,dress,50,80,3,Facebook-ads,2021-03-05 12:14:00,True,2021-03-05 12:21:00,Credit Card,2021-03-05 12:18:00,False,,11,5,3,Friday,240,30
2021-03-05 12:08:00,Male,47,771,4142,Japan,Kanagawa,Sagamihara,home appliances,mixer grinder,60,90,5,Google-ads,2021-03-05 12:24:00,True,2021-03-05 12:35:00,Credit Card,2021-03-05 12:26:00,False,,12,5,3,Friday,450,30
2021-03-05 14:59:00,Female,35,642,5518,USA,Texas,San Antonio,electronics,television,1000,1500,2,Instagram-ads,2021-03-05 15:13:00,True,2021-03-05 15:21:00,Credit Card,2021-03-05 15:15:00,False,,14,5,3,Friday,3000,500
2021-03-05 19:56:00,Female,46,730,4639,Spain,Catalonia,Girona,fashion,shoes,60,100,6,Google-ads,2021-03-05 20:17:00,True,2021-03-05 20:28:00,Credit Card,2021-03-05 20:20:00,False,,19,5,3,Friday,600,40
2021-03-06 07:19:00,Female,53,752,3975,UK,England,Manchester,fashion,t-shirt,15,25,5,Billboard-QR code,2021-03-06 07:43:00,True,2021-03-06 07:54:00,Cash On Delivery,2021-03-06 07:48:00,True,Poor Quality,7,6,3,Saturday,125,10
2021-03-06 08:01:00,Male,50,675,4709,Italy,Lombardy,Brescia,toys,board game,20,35,6,Google-ads,2021-03-06 08:08:00,True,2021-03-06 08:22:00,Cash On Delivery,2021-03-06 08:11:00,False,,8,6,3,Saturday,210,15
2021-03-07 00:36:00,Male,34,735,7730,Australia,Victoria,Geelong,toys,plush toy,12,20,1,Billboard-QR code,2021-03-07 00:55:00,True,2021-03-07 01:02:00,Debit Card,2021-03-07 00:58:00,False,,0,7,3,Sunday,20,8
2021-03-07 12:27:00,Female,68,623,6116,Canada,Ontario,Toronto,electronics,laptop,800,1200,5,Facebook-ads,2021-03-07 12:36:00,True,2021-03-07 12:41:00,Credit Card,2021-03-07 12:39:00,False,,12,7,3,Sunday,6000,400
2021-03-07 23:17:00,Male,65,715,7240,India,Uttar Pradesh,Lucknow,toys,action figure,8,15,3,Billboard-QR code,2021-03-07 23:31:00,True,2021-03-07 23:39:00,Credit Card,2021-03-07 23:33:00,False,,23,7,3,Sunday,45,7
2021-03-08 00:33:00,Female,56,675,3481,USA,California,San Jose,home appliances,toaster,40,60,3,Google-ads,2021-03-08 00:44:00,True,2021-03-08 00:55:00,Credit Card,2021-03-08 00:49:00,False,,0,8,3,Monday,180,20
2021-03-09 10:05:00,Male,64,607,5043,China,Shandong,Yantai,books,novel,10,18,3,E-mails,2021-03-09 10:32:00,False,,,2021-03-09 10:41:00,,,10,9,3,Tuesday,54,8
2021-03-12 07:37:00,Female,56,659,3489,Australia,New South Wales,Wollongong,fashion,dress,50,80,3,Facebook-ads,2021-03-12 07:48:00,True,2021-03-12 08:03:00,Credit Card,2021-03-12 07:50:00,False,,7,12,3,Friday,240,30
2021-03-12 13:50:00,Female,30,719,4438,Japan,Kanagawa,Kawasaki,toys,puzzle,15,25,2,Facebook-ads,2021-03-12 14:00:00,True,2021-03-12 14:15:00,Paypal,2021-03-12 14:02:00,False,,13,12,3,Friday,50,10
2021-03-12 14:47:00,Female,70,706,5641,India,Maharashtra,Mumbai,home appliances,mixer grinder,60,90,6,Twitter-ads,2021-03-12 15:04:00,False,,,2021-03-12 14:56:00,,,14,12,3,Friday,540,30
2021-03-13 23:33:00,Female,68,658,3809,UK,Scotland,Glasgow,books,autobiography,20,35,3,Google-ads,2021-03-13 23:38:00,True,2021-03-13 23:51:00,Credit Card,2021-03-13 23:43:00,False,,23,13,3,Saturday,105,15
2021-03-14 01:43:00,Male,61,679,5383,Japan,Tokyo,Kawasaki,books,novel,10,18,5,Billboard-QR code,2021-03-14 02:13:00,False,,,2021-03-14 01:58:00,,,1,14,3,Sunday,90,8
2021-03-14 10:28:00,Female,66,768,4241,UK,England,London,electronics,hair dryer,25,40,6,Twitter-ads,2021-03-14 10:38:00,True,2021-03-14 10:50:00,Cash On Delivery,2021-03-14 10:42:00,False,,10,14,3,Sunday,240,15
2021-03-16 10:21:00,Male,32,711,6327,Canada,Quebec,Laval,fashion,jeans,40,70,2,Instagram-ads,2021-03-16 10:26:00,True,2021-03-16 10:31:00,Credit Card,2021-03-16 10:30:00,False,,10,16,3,Tuesday,140,30
2021-03-17 04:38:00,Male,36,661,5548,China,Guangdong,Shenzhen,books,magazine,5,8,5,Instagram-ads,2021-03-17 05:00:00,False,,,2021-03-17 05:00:00,,,4,17,3,Wednesday,40,3
2021-03-18 01:56:00,Female,40,742,5017,Spain,Catalonia,Girona,home appliances,mixer grinder,60,90,6,Instagram-ads,2021-03-18 02:06:00,True,2021-03-18 02:14:00,Debit Card,2021-03-18 02:10:00,False,,1,18,3,Thursday,540,30
2021-03-18 05:10:00,Male,70,655,4460,Canada,Ontario,Mississauga,fashion,shoes,60,100,6,Twitter-ads,2021-03-18 05:35:00,True,2021-03-18 05:45:00,Cash On Delivery,2021-03-18 05:39:00,False,,5,18,3,Thursday,600,40
2021-03-21 13:33:00,Male,34,640,4773,UK,England,Birmingham,books,magazine,5,8,4,Instagram-ads,2021-03-21 14:00:00,True,2021-03-21 14:14:00,Debit Card,2021-03-21 14:02:00,False,,13,21,3,Sunday,32,3
2021-03-21 16:18:00,Female,68,778,6996,Spain,Catalonia,Tarragona,electronics,table fan,30,50,6,Billboard-QR code,2021-03-21 16:36:00,True,2021-03-21 16:50:00,Paypal,2021-03-21 16:40:00,False,,16,21,3,Sunday,300,20
2021-03-23 06:07:00,Female,30,656,3905,India,Maharashtra,Mumbai,electronics,table fan,30,50,3,Facebook-ads,2021-03-23 06:17:00,True,2021-03-23 06:25:00,Cash On Delivery,2021-03-23 06:20:00,False,,6,23,3,Tuesday,150,20
2021-03-23 06:26:00,Male,54,638,5018,Canada,Quebec,Montreal,books,autobiography,20,35,3,Google-ads,2021-03-23 06:36:00,True,2021-03-23 06:48:00,Cash On Delivery,2021-03-23 06:38:00,False,,6,23,3,Tuesday,105,15
2021-03-23 06:44:00,Female,35,602,4791,Italy,Lombardy,Milan,fashion,t-shirt,15,25,1,E-mails,2021-03-23 06:56:00,True,2021-03-23 07:09:00,Credit Card,2021-03-23 06:58:00,False,,6,23,3,Tuesday,25,10
2021-03-24 06:57:00,Male,71,696,3966,Australia,New South Wales,Sydney,home appliances,electric stove,250,400,3,Facebook-ads,2021-03-24 07:12:00,False,,,2021-03-24 07:23:00,,,6,24,3,Wednesday,1200,150
2021-03-27 03:02:00,Male,24,610,3876,China,Shandong,Yantai,home appliances,microwave oven,300,500,3,Twitter-ads,2021-03-27 03:30:00,True,2021-03-27 03:44:00,Debit Card,2021-03-27 03:35:00,False,,3,27,3,Saturday,1500,200
2021-03-30 18:42:00,Female,36,648,7627,Japan,Kanagawa,Yokohama,home appliances,toaster,40,60,2,Facebook-ads,2021-03-30 18:57:00,True,2021-03-30 19:09:00,Debit Card,2021-03-30 19:01:00,False,,18,30,3,Tuesday,120,20
2021-04-01 15:00:00,Male,39,684,3259,Canada,Ontario,Toronto,books,autobiography,20,35,3,Google-ads,2021-04-01 15:25:00,True,2021-04-01 15:37:00,Paypal,2021-04-01 15:29:00,False,,15,1,4,Thursday,105,15
2021-04-03 17:38:00,Male,65,694,3061,Italy,Lazio,Rome,books,autobiography,20,35,5,Google-ads,2021-04-03 17:44:00,True,2021-04-03 17:53:00,Paypal,2021-04-03 17:49:00,False,,17,3,4,Saturday,175,15
2021-04-06 04:44:00,Female,51,678,5654,Spain,Catalonia,Barcelona,home appliances,electric stove,250,400,4,E-mails,2021-04-06 04:55:00,True,2021-04-06 05:06:00,Credit Card,2021-04-06 04:59:00,False,,4,6,4,Tuesday,1600,150
2021-04-06 07:45:00,Female,22,778,3174,Italy,Lazio,Frosinone,electronics,television,1000,1500,6,Facebook-ads,2021-04-06 08:06:00,True,2021-04-06 08:12:00,Cash On Delivery,2021-04-06 08:10:00,False,,7,6,4,Tuesday,9000,500
2021-04-06 08:27:00,Male,48,763,4994,USA,California,Los Angeles,toys,board game,20,35,5,Billboard-QR code,2021-04-06 08:53:00,True,2021-04-06 09:04:00,Paypal,2021-04-06 08:58:00,False,,8,6,4,Tuesday,175,15
2021-04-06 17:37:00,Male,27,673,3054,China,Guangdong,Dongguan,home appliances,microwave oven,300,500,4,Google-ads,2021-04-06 18:00:00,True,2021-04-06 18:12:00,Credit Card,2021-04-06 18:05:00,False,,17,6,4,Tuesday,2000,200
2021-04-07 04:15:00,Female,38,617,5258,Japan,Kanagawa,Yokohama,toys,board game,20,35,1,Facebook-ads,2021-04-07 04:32:00,True,2021-04-07 04:41:00,Cash On Delivery,2021-04-07 04:37:00,False,,4,7,4,Wednesday,35,15
2021-04-08 07:21:00,Female,24,708,3880,Canada,Quebec,Montreal,books,novel,10,18,5,Instagram-ads,2021-04-08 07:35:00,True,2021-04-08 07:48:00,Cash On Delivery,2021-04-08 07:38:00,True,Poor Value,7,8,4,Thursday,90,8
2021-04-10 20:24:00,Male,58,681,6354,China,Guangdong,Guangzhou,home appliances,toaster,40,60,1,Google-ads,2021-04-10 20:37:00,False,,,2021-04-10 20:42:00,,,20,10,4,Saturday,60,20
2021-04-11 19:51:00,Male,41,681,6089,Australia,Victoria,Melbourne,toys,puzzle,15,25,4,Billboard-QR code,2021-04-11 20:08:00,True,2021-04-11 20:16:00,Credit Card,2021-04-11 20:12:00,False,,19,11,4,Sunday,100,10
2021-04-13 00:06:00,Male,61,646,6863,Australia,New South Wales,Newcastle,home appliances,electric stove,250,400,3,Billboard-QR code,2021-04-13 00:19:00,True,2021-04-13 00:26:00,Credit Card,2021-04-13 00:22:00,False,,0,13,4,Tuesday,1200,150
2021-04-13 07:31:00,Male,70,635,3717,USA,California,San Diego,fashion,jeans,40,70,3,Twitter-ads,2021-04-13 07:38:00,True,2021-04-13 07:45:00,Credit Card,2021-04-13 07:41:00,False,,7,13,4,Tuesday,210,30
2021-04-14 05:54:00,Male,56,730,4991,Canada,Quebec,Montreal,toys,board game,20,35,2,Billboard-QR code,2021-04-14 06:22:00,True,2021-04-14 06:28:00,Credit Card,2021-04-14 06:27:00,False,,5,14,4,Wednesday,70,15
2021-04-16 03:42:00,Female,57,699,7006,Italy,Lazio,Frosinone,toys,board game,20,35,5,Facebook-ads,2021-04-16 03:57:00,False,,,2021-04-16 03:56:00,,,3,16,4,Friday,175,15
2021-04-17 08:17:00,Female,47,701,4972,Australia,New South Wales,Wollongong,books,novel,10,18,4,E-mails,2021-04-17 08:25:00,True,2021-04-17 08:37:00,Paypal,2021-04-17 08:29:00,False,,8,17,4,Saturday,72,8
2021-04-17 18:04:00,Female,61,736,7138,Spain,Catalonia,Tarragona,books,autobiography,20,35,2,Twitter-ads,2021-04-17 18:30:00,True,2021-04-17 18:35:00,Debit Card,2021-04-17 18:35:00,False,,18,17,4,Saturday,70,15
2021-04-17 23:07:00,Male,63,691,7546,UK,England,London,home appliances,microwave oven,300,500,6,Instagram-ads,2021-04-17 23:32:00,False,,,2021-04-17 23:21:00,,,23,17,4,Saturday,3000,200
2021-04-18 01:25:00,Female,28,649,3627,UK,Scotland,Edinburgh,electronics,television,1000,1500,4,Google-ads,2021-04-18 01:38:00,True,2021-04-18 01:53:00,Cash On Delivery,2021-04-18 01:42:00,False,,1,18,4,Sunday,6000,500
2021-04-18 06:30:00,Male,71,729,6150,UK,England,London,fashion,jeans,40,70,1,Twitter-ads,2021-04-18 06:48:00,True,2021-04-18 07:02:00,Credit Card,2021-04-18 06:51:00,False,,6,18,4,Sunday,70,30
2021-04-18 07:48:00,Female,28,636,3862,China,Shandong,Yantai,books,magazine,5,8,4,Instagram-ads,2021-04-18 07:56:00,True,2021-04-18 08:11:00,Credit Card,2021-04-18 08:01:00,False,,7,18,4,Sunday,32,3
2021-04-20 11:08:00,Male,41,772,3316,Canada,Ontario,Toronto,books,novel,10,18,2,E-mails,2021-04-20 11:22:00,True,2021-04-20 11:34:00,Credit Card,2021-04-20 11:24:00,False,,11,20,4,Tuesday,36,8
2021-04-20 14:24:00,Female,32,733,4139,Canada,Quebec,Laval,books,magazine,5,8,4,E-mails,2021-04-20 14:33:00,True,2021-04-20 14:42:00,Credit Card,2021-04-20 14:36:00,False,,14,20,4,Tuesday,32,3
2021-04-21 07:27:00,Male,31,692,7702,USA,California,San Jose,electronics,table fan,30,50,2,Instagram-ads,2021-04-21 07:41:00,True,2021-04-21 07:48:00,Credit Card,2021-04-21 07:45:00,False,,7,21,4,Wednesday,100,20
2021-04-21 23:57:00,Female,30,666,7258,Italy,Lombardy,Milan,toys,plush toy,12,20,1,Google-ads,2021-04-22 00:14:00,True,2021-04-22 00:19:00,Cash On Delivery,2021-04-22 00:18:00,False,,23,21,4,Wednesday,20,8
2021-04-22 06:40:00,Male,36,752,5418,India,Maharashtra,Pune,toys,board game,20,35,6,Google-ads,2021-04-22 06:57:00,True,2021-04-22 07:09:00,Paypal,2021-04-22 07:02:00,False,,6,22,4,Thursday,210,15
2021-04-22 06:44:00,Female,24,770,4811,China,Guangdong,Guangzhou,home appliances,electric stove,250,400,3,E-mails,2021-04-22 06:56:00,True,2021-04-22 07:10:00,Debit Card,2021-04-22 07:00:00,False,,6,22,4,Thursday,1200,150
2021-04-23 15:54:00,Male,42,758,6545,USA,Texas,Houston,home appliances,microwave oven,300,500,4,Facebook-ads,2021-04-23 16:08:00,True,2021-04-23 16:20:00,Cash On Delivery,2021-04-23 16:11:00,False,,15,23,4,Friday,2000,200
2021-04-24 07:42:00,Male,20,619,5347,Canada,Quebec,Montreal,electronics,television,1000,1500,4,Billboard-QR code,2021-04-24 07:53:00,True,2021-04-24 08:05:00,Debit Card,2021-04-24 07:55:00,False,,7,24,4,Saturday,6000,500
2021-04-27 00:43:00,Female,40,634,5738,USA,California,San Diego,toys,plush toy,12,20,2,E-mails,2021-04-27 01:09:00,True,2021-04-27 01:20:00,Credit Card,2021-04-27 01:14:00,True,Poor Value,0,27,4,Tuesday,40,8
2021-04-27 07:26:00,Male,47,660,5128,India,Maharashtra,Mumbai,books,autobiography,20,35,5,Facebook-ads,2021-04-27 07:37:00,True,2021-04-27 07:45:00,Credit Card,2021-04-27 07:41:00,False,,7,27,4,Tuesday,175,15
2021-04-28 03:23:00,Male,48,678,3980,USA,Texas,Dallas,toys,plush toy,12,20,4,Google-ads,2021-04-28 03:32:00,True,2021-04-28 03:45:00,Credit Card,2021-04-28 03:36:00,False,,3,28,4,Wednesday,80,8
2021-04-28 10:46:00,Female,41,633,5039,Japan,Kanagawa,Sagamihara,home appliances,electric stove,250,400,6,Billboard-QR code,2021-04-28 11:15:00,True,2021-04-28 11:30:00,Credit Card,2021-04-28 11:18:00,False,,10,28,4,Wednesday,2400,150
2021-04-29 00:38:00,Female,43,698,6508,USA,California,San Diego,books,novel,10,18,5,E-mails,2021-04-29 00:51:00,True,2021-04-29 01:01:00,Paypal,2021-04-29 00:53:00,False,,0,29,4,Thursday,90,8
2021-04-30 01:47:00,Male,36,621,3864,Japan,Kanagawa,Kawasaki,toys,plush toy,12,20,6,Facebook-ads,2021-04-30 02:10:00,True,2021-04-30 02:16:00,Credit Card,2021-04-30 02:15:00,False,,1,30,4,Friday,120,8
2021-04-30 03:58:00,Male,39,625,5143,Canada,Ontario,Mississauga,toys,puzzle,15,25,6,E-mails,2021-04-30 04:22:00,True,2021-04-30 04:33:00,Cash On Delivery,2021-04-30 04:24:00,False,,3,30,4,Friday,150,10
2021-05-01 16:19:00,Male,23,722,3724,Canada,Ontario,Ottawa,home appliances,electric stove,250,400,6,Billboard-QR code,2021-05-01 16:37:00,False,,,2021-05-01 16:22:00,,,16,1,5,Saturday,2400,150
2021-05-01 23:14:00,Female,66,767,5000,Spain,Catalonia,Girona,fashion,jeans,40,70,3,Twitter-ads,2021-05-01 23:30:00,True,2021-05-01 23:35:00,Debit Card,2021-05-01 23:32:00,True,Poor Value,23,1,5,Saturday,210,30
2021-05-02 01:37:00,Male,71,715,3649,Spain,Catalonia,Girona,home appliances,mixer grinder,60,90,3,E-mails,2021-05-02 01:55:00,True,2021-05-02 02:08:00,Credit Card,2021-05-02 02:00:00,False,,1,2,5,Sunday,270,30
2021-05-03 06:32:00,Male,35,768,6120,Spain,Catalonia,Girona,toys,puzzle,15,25,2,Billboard-QR code,2021-05-03 06:58:00,True,2021-05-03 07:09:00,Debit Card,2021-05-03 07:03:00,False,,6,3,5,Monday,50,10
2021-05-04 01:23:00,Male,48,659,7592,Japan,Kanagawa,Sagamihara,books,autobiography,20,35,6,Billboard-QR code,2021-05-04 01:48:00,True,2021-05-04 02:00:00,Credit Card,2021-05-04 01:51:00,False,,1,4,5,Tuesday,210,15
2021-05-07 08:14:00,Female,19,766,3567,Japan,Tokyo,Yokohama,books,magazine,5,8,6,E-mails,2021-05-07 08:41:00,True,2021-05-07 08:53:00,Credit Card,2021-05-07 08:46:00,False,,8,7,5,Friday,48,3
2021-05-07 11:58:00,Female,20,730,5256,Spain,Catalonia,Girona,books,magazine,5,8,5,E-mails,2021-05-07 12:04:00,True,2021-05-07 12:13:00,Debit Card,2021-05-07 12:07:00,False,,11,7,5,Friday,40,3
2021-05-07 12:34:00,Female,24,671,6025,China,Guangdong,Shenzhen,books,novel,10,18,1,Billboard-QR code,2021-05-07 12:53:00,True,2021-05-07 13:05:00,Debit Card,2021-05-07 12:55:00,False,,12,7,5,Friday,18,8
2021-05-08 12:04:00,Male,25,704,3397,USA,California,San Jose,home appliances,microwave oven,300,500,6,Instagram-ads,2021-05-08 12:20:00,True,2021-05-08 12:26:00,Debit Card,2021-05-08 12:23:00,False,,12,8,5,Saturday,3000,200
2021-05-08 23:46:00,Female,52,720,6326,Australia,Victoria,Ballarat,books,novel,10,18,3,Google-ads,2021-05-09 00:00:00,True,2021-05-09 00:13:00,Cash On Delivery,2021-05-09 00:03:00,False,,23,8,5,Saturday,54,8
2021-05-10 19:49:00,Female,27,741,7565,India,Uttar Pradesh,Lucknow,home appliances,mixer grinder,60,90,4,Twitter-ads,2021-05-10 19:54:00,True,2021-05-10 20:03:00,Credit Card,2021-05-10 19:58:00,False,,19,10,5,Monday,360,30
2021-05-12 09:27:00,Male,28,699,3355,Italy,Lombardy,Bergamo,books,autobiography,20,35,6,E-mails,2021-05-12 09:56:00,True,2021-05-12 10:11:00,Debit Card,2021-05-12 09:58:00,True,Arrived Damaged,9,12,5,Wednesday,210,15
2021-05-12 22:14:00,Male,25,722,6723,UK,Scotland,Edinburgh,toys,board game,20,35,5,Instagram-ads,2021-05-12 22:21:00,True,2021-05-12 22:28:00,Debit Card,2021-05-12 22:26:00,False,,22,12,5,Wednesday,175,15
2021-05-12 23:50:00,Female,68,676,6636,India,Uttar Pradesh,Kanpur,books,autobiography,20,35,5,Google-ads,2021-05-13 00:06:00,True,2021-05-13 00:17:00,Cash On Delivery,2021-05-13 00:08:00,False,,23,12,5,Wednesday,175,15
2021-05-13 08:41:00,Male,37,702,7027,China,Guangdong,Shenzhen,fashion,shoes,60,100,3,E-mails,2021-05-13 08:50:00,False,,,2021-05-13 08:59:00,,,8,13,5,Thursday,300,40
2021-05-13 17:36:00,Male,42,652,5189,USA,California,San Jose,fashion,shoes,60,100,5,Google-ads,2021-05-13 18:03:00,True,2021-05-13 18:08:00,Cash On Delivery,2021-05-13 18:07:00,False,,17,13,5,Thursday,500,40
2021-05-13 19:01:00,Female,19,774,5803,India,Maharashtra,Mumbai,home appliances,electric stove,250,400,3,Twitter-ads,2021-05-13 19:31:00,False,,,2021-05-13 19:05:00,,,19,13,5,Thursday,1200,150
2021-05-14 04:36:00,Male,56,756,6610,Australia,New South Wales,Sydney,books,autobiography,20,35,6,Facebook-ads,2021-05-14 05:06:00,True,2021-05-14 05:19:00,Debit Card,2021-05-14 05:11:00,False,,4,14,5,Friday,210,15
2021-05-14 15:38:00,Female,67,725,7451,China,Shandong,Qingdao,toys,puzzle,15,25,6,Google-ads,2021-05-14 15:46:00,True,2021-05-14 16:01:00,Paypal,2021-05-14 15:49:00,False,,15,14,5,Friday,150,10
2021-05-15 17:54:00,Female,23,703,5148,Spain,Andalusia,Seville,fashion,shoes,60,100,1,Instagram-ads,2021-05-15 18:02:00,False,,,2021-05-15 18:18:00,,,17,15,5,Saturday,100,40
2021-05-15 23:17:00,Female,59,738,6533,Japan,Tokyo,Yokohama,electronics,laptop,800,1200,4,E-mails,2021-05-15 23:34:00,False,,,2021-05-15 23:48:00,,,23,15,5,Saturday,4800,400
2021-05-16 13:06:00,Female,53,775,5908,India,Uttar Pradesh,Lucknow,electronics,hair dryer,25,40,3,E-mails,2021-05-16 13:21:00,True,2021-05-16 13:32:00,Debit Card,2021-05-16 13:23:00,False,,13,16,5,Sunday,120,15
2021-05-17 21:00:00,Female,55,636,3793,USA,California,San Diego,electronics,laptop,800,1200,4,Instagram-ads,2021-05-17 21:23:00,False,,,2021-05-17 21:34:00,,,21,17,5,Monday,4800,400
2021-05-19 01:47:00,Female,21,723,7159,UK,England,Manchester,toys,puzzle,15,25,2,E-mails,2021-05-19 02:12:00,True,2021-05-19 02:18:00,Paypal,2021-05-19 02:17:00,False,,1,19,5,Wednesday,50,10
2021-05-19 04:42:00,Male,37,679,3811,India,Uttar Pradesh,Kanpur,home appliances,electric stove,250,400,4,Billboard-QR code,2021-05-19 04:58:00,True,2021-05-19 05:11:00,Cash On Delivery,2021-05-19 05:00:00,False,,4,19,5,Wednesday,1600,150
2021-05-20 12:42:00,Male,51,683,3861,India,Maharashtra,Nagpur,toys,board game,20,35,3,Instagram-ads,2021-05-20 13:10:00,True,2021-05-20 13:20:00,Credit Card,2021-05-20 13:14:00,False,,12,20,5,Thursday,105,15
2021-05-20 16:55:00,Male,55,622,3187,Australia,Victoria,Melbourne,fashion,t-shirt,15,25,6,E-mails,2021-05-20 17:14:00,True,2021-05-20 17:27:00,Debit Card,2021-05-20 17:16:00,False,,16,20,5,Thursday,150,10
2021-05-21 07:10:00,Male,72,633,7751,Italy,Lombardy,Bergamo,fashion,jeans,40,70,2,E-mails,2021-05-21 07:22:00,True,2021-05-21 07:31:00,Debit Card,2021-05-21 07:24:00,False,,7,21,5,Friday,140,30
2021-05-22 07:09:00,Female,57,727,4481,UK,England,London,books,textbook,30,50,2,Google-ads,2021-05-22 07:36:00,True,2021-05-22 07:41:00,Debit Card,2021-05-22 07:38:00,True,Wrong Item,7,22,5,Saturday,100,20
2021-05-22 21:06:00,Male,23,655,3185,Spain,Andalusia,Malaga,toys,board game,20,35,6,Instagram-ads,2021-05-22 21:36:00,True,2021-05-22 21:51:00,Credit Card,2021-05-22 21:38:00,False,,21,22,5,Saturday,210,15
2021-05-23 13:04:00,Female,34,618,6112,Italy,Lazio,Frosinone,home appliances,mixer grinder,60,90,1,Google-ads,2021-05-23 13:29:00,True,2021-05-23 13:38:00,Debit Card,2021-05-23 13:31:00,False,,13,23,5,Sunday,90,30
2021-05-24 05:02:00,Female,59,606,6357,Japan,Tokyo,Kawasaki,books,magazine,5,8,6,Twitter-ads,2021-05-24 05:31:00,True,2021-05-24 05:40:00,Credit Card,2021-05-24 05:34:00,False,,5,24,5,Monday,48,3
2021-05-24 11:56:00,Female,20,648,7149,UK,England,Manchester,books,autobiography,20,35,1,Twitter-ads,2021-05-24 12:10:00,False,,,2021-05-24 12:28:00,,,11,24,5,Monday,35,15
2021-05-24 12:39:00,Male,46,699,4464,India,Uttar Pradesh,Ghaziabad,home appliances,electric stove,250,400,6,Twitter-ads,2021-05-24 12:55:00,False,,,2021-05-24 12:53:00,,,12,24,5,Monday,2400,150
2021-05-24 20:23:00,Female,69,720,7795,Japan,Tokyo,Yokohama,electronics,television,1000,1500,1,E-mails,2021-05-24 20:48:00,True,2021-05-24 20:56:00,Credit Card,2021-05-24 20:52:00,False,,20,24,5,Monday,1500,500
2021-05-24 21:09:00,Female,26,644,4166,Japan,Tokyo,Tokyo,electronics,television,1000,1500,4,Facebook-ads,2021-05-24 21:26:00,False,,,2021-05-24 21:20:00,,,21,24,5,Monday,6000,500
2021-05-25 08:01:00,Female,56,610,7263,Canada,Ontario,Ottawa,books,textbook,30,50,6,Billboard-QR code,2021-05-25 08:24:00,True,2021-05-25 08:33:00,Cash On Delivery,2021-05-25 08:28:00,False,,8,25,5,Tuesday,300,20
2021-05-27 19:13:00,Male,33,673,6320,Italy,Lazio,Rome,toys,puzzle,15,25,6,Google-ads,2021-05-27 19:28:00,True,2021-05-27 19:34:00,Debit Card,2021-05-27 19:31:00,False,,19,27,5,Thursday,150,10
2021-05-31 11:19:00,Male,43,675,5686,India,Maharashtra,Mumbai,fashion,t-shirt,15,25,2,Instagram-ads,2021-05-31 11:39:00,True,2021-05-31 11:50:00,Credit Card,2021-05-31 11:43:00,False,,11,31,5,Monday,50,10
2021-05-31 16:25:00,Female,69,715,5585,Japan,Tokyo,Tokyo,fashion,dress,50,80,1,Twitter-ads,2021-05-31 16:44:00,True,2021-05-31 16:50:00,Cash On Delivery,2021-05-31 16:47:00,False,,16,31,5,Monday,80,30
2021-05-31 21:35:00,Male,55,722,5241,Australia,New South Wales,Newcastle,home appliances,electric stove,250,400,2,Facebook-ads,2021-05-31 21:42:00,True,2021-05-31 21:57:00,Credit Card,2021-05-31 21:45:00,False,,21,31,5,Monday,800,150
2021-06-01 11:12:00,Female,20,628,7171,Canada,Quebec,Montreal,fashion,dress,50,80,1,Instagram-ads,2021-06-01 11:19:00,True,2021-06-01 11:26:00,Debit Card,2021-06-01 11:23:00,False,,11,1,6,Tuesday,80,30
2021-06-02 11:15:00,Female,24,610,4549,Canada,Ontario,Mississauga,toys,puzzle,15,25,2,Twitter-ads,2021-06-02 11:38:00,False,,,2021-06-02 11:40:00,,,11,2,6,Wednesday,50,10
2021-06-03 15:30:00,Male,47,756,5727,China,Guangdong,Dongguan,toys,puzzle,15,25,1,Twitter-ads,2021-06-03 15:45:00,True,2021-06-03 15:52:00,Cash On Delivery,2021-06-03 15:49:00,False,,15,3,6,Thursday,25,10
2021-06-03 21:48:00,Female,27,696,5728,Canada,Quebec,Quebec City,toys,plush toy,12,20,1,Instagram-ads,2021-06-03 21:59:00,True,2021-06-03 22:13:00,Debit Card,2021-06-03 22:03:00,False,,21,3,6,Thursday,20,8
2021-06-04 09:40:00,Male,59,612,6503,India,Maharashtra,Pune,books,autobiography,20,35,6,Instagram-ads,2021-06-04 10:04:00,True,2021-06-04 10:14:00,Credit Card,2021-06-04 10:08:00,False,,9,4,6,Friday,210,15
2021-06-05 01:32:00,Male,22,763,6133,Australia,Victoria,Geelong,books,novel,10,18,5,E-mails,2021-06-05 01:49:00,True,2021-06-05 02:00:00,Debit Card,2021-06-05 01:54:00,False,,1,5,6,Saturday,90,8
2021-06-06 10:19:00,Female,47,727,3745,China,Guangdong,Dongguan,electronics,laptop,800,1200,6,E-mails,2021-06-06 10:34:00,True,2021-06-06 10:44:00,Debit Card,2021-06-06 10:36:00,False,,10,6,6,Sunday,7200,400
2021-06-07 03:24:00,Male,41,722,5434,Canada,Ontario,Mississauga,home appliances,mixer grinder,60,90,3,Billboard-QR code,2021-06-07 03:49:00,False,,,2021-06-07 03:43:00,,,3,7,6,Monday,270,30
2021-06-08 00:18:00,Male,27,714,6054,Canada,Quebec,Laval,books,magazine,5,8,6,Facebook-ads,2021-06-08 00:47:00,True,2021-06-08 00:53:00,Paypal,2021-06-08 00:50:00,False,,0,8,6,Tuesday,48,3
2021-06-08 18:09:00,Female,35,611,3783,Canada,Ontario,Toronto,home appliances,toaster,40,60,2,Billboard-QR code,2021-06-08 18:14:00,True,2021-06-08 18:22:00,Debit Card,2021-06-08 18:18:00,False,,18,8,6,Tuesday,120,20
2021-06-08 20:00:00,Male,20,614,4561,UK,England,Manchester,home appliances,electric stove,250,400,3,Facebook-ads,2021-06-08 20:08:00,True,2021-06-08 20:13:00,Credit Card,2021-06-08 20:11:00,True,Poor Value,20,8,6,Tuesday,1200,150
2021-06-09 00:51:00,Male,72,653,5134,Australia,New South Wales,Wollongong,fashion,shoes,60,100,1,Billboard-QR code,2021-06-09 01:14:00,True,2021-06-09 01:26:00,Debit Card,2021-06-09 01:17:00,True,Arrived Late,0,9,6,Wednesday,100,40
2021-06-09 05:21:00,Male,29,711,6895,Japan,Kanagawa,Kawasaki,home appliances,toaster,40,60,4,E-mails,2021-06-09 05:44:00,True,2021-06-09 05:58:00,Credit Card,2021-06-09 05:46:00,False,,5,9,6,Wednesday,240,20
2021-06-10 16:45:00,Female,18,730,4842,UK,Scotland,Edinburgh,electronics,table fan,30,50,5,Facebook-ads,2021-06-10 16:56:00,True,2021-06-10 17:11:00,Credit Card,2021-06-10 16:58:00,False,,16,10,6,Thursday,250,20
2021-06-10 19:18:00,Male,33,600,3591,India,Uttar Pradesh,Ghaziabad,home appliances,electric stove,250,400,1,E-mails,2021-06-10 19:27:00,True,2021-06-10 19:37:00,Paypal,2021-06-10 19:31:00,True,Arrived Damaged,19,10,6,Thursday,400,150
2021-06-11 19:33:00,Male,50,651,7429,Spain,Andalusia,Seville,books,magazine,5,8,2,Facebook-ads,2021-06-11 19:44:00,True,2021-06-11 19:58:00,Cash On Delivery,2021-06-11 19:49:00,True,Poor Value,19,11,6,Friday,16,3
2021-06-12 01:54:00,Male,19,741,3551,Japan,Kanagawa,Yokohama,home appliances,toaster,40,60,3,Facebook-ads,2021-06-12 02:16:00,False,,,2021-06-12 02:07:00,,,1,12,6,Saturday,180,20
2021-06-12 09:46:00,Male,18,734,7776,Italy,Lazio,Latina,fashion,t-shirt,15,25,3,E-mails,2021-06-12 10:14:00,True,2021-06-12 10:19:00,Cash On Delivery,2021-06-12 10:16:00,False,,9,12,6,Saturday,75,10
2021-06-13 22:36:00,Female,31,635,6911,USA,Texas,San Antonio,books,novel,10,18,4,Billboard-QR code,2021-06-13 22:43:00,True,2021-06-13 22:57:00,Credit Card,2021-06-13 22:45:00,False,,22,13,6,Sunday,72,8
2021-06-15 13:26:00,Male,50,694,6637,Italy,Lazio,Rome,toys,board game,20,35,2,Facebook-ads,2021-06-15 13:51:00,False,,,2021-06-15 13:34:00,,,13,15,6,Tuesday,70,15
2021-06-15 14:32:00,Male,68,697,7912,Japan,Kanagawa,Sagamihara,electronics,laptop,800,1200,3,Twitter-ads,2021-06-15 14:42:00,True,2021-06-15 14:56:00,Debit Card,2021-06-15 14:45:00,False,,14,15,6,Tuesday,3600,400
2021-06-16 17:36:00,Female,18,632,6302,Japan,Kanagawa,Sagamihara,toys,action figure,8,15,5,Google-ads,2021-06-16 17:56:00,True,2021-06-16 18:02:00,Credit Card,2021-06-16 18:01:00,False,,17,16,6,Wednesday,75,7
2021-06-18 23:47:00,Male,31,682,4097,Australia,Victoria,Ballarat,electronics,hair dryer,25,40,3,Google-ads,2021-06-18 23:53:00,True,2021-06-19 00:04:00,Credit Card,2021-06-18 23:56:00,False,,23,18,6,Friday,120,15
2021-06-19 17:13:00,Male,49,748,3049,Italy,Lazio,Frosinone,fashion,jeans,40,70,2,Instagram-ads,2021-06-19 17:19:00,False,,,2021-06-19 17:18:00,,,17,19,6,Saturday,140,30
2021-06-21 00:57:00,Female,31,778,6209,Spain,Andalusia,Seville,books,autobiography,20,35,1,Google-ads,2021-06-21 01:12:00,True,2021-06-21 01:25:00,Debit Card,2021-06-21 01:15:00,False,,0,21,6,Monday,35,15
2021-06-21 09:33:00,Male,33,721,7553,India,Maharashtra,Mumbai,fashion,shoes,60,100,6,Twitter-ads,2021-06-21 09:52:00,True,2021-06-21 10:00:00,Debit Card,2021-06-21 09:55:00,True,Poor Quality,9,21,6,Monday,600,40
2021-06-25 02:53:00,Female,66,636,6399,India,Maharashtra,Nagpur,books,novel,10,18,4,Facebook-ads,2021-06-25 03:06:00,True,2021-06-25 03:12:00,Debit Card,2021-06-25 03:09:00,False,,2,25,6,Friday,72,8
2021-06-27 19:36:00,Male,72,777,6903,Canada,Ontario,Mississauga,home appliances,microwave oven,300,500,4,Google-ads,2021-06-27 19:59:00,True,2021-06-27 20:10:00,Paypal,2021-06-27 20:04:00,False,,19,27,6,Sunday,2000,200
2021-06-28 03:18:00,Male,38,677,7322,Italy,Lombardy,Brescia,home appliances,microwave oven,300,500,5,Facebook-ads,2021-06-28 03:39:00,True,2021-06-28 03:51:00,Cash On Delivery,2021-06-28 03:43:00,False,,3,28,6,Monday,2500,200
2021-06-30 15:19:00,Female,25,608,5798,Australia,Victoria,Melbourne,fashion,jeans,40,70,5,E-mails,2021-06-30 15:35:00,True,2021-06-30 15:45:00,Debit Card,2021-06-30 15:40:00,False,,15,30,6,Wednesday,350,30
2021-06-30 21:12:00,Female,60,618,5362,Italy,Lazio,Rome,electronics,laptop,800,1200,5,Twitter-ads,2021-06-30 21:20:00,True,2021-06-30 21:25:00,Cash On Delivery,2021-06-30 21:25:00,False,,21,30,6,Wednesday,6000,400
2021-07-01 05:36:00,Female,21,617,5651,Australia,New South Wales,Newcastle,electronics,hair dryer,25,40,6,Facebook-ads,2021-07-01 06:05:00,True,2021-07-01 06:19:00,Credit Card,2021-07-01 06:07:00,False,,5,1,7,Thursday,240,15
2021-07-03 22:43:00,Female,68,775,4999,UK,England,London,toys,board game,20,35,3,Instagram-ads,2021-07-03 23:12:00,True,2021-07-03 23:26:00,Paypal,2021-07-03 23:14:00,False,,22,3,7,Saturday,105,15
2021-07-04 01:23:00,Male,58,708,6834,Canada,Quebec,Laval,toys,action figure,8,15,5,Facebook-ads,2021-07-04 01:32:00,True,2021-07-04 01:44:00,Cash On Delivery,2021-07-04 01:36:00,False,,1,4,7,Sunday,75,7
2021-07-04 14:58:00,Male,20,705,5263,USA,Texas,Houston,fashion,dress,50,80,3,Instagram-ads,2021-07-04 15:11:00,True,2021-07-04 15:23:00,Credit Card,2021-07-04 15:13:00,False,,14,4,7,Sunday,240,30
2021-07-05 06:26:00,Male,56,759,7079,Australia,New South Wales,Sydney,home appliances,toaster,40,60,5,Billboard-QR code,2021-07-05 06:45:00,True,2021-07-05 06:50:00,Cash On Delivery,2021-07-05 06:48:00,False,,6,5,7,Monday,300,20
2021-07-09 11:12:00,Female,58,681,6866,Italy,Lombardy,Brescia,home appliances,microwave oven,300,500,3,Billboard-QR code,2021-07-09 11:41:00,True,2021-07-09 11:55:00,Credit Card,2021-07-09 11:43:00,False,,11,9,7,Friday,1500,200
2021-07-09 20:19:00,Male,31,780,6151,UK,Scotland,Aberdeen,books,novel,10,18,6,E-mails,2021-07-09 20:46:00,True,2021-07-09 20:58:00,Cash On Delivery,2021-07-09 20:51:00,False,,20,9,7,Friday,108,8
2021-07-10 06:40:00,Female,37,704,5940,Spain,Andalusia,Granada,books,magazine,5,8,4,Billboard-QR code,2021-07-10 06:56:00,True,2021-07-10 07:07:00,Credit Card,2021-07-10 07:01:00,False,,6,10,7,Saturday,32,3
2021-07-10 14:08:00,Female,22,760,6633,Japan,Tokyo,Tokyo,toys,puzzle,15,25,2,Instagram-ads,2021-07-10 14:28:00,True,2021-07-10 14:40:00,Cash On Delivery,2021-07-10 14:32:00,False,,14,10,7,Saturday,50,10
2021-07-14 17:51:00,Female,47,649,5111,USA,California,Los Angeles,home appliances,microwave oven,300,500,1,Facebook-ads,2021-07-14 18:10:00,True,2021-07-14 18:15:00,Credit Card,2021-07-14 18:15:00,False,,17,14,7,Wednesday,500,200
2021-07-15 04:59:00,Female,68,616,4239,Canada,Quebec,Montreal,fashion,t-shirt,15,25,1,Facebook-ads,2021-07-15 05:20:00,True,2021-07-15 05:31:00,Credit Card,2021-07-15 05:23:00,False,,4,15,7,Thursday,25,10
2021-07-15 20:27:00,Female,44,694,4336,Canada,Ontario,Mississauga,books,textbook,30,50,3,Instagram-ads,2021-07-15 20:43:00,True,2021-07-15 20:49:00,Credit Card,2021-07-15 20:46:00,False,,20,15,7,Thursday,150,20
2021-07-16 17:39:00,Female,38,603,4768,UK,Scotland,Edinburgh,electronics,table fan,30,50,3,Facebook-ads,2021-07-16 18:03:00,True,2021-07-16 18:08:00,Credit Card,2021-07-16 18:06:00,False,,17,16,7,Friday,150,20
2021-07-16 18:06:00,Female,26,677,6586,USA,California,San Jose,books,magazine,5,8,3,Billboard-QR code,2021-07-16 18:17:00,True,2021-07-16 18:25:00,Paypal,2021-07-16 18:21:00,False,,18,16,7,Friday,24,3
2021-07-17 01:47:00,Male,48,680,6754,Canada,Ontario,Ottawa,toys,puzzle,15,25,2,Instagram-ads,2021-07-17 02:00:00,True,2021-07-17 02:11:00,Cash On Delivery,2021-07-17 02:04:00,False,,1,17,7,Saturday,50,10
2021-07-17 04:22:00,Male,67,677,6930,USA,California,San Diego,books,textbook,30,50,4,Twitter-ads,2021-07-17 04:46:00,True,2021-07-17 05:01:00,Debit Card,2021-07-17 04:51:00,False,,4,17,7,Saturday,200,20
2021-07-18 06:21:00,Male,66,607,5110,India,Uttar Pradesh,Ghaziabad,fashion,t-shirt,15,25,3,Facebook-ads,2021-07-18 06:33:00,False,,,2021-07-18 06:55:00,,,6,18,7,Sunday,75,10
2021-07-19 02:45:00,Female,44,703,4999,USA,California,Los Angeles,toys,board game,20,35,1,Instagram-ads,2021-07-19 03:12:00,True,2021-07-19 03:24:00,Debit Card,2021-07-19 03:16:00,False,,2,19,7,Monday,35,15
2021-07-20 09:14:00,Male,20,676,5870,Italy,Lombardy,Bergamo,books,magazine,5,8,4,Billboard-QR code,2021-07-20 09:19:00,True,2021-07-20 09:32:00,Credit Card,2021-07-20 09:24:00,False,,9,20,7,Tuesday,32,3
2021-07-20 13:30:00,Male,67,667,5145,Spain,Catalonia,Tarragona,books,magazine,5,8,2,Instagram-ads,2021-07-20 13:36:00,False,,,2021-07-20 14:06:00,,,13,20,7,Tuesday,16,3
2021-07-20 16:39:00,Male,47,780,3480,Canada,Ontario,Ottawa,fashion,t-shirt,15,25,2,Twitter-ads,2021-07-20 16:59:00,False,,,2021-07-20 17:16:00,,,16,20,7,Tuesday,50,10
2021-07-21 13:03:00,Female,45,704,3700,USA,California,San Diego,fashion,jeans,40,70,3,Billboard-QR code,2021-07-21 13:16:00,True,2021-07-21 13:30:00,Debit Card,2021-07-21 13:20:00,False,,13,21,7,Wednesday,210,30
2021-07-22 06:39:00,Female,19,605,3010,China,Guangdong,Shenzhen,books,magazine,5,8,2,E-mails,2021-07-22 06:44:00,True,2021-07-22 06:49:00,Cash On Delivery,2021-07-22 06:49:00,False,,6,22,7,Thursday,16,3
2021-07-23 08:12:00,Female,38,764,6498,Japan,Tokyo,Yokohama,toys,puzzle,15,25,5,Billboard-QR code,2021-07-23 08:31:00,False,,,2021-07-23 08:36:00,,,8,23,7,Friday,125,10
2021-07-23 11:06:00,Male,21,631,5669,UK,England,London,books,magazine,5,8,2,Twitter-ads,2021-07-23 11:30:00,True,2021-07-23 11:42:00,Debit Card,2021-07-23 11:33:00,True,Poor Value,11,23,7,Friday,16,3
2021-07-23 18:30:00,Male,48,766,4905,China,Shandong,Jinan,fashion,t-shirt,15,25,6,Twitter-ads,2021-07-23 18:35:00,True,2021-07-23 18:46:00,Credit Card,2021-07-23 18:40:00,True,Arrived Damaged,18,23,7,Friday,150,10
2021-07-24 09:01:00,Female,43,759,5851,Italy,Lombardy,Bergamo,home appliances,toaster,40,60,4,Billboard-QR code,2021-07-24 09:24:00,False,,,2021-07-24 09:35:00,,,9,24,7,Saturday,240,20
2021-07-24 20:21:00,Male,31,770,7516,Japan,Kanagawa,Kawasaki,electronics,table fan,30,50,4,Facebook-ads,2021-07-24 20:33:00,True,2021-07-24 20:46:00,Credit Card,2021-07-24 20:38:00,False,,20,24,7,Saturday,200,20
2021-07-26 11:59:00,Male,64,675,3913,UK,England,London,toys,plush toy,12,20,2,Facebook-ads,2021-07-26 12:25:00,True,2021-07-26 12:38:00,Debit Card,2021-07-26 12:29:00,False,,11,26,7,Monday,40,8
2021-07-27 12:37:00,Male,56,600,4472,Australia,New South Wales,Sydney,electronics,television,1000,1500,2,Facebook-ads,2021-07-27 12:46:00,True,2021-07-27 12:56:00,Debit Card,2021-07-27 12:49:00,False,,12,27,7,Tuesday,3000,500
2021-07-27 19:32:00,Female,26,742,3013,Spain,Catalonia,Tarragona,toys,action figure,8,15,5,Instagram-ads,2021-07-27 19:53:00,True,2021-07-27 20:02:00,Cash On Delivery,2021-07-27 19:56:00,False,,19,27,7,Tuesday,75,7
2021-07-28 05:41:00,Female,37,608,4608,Japan,Tokyo,Kawasaki,home appliances,mixer grinder,60,90,4,Facebook-ads,2021-07-28 05:53:00,True,2021-07-28 06:02:00,Credit Card,2021-07-28 05:56:00,False,,5,28,7,Wednesday,360,30
2021-07-30 13:40:00,Female,59,699,5557,UK,Scotland,Glasgow,toys,plush toy,12,20,6,E-mails,2021-07-30 13:58:00,True,2021-07-30 14:11:00,Credit Card,2021-07-30 14:00:00,False,,13,30,7,Friday,120,8
2021-07-31 20:25:00,Female,56,664,6874,Australia,New South Wales,Sydney,books,autobiography,20,35,6,Twitter-ads,2021-07-31 20:54:00,True,2021-07-31 20:59:00,Paypal,2021-07-31 20:56:00,False,,20,31,7,Saturday,210,15
2021-08-02 04:35:00,Male,71,633,5645,Italy,Lazio,Latina,books,textbook,30,50,1,E-mails,2021-08-02 04:52:00,False,,,2021-08-02 05:12:00,,,4,2,8,Monday,50,20
2021-08-02 18:28:00,Male,48,677,5656,Japan,Tokyo,Yokohama,fashion,t-shirt,15,25,3,Twitter-ads,2021-08-02 18:45:00,True,2021-08-02 18:53:00,Cash On Delivery,2021-08-02 18:50:00,False,,18,2,8,Monday,75,10
2021-08-04 21:37:00,Female,56,756,3188,UK,England,Birmingham,home appliances,microwave oven,300,500,2,Billboard-QR code,2021-08-04 21:49:00,True,2021-08-04 21:56:00,Cash On Delivery,2021-08-04 21:52:00,False,,21,4,8,Wednesday,1000,200
2021-08-05 08:55:00,Male,72,650,5832,Australia,New South Wales,Newcastle,toys,puzzle,15,25,5,Facebook-ads,2021-08-05 09:09:00,True,2021-08-05 09:15:00,Credit Card,2021-08-05 09:11:00,False,,8,5,8,Thursday,125,10
2021-08-07 10:39:00,Female,54,693,3056,Italy,Lazio,Latina,books,magazine,5,8,2,Facebook-ads,2021-08-07 11:09:00,True,2021-08-07 11:23:00,Credit Card,2021-08-07 11:12:00,False,,10,7,8,Saturday,16,3
2021-08-07 13:36:00,Female,53,698,5697,Japan,Tokyo,Yokohama,books,novel,10,18,2,Google-ads,2021-08-07 13:54:00,True,2021-08-07 14:00:00,Debit Card,2021-08-07 13:59:00,False,,13,7,8,Saturday,36,8
2021-08-07 23:55:00,Female,37,613,7297,Australia,New South Wales,Wollongong,books,magazine,5,8,5,Instagram-ads,2021-08-08 00:16:00,True,2021-08-08 00:27:00,Credit Card,2021-08-08 00:21:00,False,,23,7,8,Saturday,40,3
2021-08-08 08:55:00,Male,18,657,5920,Canada,Quebec,Montreal,home appliances,mixer grinder,60,90,2,Facebook-ads,2021-08-08 09:02:00,True,2021-08-08 09:15:00,Debit Card,2021-08-08 09:04:00,False,,8,8,8,Sunday,180,30
2021-08-09 02:50:00,Male,58,741,3790,Italy,Lombardy,Brescia,home appliances,mixer grinder,60,90,2,Twitter-ads,2021-08-09 03:07:00,True,2021-08-09 03:15:00,Debit Card,2021-08-09 03:12:00,False,,2,9,8,Monday,180,30
2021-08-09 07:53:00,Female,47,734,6471,Australia,Victoria,Geelong,fashion,shoes,60,100,1,E-mails,2021-08-09 08:15:00,True,2021-08-09 08:20:00,Cash On Delivery,2021-08-09 08:19:00,False,,7,9,8,Monday,100,40
2021-08-09 17:42:00,Male,35,695,5791,Canada,Quebec,Laval,fashion,t-shirt,15,25,6,Google-ads,2021-08-09 18:08:00,True,2021-08-09 18:18:00,Credit Card,2021-08-09 18:12:00,False,,17,9,8,Monday,150,10
2021-08-10 00:16:00,Male,60,724,7109,Japan,Kanagawa,Yokohama,fashion,shoes,60,100,3,Instagram-ads,2021-08-10 00:35:00,True,2021-08-10 00:46:00,Credit Card,2021-08-10 00:37:00,False,,0,10,8,Tuesday,300,40
2021-08-10 20:13:00,Female,66,773,6127,UK,England,London,books,novel,10,18,6,Facebook-ads,2021-08-10 20:25:00,True,2021-08-10 20:35:00,Credit Card,2021-08-10 20:28:00,False,,20,10,8,Tuesday,108,8
2021-08-11 20:19:00,Male,32,638,7958,Italy,Lombardy,Bergamo,home appliances,microwave oven,300,500,6,Twitter-ads,2021-08-11 20:44:00,True,2021-08-11 20:57:00,Credit Card,2021-08-11 20:48:00,False,,20,11,8,Wednesday,3000,200
2021-08-12 12:49:00,Male,42,691,7356,Japan,Kanagawa,Kawasaki,electronics,television,1000,1500,4,Instagram-ads,2021-08-12 13:00:00,True,2021-08-12 13:08:00,Credit Card,2021-08-12 13:03:00,False,,12,12,8,Thursday,6000,500
2021-08-12 14:57:00,Male,19,627,5018,Canada,Ontario,Mississauga,home appliances,toaster,40,60,5,Instagram-ads,2021-08-12 15:08:00,True,2021-08-12 15:23:00,Debit Card,2021-08-12 15:13:00,False,,14,12,8,Thursday,300,20
2021-08-13 18:53:00,Female,72,696,5959,Italy,Lazio,Frosinone,books,magazine,5,8,3,Instagram-ads,2021-08-13 19:02:00,False,,,2021-08-13 18:57:00,,,18,13,8,Friday,24,3
2021-08-13 19:58:00,Female,69,606,5797,India,Maharashtra,Nagpur,toys,puzzle,15,25,3,Google-ads,2021-08-13 20:10:00,True,2021-08-13 20:20:00,Cash On Delivery,2021-08-13 20:15:00,False,,19,13,8,Friday,75,10
2021-08-14 13:49:00,Female,49,682,6473,Italy,Lazio,Frosinone,toys,action figure,8,15,4,E-mails,2021-08-14 13:56:00,True,2021-08-14 14:05:00,Debit Card,2021-08-14 13:58:00,False,,13,14,8,Saturday,60,7
2021-08-16 03:35:00,Female,53,770,5463,Spain,Catalonia,Tarragona,toys,puzzle,15,25,4,E-mails,2021-08-16 03:55:00,True,2021-08-16 04:00:00,Credit Card,2021-08-16 04:00:00,False,,3,16,8,Monday,100,10
2021-08-16 13:53:00,Female,42,636,3029,India,Uttar Pradesh,Lucknow,toys,action figure,8,15,6,E-mails,2021-08-16 14:23:00,True,2021-08-16 14:34:00,Debit Card,2021-08-16 14:26:00,True,Wrong Item,13,16,8,Monday,90,7
2021-08-16 18:34:00,Female,41,752,7268,Japan,Kanagawa,Sagamihara,home appliances,mixer grinder,60,90,3,Google-ads,2021-08-16 18:41:00,True,2021-08-16 18:48:00,Debit Card,2021-08-16 18:44:00,False,,18,16,8,Monday,270,30
2021-08-17 11:29:00,Female,41,726,7549,UK,Scotland,Aberdeen,toys,puzzle,15,25,2,Google-ads,2021-08-17 11:34:00,True,2021-08-17 11:44:00,Credit Card,2021-08-17 11:36:00,False,,11,17,8,Tuesday,50,10
2021-08-18 05:20:00,Male,71,713,7134,Japan,Tokyo,Kawasaki,home appliances,mixer grinder,60,90,4,Google-ads,2021-08-18 05:26:00,True,2021-08-18 05:35:00,Cash On Delivery,2021-08-18 05:28:00,False,,5,18,8,Wednesday,360,30
2021-08-19 03:47:00,Male,21,660,4320,USA,Texas,San Antonio,toys,action figure,8,15,3,Google-ads,2021-08-19 04:13:00,True,2021-08-19 04:27:00,Debit Card,2021-08-19 04:17:00,True,Poor Quality,3,19,8,Thursday,45,7
2021-08-19 09:48:00,Male,64,768,4018,Italy,Lazio,Rome,home appliances,mixer grinder,60,90,5,Billboard-QR code,2021-08-19 10:09:00,True,2021-08-19 10:20:00,Debit Card,2021-08-19 10:12:00,False,,9,19,8,Thursday,450,30
2021-08-20 11:07:00,Male,37,729,3148,USA,Texas,Dallas,electronics,hair dryer,25,40,5,Google-ads,2021-08-20 11:26:00,True,2021-08-20 11:34:00,Debit Card,2021-08-20 11:31:00,False,,11,20,8,Friday,200,15
2021-08-21 17:40:00,Female,63,729,5451,Italy,Lombardy,Milan,electronics,television,1000,1500,3,Billboard-QR code,2021-08-21 17:52:00,True,2021-08-21 18:02:00,Paypal,2021-08-21 17:54:00,True,Poor Value,17,21,8,Saturday,4500,500
2021-08-22 01:34:00,Male,64,693,4579,Italy,Lombardy,Bergamo,electronics,laptop,800,1200,4,Instagram-ads,2021-08-22 01:40:00,True,2021-08-22 01:47:00,Debit Card,2021-08-22 01:43:00,False,,1,22,8,Sunday,4800,400
2021-08-22 11:33:00,Female,51,634,4406,Australia,New South Wales,Sydney,electronics,television,1000,1500,4,E-mails,2021-08-22 11:51:00,True,2021-08-22 11:58:00,Debit Card,2021-08-22 11:53:00,False,,11,22,8,Sunday,6000,500
2021-08-22 21:35:00,Male,48,714,6792,Australia,Victoria,Geelong,toys,action figure,8,15,2,Instagram-ads,2021-08-22 21:56:00,True,2021-08-22 22:09:00,Cash On Delivery,2021-08-22 22:01:00,False,,21,22,8,Sunday,30,7
2021-08-25 04:59:00,Male,49,616,7484,Spain,Catalonia,Tarragona,books,textbook,30,50,5,Twitter-ads,2021-08-25 05:29:00,True,2021-08-25 05:34:00,Cash On Delivery,2021-08-25 05:34:00,False,,4,25,8,Wednesday,250,20
2021-08-25 19:51:00,Male,50,677,4263,India,Uttar Pradesh,Lucknow,toys,board game,20,35,5,Instagram-ads,2021-08-25 20:06:00,True,2021-08-25 20:13:00,Debit Card,2021-08-25 20:09:00,False,,19,25,8,Wednesday,175,15
2021-08-27 00:38:00,Female,36,740,5637,USA,Texas,San Antonio,toys,puzzle,15,25,4,Google-ads,2021-08-27 00:58:00,True,2021-08-27 01:13:00,Cash On Delivery,2021-08-27 01:01:00,False,,0,27,8,Friday,100,10
2021-08-28 00:58:00,Male,51,754,5069,Italy,Lazio,Frosinone,electronics,television,1000,1500,5,Facebook-ads,2021-08-28 01:23:00,True,2021-08-28 01:31:00,Credit Card,2021-08-28 01:26:00,True,Arrived Late,0,28,8,Saturday,7500,500
2021-08-29 13:19:00,Male,35,753,3008,Canada,Quebec,Montreal,home appliances,microwave oven,300,500,2,Instagram-ads,2021-08-29 13:35:00,True,2021-08-29 13:40:00,Cash On Delivery,2021-08-29 13:39:00,False,,13,29,8,Sunday,1000,200
2021-08-30 00:19:00,Male,56,655,4347,UK,England,Birmingham,home appliances,microwave oven,300,500,5,Google-ads,2021-08-30 00:31:00,True,2021-08-30 00:39:00,Paypal,2021-08-30 00:36:00,True,Poor Value,0,30,8,Monday,2500,200
2021-08-30 14:34:00,Female,58,762,7408,Japan,Tokyo,Tokyo,electronics,hair dryer,25,40,4,E-mails,2021-08-30 14:50:00,True,2021-08-30 15:05:00,Credit Card,2021-08-30 14:53:00,False,,14,30,8,Monday,160,15
2021-08-31 05:56:00,Male,32,694,4700,Japan,Tokyo,Yokohama,electronics,hair dryer,25,40,1,Instagram-ads,2021-08-31 06:26:00,True,2021-08-31 06:35:00,Credit Card,2021-08-31 06:30:00,False,,5,31,8,Tuesday,40,15
2021-08-31 08:00:00,Male,58,706,6524,Italy,Lombardy,Milan,home appliances,electric stove,250,400,5,Twitter-ads,2021-08-31 08:26:00,False,,,2021-08-31 08:14:00,,,8,31,8,Tuesday,2000,150
2021-08-31 14:22:00,Female,33,694,4374,UK,Scotland,Glasgow,fashion,jeans,40,70,6,Facebook-ads,2021-08-31 14:31:00,True,2021-08-31 14:37:00,Debit Card,2021-08-31 14:33:00,False,,14,31,8,Tuesday,420,30
2021-09-01 07:28:00,Female,22,693,4142,Japan,Kanagawa,Yokohama,toys,board game,20,35,3,E-mails,2021-09-01 07:46:00,True,2021-09-01 07:54:00,Debit Card,2021-09-01 07:49:00,False,,7,1,9,Wednesday,105,15
2021-09-02 06:52:00,Female,63,629,3856,India,Maharashtra,Mumbai,home appliances,toaster,40,60,3,Instagram-ads,2021-09-02 07:02:00,True,2021-09-02 07:11:00,Credit Card,2021-09-02 07:05:00,False,,6,2,9,Thursday,180,20
2021-09-03 03:30:00,Female,36,744,7327,Canada,Ontario,Ottawa,home appliances,mixer grinder,60,90,2,Facebook-ads,2021-09-03 03:54:00,True,2021-09-03 04:00:00,Credit Card,2021-09-03 03:59:00,False,,3,3,9,Friday,180,30
2021-09-04 14:36:00,Male,66,728,4705,UK,England,Birmingham,electronics,hair dryer,25,40,4,Google-ads,2021-09-04 14:45:00,True,2021-09-04 14:50:00,Debit Card,2021-09-04 14:47:00,False,,14,4,9,Saturday,160,15
2021-09-05 22:04:00,Female,26,721,3153,India,Uttar Pradesh,Lucknow,electronics,hair dryer,25,40,4,Instagram-ads,2021-09-05 22:16:00,True,2021-09-05 22:25:00,Debit Card,2021-09-05 22:20:00,False,,22,5,9,Sunday,160,15
2021-09-06 11:14:00,Male,24,627,7547,USA,California,San Jose,home appliances,electric stove,250,400,6,Instagram-ads,2021-09-06 11:41:00,True,2021-09-06 11:54:00,Credit Card,2021-09-06 11:45:00,False,,11,6,9,Monday,2400,150
2021-09-10 06:26:00,Male,42,748,5839,UK,Scotland,Edinburgh,toys,action figure,8,15,5,Facebook-ads,2021-09-10 06:35:00,True,2021-09-10 06:47:00,Credit Card,2021-09-10 06:40:00,False,,6,10,9,Friday,75,7
2021-09-12 00:20:00,Female,61,728,3853,Italy,Lazio,Frosinone,home appliances,mixer grinder,60,90,4,Google-ads,2021-09-12 00:37:00,True,2021-09-12 00:50:00,Cash On Delivery,2021-09-12 00:40:00,False,,0,12,9,Sunday,360,30
2021-09-12 04:23:00,Male,23,674,6460,USA,Texas,San Antonio,electronics,television,1000,1500,5,Instagram-ads,2021-09-12 04:45:00,True,2021-09-12 04:57:00,Cash On Delivery,2021-09-12 04:50:00,False,,4,12,9,Sunday,7500,500
2021-09-12 14:10:00,Male,37,662,4051,Canada,Ontario,Toronto,home appliances,electric stove,250,400,6,Google-ads,2021-09-12 14:30:00,True,2021-09-12 14:42:00,Credit Card,2021-09-12 14:33:00,False,,14,12,9,Sunday,2400,150
2021-09-12 14:37:00,Male,63,681,4958,UK,England,Birmingham,fashion,dress,50,80,6,E-mails,2021-09-12 14:43:00,False,,,2021-09-12 15:07:00,,,14,12,9,Sunday,480,30
2021-09-13 06:09:00,Female,43,635,3812,China,Guangdong,Guangzhou,home appliances,electric stove,250,400,3,E-mails,2021-09-13 06:25:00,True,2021-09-13 06:39:00,Debit Card,2021-09-13 06:28:00,False,,6,13,9,Monday,1200,150
2021-09-15 10:46:00,Male,72,712,3131,India,Maharashtra,Mumbai,electronics,laptop,800,1200,3,Billboard-QR code,2021-09-15 10:52:00,True,2021-09-15 11:06:00,Cash On Delivery,2021-09-15 10:57:00,False,,10,15,9,Wednesday,3600,400
2021-09-16 13:20:00,Male,56,691,7343,China,Guangdong,Dongguan,electronics,table fan,30,50,6,Facebook-ads,2021-09-16 13:27:00,True,2021-09-16 13:36:00,Cash On Delivery,2021-09-16 13:31:00,False,,13,16,9,Thursday,300,20
2021-09-17 10:24:00,Female,31,765,3343,Spain,Catalonia,Barcelona,toys,board game,20,35,6,Google-ads,2021-09-17 10:53:00,True,2021-09-17 11:03:00,Debit Card,2021-09-17 10:55:00,True,Poor Value,10,17,9,Friday,210,15
2021-09-17 22:08:00,Male,33,708,7771,Canada,Quebec,Montreal,toys,board game,20,35,5,Billboard-QR code,2021-09-17 22:15:00,True,2021-09-17 22:24:00,Cash On Delivery,2021-09-17 22:19:00,False,,22,17,9,Friday,175,15
2021-09-18 02:14:00,Male,33,615,3968,Spain,Catalonia,Tarragona,fashion,dress,50,80,3,Facebook-ads,2021-09-18 02:22:00,True,2021-09-18 02:30:00,Paypal,2021-09-18 02:25:00,True,Poor Quality,2,18,9,Saturday,240,30
2021-09-18 12:32:00,Male,36,613,4462,Italy,Lombardy,Milan,fashion,dress,50,80,4,E-mails,2021-09-18 13:02:00,True,2021-09-18 13:17:00,Debit Card,2021-09-18 13:06:00,False,,12,18,9,Saturday,320,30
2021-09-19 08:55:00,Male,21,669,7497,Canada,Quebec,Quebec City,electronics,television,1000,1500,1,Facebook-ads,2021-09-19 09:21:00,True,2021-09-19 09:30:00,Cash On Delivery,2021-09-19 09:24:00,False,,8,19,9,Sunday,1500,500
2021-09-19 17:03:00,Male,33,645,4685,USA,Texas,Houston,toys,board game,20,35,1,Billboard-QR code,2021-09-19 17:20:00,True,2021-09-19 17:34:00,Credit Card,2021-09-19 17:24:00,False,,17,19,9,Sunday,35,15
2021-09-20 04:11:00,Female,67,698,6535,India,Uttar Pradesh,Kanpur,books,novel,10,18,3,E-mails,2021-09-20 04:41:00,True,2021-09-20 04:55:00,Credit Card,2021-09-20 04:44:00,False,,4,20,9,Monday,54,8
2021-09-20 10:34:00,Female,52,732,4541,UK,Scotland,Glasgow,electronics,television,1000,1500,1,Billboard-QR code,2021-09-20 10:46:00,False,,,2021-09-20 10:59:00,,,10,20,9,Monday,1500,500
2021-09-21 05:03:00,Male,28,654,7618,Australia,New South Wales,Sydney,home appliances,electric stove,250,400,5,E-mails,2021-09-21 05:31:00,True,2021-09-21 05:44:00,Credit Card,2021-09-21 05:35:00,False,,5,21,9,Tuesday,2000,150
2021-09-24 01:28:00,Female,42,676,7190,Australia,Victoria,Ballarat,home appliances,electric stove,250,400,3,Instagram-ads,2021-09-24 01:58:00,False,,,2021-09-24 01:47:00,,,1,24,9,Friday,1200,150
2021-09-24 15:57:00,Female,55,718,5527,Italy,Lombardy,Brescia,books,novel,10,18,3,E-mails,2021-09-24 16:14:00,True,2021-09-24 16:22:00,Debit Card,2021-09-24 16:16:00,False,,15,24,9,Friday,54,8
2021-09-24 20:33:00,Female,51,704,4071,Canada,Quebec,Montreal,toys,puzzle,15,25,2,Facebook-ads,2021-09-24 20:38:00,True,2021-09-24 20:45:00,Debit Card,2021-09-24 20:40:00,False,,20,24,9,Friday,50,10
2021-09-27 19:04:00,Female,41,667,6553,China,Shandong,Qingdao,electronics,television,1000,1500,2,Instagram-ads,2021-09-27 19:18:00,False,,,2021-09-27 19:41:00,,,19,27,9,Monday,3000,500
2021-09-28 06:56:00,Male,49,695,4634,Spain,Andalusia,Malaga,fashion,shoes,60,100,6,Google-ads,2021-09-28 07:22:00,True,2021-09-28 07:28:00,Paypal,2021-09-28 07:27:00,False,,6,28,9,Tuesday,600,40
2021-09-29 11:22:00,Female,34,662,4633,USA,Texas,Houston,fashion,t-shirt,15,25,6,Facebook-ads,2021-09-29 11:32:00,True,2021-09-29 11:45:00,Cash On Delivery,2021-09-29 11:35:00,True,Poor Value,11,29,9,Wednesday,150,10
2021-09-30 10:31:00,Female,61,659,3047,Spain,Catalonia,Girona,fashion,t-shirt,15,25,2,Instagram-ads,2021-09-30 10:48:00,True,2021-09-30 11:02:00,Credit Card,2021-09-30 10:53:00,False,,10,30,9,Thursday,50,10
2021-10-01 00:53:00,Female,62,674,7288,Italy,Lazio,Latina,toys,action figure,8,15,3,Google-ads,2021-10-01 01:09:00,True,2021-10-01 01:16:00,Debit Card,2021-10-01 01:13:00,True,Arrived Late,0,1,10,Friday,45,7
2021-10-03 21:21:00,Female,35,655,3515,India,Maharashtra,Nagpur,fashion,t-shirt,15,25,2,Facebook-ads,2021-10-03 21:33:00,True,2021-10-03 21:47:00,Cash On Delivery,2021-10-03 21:38:00,False,,21,3,10,Sunday,50,10
2021-10-04 05:39:00,Female,54,663,6000,India,Uttar Pradesh,Lucknow,electronics,table fan,30,50,4,Facebook-ads,2021-10-04 05:58:00,True,2021-10-04 06:07:00,Debit Card,2021-10-04 06:03:00,False,,5,4,10,Monday,200,20
2021-10-04 22:15:00,Female,72,711,5097,India,Maharashtra,Pune,toys,plush toy,12,20,3,Billboard-QR code,2021-10-04 22:35:00,True,2021-10-04 22:42:00,Debit Card,2021-10-04 22:39:00,False,,22,4,10,Monday,60,8
2021-10-08 01:57:00,Male,57,768,3971,Spain,Catalonia,Barcelona,toys,action figure,8,15,2,Twitter-ads,2021-10-08 02:23:00,True,2021-10-08 02:37:00,Credit Card,2021-10-08 02:26:00,False,,1,8,10,Friday,30,7
2021-10-08 17:03:00,Male,45,636,6164,Canada,Ontario,Mississauga,electronics,table fan,30,50,4,E-mails,2021-10-08 17:11:00,True,2021-10-08 17:18:00,Cash On Delivery,2021-10-08 17:16:00,False,,17,8,10,Friday,200,20
2021-10-09 19:18:00,Female,41,725,6211,Australia,Victoria,Geelong,fashion,dress,50,80,3,Billboard-QR code,2021-10-09 19:45:00,True,2021-10-09 19:53:00,Credit Card,2021-10-09 19:48:00,False,,19,9,10,Saturday,240,30
2021-10-09 22:57:00,Female,67,685,7921,Italy,Lombardy,Bergamo,electronics,hair dryer,25,40,5,E-mails,2021-10-09 23:25:00,True,2021-10-09 23:34:00,Credit Card,2021-10-09 23:27:00,False,,22,9,10,Saturday,200,15
2021-10-11 17:20:00,Male,56,634,7203,Australia,Victoria,Melbourne,home appliances,mixer grinder,60,90,2,Instagram-ads,2021-10-11 17:37:00,True,2021-10-11 17:46:00,Credit Card,2021-10-11 17:39:00,True,Arrived Damaged,17,11,10,Monday,180,30
2021-10-11 21:27:00,Female,32,620,3167,Australia,New South Wales,Newcastle,toys,board game,20,35,6,Google-ads,2021-10-11 21:46:00,True,2021-10-11 21:51:00,Debit Card,2021-10-11 21:50:00,True,Arrived Damaged,21,11,10,Monday,210,15
2021-10-12 01:45:00,Male,34,686,6178,Canada,Quebec,Quebec City,home appliances,toaster,40,60,1,Facebook-ads,2021-10-12 02:11:00,True,2021-10-12 02:16:00,Cash On Delivery,2021-10-12 02:15:00,False,,1,12,10,Tuesday,60,20
2021-10-12 12:02:00,Female,25,639,3858,India,Uttar Pradesh,Ghaziabad,books,novel,10,18,4,Facebook-ads,2021-10-12 12:28:00,False,,,2021-10-12 12:33:00,,,12,12,10,Tuesday,72,8
2021-10-14 10:34:00,Male,33,696,5759,China,Shandong,Qingdao,electronics,table fan,30,50,6,E-mails,2021-10-14 10:52:00,True,2021-10-14 11:07:00,Debit Card,2021-10-14 10:56:00,False,,10,14,10,Thursday,300,20
2021-10-14 14:12:00,Male,68,683,6807,India,Uttar Pradesh,Kanpur,books,magazine,5,8,5,Google-ads,2021-10-14 14:28:00,True,2021-10-14 14:39:00,Debit Card,2021-10-14 14:30:00,False,,14,14,10,Thursday,40,3
2021-10-17 12:31:00,Female,69,672,5265,India,Uttar Pradesh,Kanpur,electronics,hair dryer,25,40,2,Facebook-ads,2021-10-17 12:48:00,True,2021-10-17 12:56:00,Credit Card,2021-10-17 12:52:00,True,Arrived Late,12,17,10,Sunday,80,15
2021-10-17 13:07:00,Male,33,697,7665,India,Maharashtra,Mumbai,fashion,shoes,60,100,1,Google-ads,2021-10-17 13:17:00,True,2021-10-17 13:31:00,Debit Card,2021-10-17 13:20:00,False,,13,17,10,Sunday,100,40
2021-10-18 05:50:00,Female,29,749,6105,China,Guangdong,Guangzhou,electronics,laptop,800,1200,6,Twitter-ads,2021-10-18 06:17:00,True,2021-10-18 06:28:00,Debit Card,2021-10-18 06:19:00,False,,5,18,10,Monday,7200,400
2021-10-18 19:31:00,Male,43,714,4750,Australia,New South Wales,Sydney,fashion,dress,50,80,2,Twitter-ads,2021-10-18 19:45:00,True,2021-10-18 20:00:00,Cash On Delivery,2021-10-18 19:49:00,False,,19,18,10,Monday,160,30
2021-10-19 03:29:00,Male,21,780,6064,Japan,Kanagawa,Kawasaki,fashion,dress,50,80,3,Facebook-ads,2021-10-19 03:35:00,False,,,2021-10-19 03:54:00,,,3,19,10,Tuesday,240,30
2021-10-19 04:33:00,Male,26,720,7200,Australia,Victoria,Melbourne,electronics,television,1000,1500,2,E-mails,2021-10-19 04:52:00,True,2021-10-19 05:07:00,Debit Card,2021-10-19 04:55:00,False,,4,19,10,Tuesday,3000,500
2021-10-22 08:49:00,Female,64,631,7702,China,Guangdong,Dongguan,electronics,hair dryer,25,40,5,Twitter-ads,2021-10-22 09:18:00,True,2021-10-22 09:23:00,Cash On Delivery,2021-10-22 09:23:00,False,,8,22,10,Friday,200,15
2021-10-24 21:06:00,Female,66,670,7030,Australia,New South Wales,Newcastle,home appliances,toaster,40,60,3,E-mails,2021-10-24 21:22:00,True,2021-10-24 21:32:00,Cash On Delivery,2021-10-24 21:24:00,False,,21,24,10,Sunday,180,20
2021-10-25 20:32:00,Female,42,767,5703,Japan,Tokyo,Kawasaki,books,novel,10,18,5,Google-ads,2021-10-25 20:54:00,True,2021-10-25 21:05:00,Cash On Delivery,2021-10-25 20:59:00,False,,20,25,10,Monday,90,8
2021-10-26 00:33:00,Male,18,740,6682,Spain,Catalonia,Girona,toys,action figure,8,15,2,Twitter-ads,2021-10-26 00:48:00,True,2021-10-26 00:55:00,Credit Card,2021-10-26 00:53:00,False,,0,26,10,Tuesday,30,7
2021-10-26 01:40:00,Male,33,746,4010,China,Shandong,Qingdao,toys,plush toy,12,20,6,Google-ads,2021-10-26 01:46:00,True,2021-10-26 01:58:00,Credit Card,2021-10-26 01:49:00,False,,1,26,10,Tuesday,120,8
2021-10-26 04:37:00,Female,18,706,7740,UK,England,Birmingham,toys,plush toy,12,20,5,Billboard-QR code,2021-10-26 04:59:00,True,2021-10-26 05:06:00,Paypal,2021-10-26 05:04:00,True,Wrong Item,4,26,10,Tuesday,100,8
2021-10-26 08:49:00,Female,67,661,6116,Japan,Tokyo,Yokohama,fashion,t-shirt,15,25,2,Google-ads,2021-10-26 09:06:00,True,2021-10-26 09:15:00,Debit Card,2021-10-26 09:09:00,False,,8,26,10,Tuesday,50,10
2021-10-26 11:56:00,Female,64,779,7355,Italy,Lazio,Frosinone,toys,action figure,8,15,6,Instagram-ads,2021-10-26 12:06:00,True,2021-10-26 12:11:00,Cash On Delivery,2021-10-26 12:09:00,False,,11,26,10,Tuesday,90,7
2021-10-27 01:52:00,Female,55,755,3990,India,Maharashtra,Mumbai,electronics,table fan,30,50,4,Google-ads,2021-10-27 02:21:00,False,,,2021-10-27 02:15:00,,,1,27,10,Wednesday,200,20
2021-10-28 16:04:00,Female,23,709,7406,Canada,Quebec,Montreal,books,textbook,30,50,3,Google-ads,2021-10-28 16:20:00,True,2021-10-28 16:28:00,Debit Card,2021-10-28 16:22:00,False,,16,28,10,Thursday,150,20
2021-10-29 06:38:00,Female,67,662,6868,India,Maharashtra,Nagpur,electronics,hair dryer,25,40,1,Google-ads,2021-10-29 06:57:00,True,2021-10-29 07:06:00,Credit Card,2021-10-29 07:02:00,False,,6,29,10,Friday,40,15
2021-10-29 09:32:00,Male,55,621,7531,Japan,Tokyo,Yokohama,fashion,dress,50,80,6,Twitter-ads,2021-10-29 09:53:00,True,2021-10-29 10:01:00,Cash On Delivery,2021-10-29 09:57:00,False,,9,29,10,Friday,480,30
2021-10-30 16:33:00,Male,69,708,6015,UK,England,Manchester,home appliances,electric stove,250,400,3,Instagram-ads,2021-10-30 16:48:00,True,2021-10-30 17:02:00,Cash On Delivery,2021-10-30 16:53:00,False,,16,30,10,Saturday,1200,150
2021-11-02 14:56:00,Female,57,736,7852,UK,Scotland,Edinburgh,toys,action figure,8,15,1,Billboard-QR code,2021-11-02 15:04:00,False,,,2021-11-02 15:20:00,,,14,2,11,Tuesday,15,7
2021-11-03 09:26:00,Male,63,724,7588,Canada,Quebec,Quebec City,toys,puzzle,15,25,5,Instagram-ads,2021-11-03 09:38:00,True,2021-11-03 09:45:00,Debit Card,2021-11-03 09:43:00,False,,9,3,11,Wednesday,125,10
2021-11-03 15:53:00,Female,48,606,4762,Japan,Kanagawa,Kawasaki,fashion,t-shirt,15,25,3,Instagram-ads,2021-11-03 16:05:00,True,2021-11-03 16:10:00,Credit Card,2021-11-03 16:08:00,False,,15,3,11,Wednesday,75,10
2021-11-03 17:44:00,Female,33,688,5097,Australia,New South Wales,Sydney,home appliances,electric stove,250,400,2,Billboard-QR code,2021-11-03 18:14:00,True,2021-11-03 18:25:00,Debit Card,2021-11-03 18:17:00,False,,17,3,11,Wednesday,800,150
2021-11-04 06:41:00,Male,60,709,7048,Spain,Andalusia,Seville,books,autobiography,20,35,5,Twitter-ads,2021-11-04 07:01:00,True,2021-11-04 07:13:00,Debit Card,2021-11-04 07:05:00,False,,6,4,11,Thursday,175,15
2021-11-05 08:55:00,Female,61,722,7881,Spain,Andalusia,Granada,electronics,television,1000,1500,5,Google-ads,2021-11-05 09:06:00,True,2021-11-05 09:17:00,Credit Card,2021-11-05 09:11:00,False,,8,5,11,Friday,7500,500
2021-11-09 14:04:00,Male,25,687,5444,China,Guangdong,Dongguan,electronics,laptop,800,1200,3,Twitter-ads,2021-11-09 14:24:00,True,2021-11-09 14:36:00,Credit Card,2021-11-09 14:27:00,False,,14,9,11,Tuesday,3600,400
2021-11-11 13:08:00,Female,22,675,4831,India,Maharashtra,Mumbai,books,textbook,30,50,3,Facebook-ads,2021-11-11 13:31:00,True,2021-11-11 13:46:00,Debit Card,2021-11-11 13:33:00,False,,13,11,11,Thursday,150,20
2021-11-12 23:35:00,Male,19,737,4452,Canada,Ontario,Mississauga,books,novel,10,18,3,Facebook-ads,2021-11-12 23:56:00,False,,,2021-11-12 23:42:00,,,23,12,11,Friday,54,8
2021-11-13 14:06:00,Male,55,664,7700,Australia,New South Wales,Sydney,electronics,laptop,800,1200,5,Facebook-ads,2021-11-13 14:32:00,True,2021-11-13 14:38:00,Cash On Delivery,2021-11-13 14:35:00,False,,14,13,11,Saturday,6000,400
2021-11-14 12:23:00,Female,30,640,5267,Australia,New South Wales,Sydney,electronics,television,1000,1500,6,E-mails,2021-11-14 12:38:00,True,2021-11-14 12:49:00,Credit Card,2021-11-14 12:40:00,False,,12,14,11,Sunday,9000,500
2021-11-14 19:15:00,Male,65,620,6948,Italy,Lazio,Latina,fashion,dress,50,80,3,Google-ads,2021-11-14 19:28:00,True,2021-11-14 19:36:00,Debit Card,2021-11-14 19:33:00,False,,19,14,11,Sunday,240,30
2021-11-14 21:43:00,Female,22,728,5341,Spain,Andalusia,Granada,books,magazine,5,8,2,Instagram-ads,2021-11-14 21:54:00,True,2021-11-14 22:04:00,Cash On Delivery,2021-11-14 21:58:00,False,,21,14,11,Sunday,16,3
2021-11-16 15:27:00,Female,41,706,7386,USA,California,San Diego,books,magazine,5,8,2,Facebook-ads,2021-11-16 15:38:00,True,2021-11-16 15:49:00,Debit Card,2021-11-16 15:43:00,False,,15,16,11,Tuesday,16,3
2021-11-16 15:37:00,Female,19,711,7806,USA,California,San Jose,books,magazine,5,8,1,Google-ads,2021-11-16 15:53:00,True,2021-11-16 15:59:00,Debit Card,2021-11-16 15:55:00,True,Wrong Item,15,16,11,Tuesday,8,3
2021-11-17 13:23:00,Male,65,733,4145,India,Uttar Pradesh,Kanpur,fashion,shoes,60,100,6,Instagram-ads,2021-11-17 13:51:00,False,,,2021-11-17 13:38:00,,,13,17,11,Wednesday,600,40
2021-11-17 13:38:00,Female,25,746,6983,China,Shandong,Jinan,books,autobiography,20,35,2,E-mails,2021-11-17 13:54:00,True,2021-11-17 14:05:00,Debit Card,2021-11-17 13:59:00,False,,13,17,11,Wednesday,70,15
2021-11-18 03:27:00,Female,59,629,7703,Australia,New South Wales,Newcastle,fashion,t-shirt,15,25,3,E-mails,2021-11-18 03:56:00,True,2021-11-18 04:02:00,Cash On Delivery,2021-11-18 03:59:00,False,,3,18,11,Thursday,75,10
2021-11-20 18:53:00,Male,24,741,3974,Canada,Quebec,Laval,electronics,television,1000,1500,4,Google-ads,2021-11-20 19:19:00,True,2021-11-20 19:25:00,Credit Card,2021-11-20 19:22:00,False,,18,20,11,Saturday,6000,500
2021-11-21 04:32:00,Male,39,627,7998,Japan,Kanagawa,Sagamihara,electronics,laptop,800,1200,5,Instagram-ads,2021-11-21 04:40:00,True,2021-11-21 04:54:00,Paypal,2021-11-21 04:42:00,True,Wrong Item,4,21,11,Sunday,6000,400
2021-11-22 04:52:00,Female,19,609,5977,China,Shandong,Jinan,home appliances,electric stove,250,400,2,Instagram-ads,2021-11-22 04:59:00,True,2021-11-22 05:09:00,Cash On Delivery,2021-11-22 05:04:00,False,,4,22,11,Monday,800,150
2021-11-24 02:36:00,Female,27,758,7611,China,Guangdong,Guangzhou,books,autobiography,20,35,4,Twitter-ads,2021-11-24 02:45:00,True,2021-11-24 02:55:00,Credit Card,2021-11-24 02:48:00,False,,2,24,11,Wednesday,140,15
2021-11-25 04:50:00,Male,67,739,3363,India,Maharashtra,Pune,home appliances,toaster,40,60,4,E-mails,2021-11-25 04:57:00,True,2021-11-25 05:11:00,Debit Card,2021-11-25 05:02:00,True,Wrong Item,4,25,11,Thursday,240,20
2021-11-25 07:46:00,Female,23,672,3349,Italy,Lombardy,Bergamo,electronics,television,1000,1500,2,Billboard-QR code,2021-11-25 07:53:00,True,2021-11-25 08:04:00,Credit Card,2021-11-25 07:57:00,False,,7,25,11,Thursday,3000,500
2021-11-25 11:28:00,Male,58,650,6376,Japan,Kanagawa,Sagamihara,home appliances,microwave oven,300,500,6,Instagram-ads,2021-11-25 11:44:00,False,,,2021-11-25 12:06:00,,,11,25,11,Thursday,3000,200
2021-11-26 05:18:00,Female,54,633,6125,India,Maharashtra,Mumbai,fashion,jeans,40,70,4,Google-ads,2021-11-26 05:40:00,True,2021-11-26 05:48:00,Paypal,2021-11-26 05:43:00,False,,5,26,11,Friday,280,30
2021-11-26 20:49:00,Male,49,765,6802,Australia,New South Wales,Sydney,toys,puzzle,15,25,4,Instagram-ads,2021-11-26 21:06:00,True,2021-11-26 21:11:00,Credit Card,2021-11-26 21:09:00,False,,20,26,11,Friday,100,10
2021-11-28 00:28:00,Female,69,661,3374,USA,California,San Diego,fashion,dress,50,80,5,Billboard-QR code,2021-11-28 00:46:00,True,2021-11-28 00:58:00,Credit Card,2021-11-28 00:50:00,True,Poor Quality,0,28,11,Sunday,400,30
2021-11-28 13:19:00,Male,71,614,4179,China,Shandong,Jinan,electronics,television,1000,1500,4,Instagram-ads,2021-11-28 13:43:00,True,2021-11-28 13:50:00,Credit Card,2021-11-28 13:48:00,False,,13,28,11,Sunday,6000,500
2021-11-29 12:29:00,Female,26,660,4759,Australia,Victoria,Melbourne,electronics,laptop,800,1200,4,Google-ads,2021-11-29 12:42:00,True,2021-11-29 12:56:00,Debit Card,2021-11-29 12:44:00,False,,12,29,11,Monday,4800,400
2021-11-30 17:32:00,Male,25,703,7728,Japan,Kanagawa,Sagamihara,fashion,dress,50,80,4,Facebook-ads,2021-11-30 17:52:00,True,2021-11-30 17:59:00,Credit Card,2021-11-30 17:57:00,False,,17,30,11,Tuesday,320,30
2021-12-01 02:32:00,Female,40,667,4223,Italy,Lazio,Latina,toys,action figure,8,15,6,Instagram-ads,2021-12-01 02:57:00,True,2021-12-01 03:06:00,Cash On Delivery,2021-12-01 03:00:00,True,Poor Quality,2,1,12,Wednesday,90,7
2021-12-01 13:11:00,Male,40,722,6225,Canada,Quebec,Quebec City,fashion,dress,50,80,3,Instagram-ads,2021-12-01 13:18:00,True,2021-12-01 13:33:00,Credit Card,2021-12-01 13:22:00,False,,13,1,12,Wednesday,240,30
2021-12-02 00:43:00,Female,48,718,4477,Australia,New South Wales,Wollongong,electronics,table fan,30,50,5,Billboard-QR code,2021-12-02 00:58:00,True,2021-12-02 01:13:00,Paypal,2021-12-02 01:02:00,False,,0,2,12,Thursday,250,20
2021-12-02 01:29:00,Male,69,608,6943,USA,California,Los Angeles,toys,action figure,8,15,1,Twitter-ads,2021-12-02 01:47:00,True,2021-12-02 01:53:00,Debit Card,2021-12-02 01:49:00,False,,1,2,12,Thursday,15,7
2021-12-02 14:02:00,Female,72,778,3800,Italy,Lombardy,Brescia,books,magazine,5,8,1,Facebook-ads,2021-12-02 14:19:00,True,2021-12-02 14:32:00,Cash On Delivery,2021-12-02 14:21:00,False,,14,2,12,Thursday,8,3
2021-12-04 01:18:00,Female,69,661,7167,Australia,New South Wales,Newcastle,fashion,jeans,40,70,5,E-mails,2021-12-04 01:43:00,True,2021-12-04 01:57:00,Debit Card,2021-12-04 01:48:00,False,,1,4,12,Saturday,350,30
2021-12-04 01:21:00,Male,30,742,6851,Australia,New South Wales,Sydney,electronics,table fan,30,50,2,E-mails,2021-12-04 01:49:00,True,2021-12-04 02:02:00,Debit Card,2021-12-04 01:54:00,True,Poor Value,1,4,12,Saturday,100,20
2021-12-04 12:31:00,Female,56,640,6006,USA,Texas,Houston,toys,board game,20,35,3,Billboard-QR code,2021-12-04 12:56:00,True,2021-12-04 13:01:00,Debit Card,2021-12-04 13:00:00,False,,12,4,12,Saturday,105,15
2021-12-06 22:41:00,Female,37,708,7386,Italy,Lombardy,Brescia,electronics,laptop,800,1200,2,E-mails,2021-12-06 22:56:00,True,2021-12-06 23:04:00,Paypal,2021-12-06 23:00:00,False,,22,6,12,Monday,2400,400
2021-12-07 17:11:00,Female,54,704,6333,Canada,Quebec,Montreal,fashion,jeans,40,70,1,E-mails,2021-12-07 17:23:00,True,2021-12-07 17:29:00,Credit Card,2021-12-07 17:26:00,False,,17,7,12,Tuesday,70,30
2021-12-09 07:34:00,Female,37,675,4756,Australia,Victoria,Geelong,toys,plush toy,12,20,3,Billboard-QR code,2021-12-09 07:41:00,True,2021-12-09 07:47:00,Credit Card,2021-12-09 07:43:00,False,,7,9,12,Thursday,60,8
2021-12-09 10:26:00,Male,37,678,6584,Spain,Andalusia,Malaga,books,textbook,30,50,1,Instagram-ads,2021-12-09 10:39:00,True,2021-12-09 10:51:00,Credit Card,2021-12-09 10:43:00,False,,10,9,12,Thursday,50,20
2021-12-09 20:04:00,Male,43,620,7414,Australia,Victoria,Melbourne,toys,puzzle,15,25,2,Google-ads,2021-12-09 20:15:00,True,2021-12-09 20:25:00,Debit Card,2021-12-09 20:18:00,False,,20,9,12,Thursday,50,10
2021-12-10 01:12:00,Male,66,724,4063,USA,California,San Jose,electronics,laptop,800,1200,2,Instagram-ads,2021-12-10 01:38:00,True,2021-12-10 01:43:00,Debit Card,2021-12-10 01:42:00,True,Poor Quality,1,10,12,Friday,2400,400
2021-12-10 15:27:00,Male,22,673,5712,Japan,Kanagawa,Kawasaki,fashion,shoes,60,100,2,Instagram-ads,2021-12-10 15:44:00,True,2021-12-10 15:49:00,Debit Card,2021-12-10 15:46:00,False,,15,10,12,Friday,200,40
2021-12-13 23:35:00,Female,38,644,7810,USA,California,Los Angeles,fashion,t-shirt,15,25,4,Google-ads,2021-12-14 00:01:00,True,2021-12-14 00:16:00,Cash On Delivery,2021-12-14 00:04:00,False,,23,13,12,Monday,100,10
2021-12-14 03:11:00,Female,23,698,5871,Australia,Victoria,Geelong,toys,board game,20,35,5,Twitter-ads,2021-12-14 03:22:00,True,2021-12-14 03:32:00,Cash On Delivery,2021-12-14 03:24:00,False,,3,14,12,Tuesday,175,15
2021-12-15 02:44:00,Female,19,608,6131,Australia,New South Wales,Newcastle,electronics,hair dryer,25,40,1,Twitter-ads,2021-12-15 02:50:00,True,2021-12-15 02:59:00,Cash On Delivery,2021-12-15 02:52:00,False,,2,15,12,Wednesday,40,15
2021-12-15 06:03:00,Male,34,740,5288,Australia,Victoria,Ballarat,electronics,television,1000,1500,4,Google-ads,2021-12-15 06:25:00,True,2021-12-15 06:31:00,Debit Card,2021-12-15 06:27:00,False,,6,15,12,Wednesday,6000,500
2021-12-15 20:47:00,Male,41,767,7045,India,Maharashtra,Pune,electronics,table fan,30,50,6,Twitter-ads,2021-12-15 21:16:00,True,2021-12-15 21:25:00,Cash On Delivery,2021-12-15 21:21:00,False,,20,15,12,Wednesday,300,20
2021-12-16 19:55:00,Female,65,736,4757,UK,England,Manchester,toys,board game,20,35,1,Google-ads,2021-12-16 20:24:00,True,2021-12-16 20:32:00,Debit Card,2021-12-16 20:27:00,False,,19,16,12,Thursday,35,15
2021-12-17 14:43:00,Female,68,777,3521,India,Uttar Pradesh,Ghaziabad,fashion,dress,50,80,1,E-mails,2021-12-17 15:00:00,True,2021-12-17 15:09:00,Paypal,2021-12-17 15:04:00,False,,14,17,12,Friday,80,30
2021-12-18 20:57:00,Female,49,767,5297,China,Guangdong,Dongguan,home appliances,microwave oven,300,500,6,E-mails,2021-12-18 21:07:00,True,2021-12-18 21:16:00,Debit Card,2021-12-18 21:10:00,False,,20,18,12,Saturday,3000,200
2021-12-19 14:39:00,Female,54,763,5310,UK,England,Birmingham,books,magazine,5,8,2,Instagram-ads,2021-12-19 15:03:00,True,2021-12-19 15:18:00,Cash On Delivery,2021-12-19 15:05:00,False,,14,19,12,Sunday,16,3
2021-12-20 08:13:00,Male,63,618,6885,Canada,Ontario,Ottawa,home appliances,toaster,40,60,1,Billboard-QR code,2021-12-20 08:33:00,True,2021-12-20 08:38:00,Debit Card,2021-12-20 08:36:00,False,,8,20,12,Monday,60,20
2021-12-21 02:26:00,Male,50,681,5325,India,Uttar Pradesh,Ghaziabad,home appliances,microwave oven,300,500,4,Google-ads,2021-12-21 02:52:00,True,2021-12-21 02:58:00,Debit Card,2021-12-21 02:56:00,False,,2,21,12,Tuesday,2000,200
2021-12-22 02:45:00,Female,19,753,3264,China,Shandong,Jinan,electronics,table fan,30,50,3,Twitter-ads,2021-12-22 02:53:00,True,2021-12-22 03:07:00,Paypal,2021-12-22 02:57:00,False,,2,22,12,Wednesday,150,20
2021-12-23 04:02:00,Male,29,739,4481,China,Shandong,Yantai,books,textbook,30,50,1,Billboard-QR code,2021-12-23 04:17:00,True,2021-12-23 04:24:00,Debit Card,2021-12-23 04:21:00,False,,4,23,12,Thursday,50,20
2021-12-24 10:08:00,Male,28,702,7824,India,Maharashtra,Nagpur,electronics,television,1000,1500,6,Instagram-ads,2021-12-24 10:18:00,True,2021-12-24 10:29:00,Credit Card,2021-12-24 10:21:00,False,,10,24,12,Friday,9000,500
2021-12-24 17:11:00,Female,58,700,4124,India,Uttar Pradesh,Ghaziabad,home appliances,microwave oven,300,500,6,Google-ads,2021-12-24 17:40:00,True,2021-12-24 17:49:00,Debit Card,2021-12-24 17:43:00,False,,17,24,12,Friday,3000,200
2021-12-24 23:59:00,Male,41,664,5380,Spain,Andalusia,Malaga,home appliances,microwave oven,300,500,5,Google-ads,2021-12-25 00:07:00,True,2021-12-25 00:19:00,Credit Card,2021-12-25 00:10:00,False,,23,24,12,Friday,2500,200
2021-12-26 06:59:00,Female,21,655,5220,China,Guangdong,Guangzhou,books,autobiography,20,35,5,Instagram-ads,2021-12-26 07:23:00,True,2021-12-26 07:33:00,Credit Card,2021-12-26 07:27:00,False,,6,26,12,Sunday,175,15
2021-12-28 07:55:00,Female,35,613,4948,Canada,Ontario,Toronto,toys,board game,20,35,5,Billboard-QR code,2021-12-28 08:25:00,True,2021-12-28 08:34:00,Credit Card,2021-12-28 08:28:00,False,,7,28,12,Tuesday,175,15
2021-12-29 23:02:00,Male,36,637,5856,China,Guangdong,Guangzhou,electronics,hair dryer,25,40,5,Facebook-ads,2021-12-29 23:25:00,True,2021-12-29 23:30:00,Cash On Delivery,2021-12-29 23:28:00,False,,23,29,12,Wednesday,200,15
2021-12-30 05:35:00,Female,31,619,3495,China,Guangdong,Guangzhou,toys,puzzle,15,25,2,Twitter-ads,2021-12-30 05:48:00,True,2021-12-30 06:00:00,Debit Card,2021-12-30 05:53:00,False,,5,30,12,Thursday,50,10
2021-12-30 11:56:00,Male,62,677,7817,Australia,New South Wales,Wollongong,fashion,shoes,60,100,1,Facebook-ads,2021-12-30 12:20:00,True,2021-12-30 12:33:00,Cash On Delivery,2021-12-30 12:24:00,False,,11,30,12,Thursday,100,40
2021-12-30 19:51:00,Male,49,742,3783,China,Shandong,Qingdao,fashion,jeans,40,70,6,E-mails,2021-12-30 20:08:00,True,2021-12-30 20:14:00,Cash On Delivery,2021-12-30 20:10:00,False,,19,30,12,Thursday,420,30
2021-12-31 03:23:00,Male,61,679,5383,Japan,Tokyo,Kawasaki,toys,action figure,8,15,5,Twitter-ads,2021-12-31 03:37:00,True,2021-12-31 03:42:00,Debit Card,2021-12-31 03:41:00,False,,3,31,12,Friday,75,7
2022-01-02 17:48:00,Female,52,638,7623,India,Maharashtra,Mumbai,books,autobiography,20,35,2,Twitter-ads,2022-01-02 18:12:00,True,2022-01-02 18:25:00,Cash On Delivery,2022-01-02 18:16:00,False,,17,2,1,Sunday,70,15
2022-01-03 07:44:00,Female,49,607,7068,Australia,Victoria,Geelong,fashion,dress,50,80,1,Billboard-QR code,2022-01-03 08:05:00,True,2022-01-03 08:20:00,Cash On Delivery,2022-01-03 08:10:00,False,,7,3,1,Monday,80,30
2022-01-03 08:01:00,Male,55,621,7531,Japan,Tokyo,Yokohama,home appliances,mixer grinder,60,90,1,Twitter-ads,2022-01-03 08:25:00,True,2022-01-03 08:31:00,Debit Card,2022-01-03 08:28:00,False,,8,3,1,Monday,90,30
2022-01-03 22:29:00,Female,65,618,5920,Canada,Ontario,Ottawa,electronics,table fan,30,50,4,Billboard-QR code,2022-01-03 22:43:00,True,2022-01-03 22:58:00,Debit Card,2022-01-03 22:46:00,False,,22,3,1,Monday,200,20
2022-01-05 07:28:00,Male,63,760,6492,Spain,Catalonia,Barcelona,fashion,shoes,60,100,3,Facebook-ads,2022-01-05 07:55:00,True,2022-01-05 08:05:00,Debit Card,2022-01-05 08:00:00,False,,7,5,1,Wednesday,300,40
2022-01-05 11:42:00,Female,69,698,7020,UK,England,Birmingham,home appliances,electric stove,250,400,5,Twitter-ads,2022-01-05 12:05:00,True,2022-01-05 12:14:00,Paypal,2022-01-05 12:09:00,False,,11,5,1,Wednesday,2000,150
2022-01-07 21:18:00,Male,42,746,5488,Canada,Quebec,Montreal,home appliances,toaster,40,60,6,Instagram-ads,2022-01-07 21:27:00,True,2022-01-07 21:42:00,Credit Card,2022-01-07 21:29:00,False,,21,7,1,Friday,360,20
2022-01-09 20:54:00,Male,62,643,5348,Spain,Andalusia,Malaga,toys,board game,20,35,6,E-mails,2022-01-09 21:24:00,False,,,2022-01-09 21:31:00,,,20,9,1,Sunday,210,15
2022-01-10 00:58:00,Female,31,726,7752,Italy,Lombardy,Brescia,fashion,jeans,40,70,3,E-mails,2022-01-10 01:12:00,True,2022-01-10 01:23:00,Debit Card,2022-01-10 01:16:00,False,,0,10,1,Monday,210,30
2022-01-12 01:31:00,Male,34,740,5288,Australia,Victoria,Ballarat,books,textbook,30,50,2,Billboard-QR code,2022-01-12 01:50:00,True,2022-01-12 02:03:00,Debit Card,2022-01-12 01:55:00,False,,1,12,1,Wednesday,100,20
2022-01-12 11:33:00,Male,23,674,6460,USA,Texas,San Antonio,fashion,jeans,40,70,6,Twitter-ads,2022-01-12 12:02:00,True,2022-01-12 12:15:00,Credit Card,2022-01-12 12:07:00,False,,11,12,1,Wednesday,420,30
2022-01-13 00:33:00,Male,32,694,4700,Japan,Tokyo,Yokohama,home appliances,mixer grinder,60,90,3,E-mails,2022-01-13 00:54:00,True,2022-01-13 01:03:00,Credit Card,2022-01-13 00:59:00,False,,0,13,1,Thursday,270,30
2022-01-16 01:02:00,Female,44,694,4336,Canada,Ontario,Mississauga,toys,action figure,8,15,6,Twitter-ads,2022-01-16 01:12:00,True,2022-01-16 01:20:00,Paypal,2022-01-16 01:16:00,False,,1,16,1,Sunday,90,7
2022-01-20 15:17:00,Male,25,687,5444,China,Guangdong,Dongguan,home appliances,electric stove,250,400,2,E-mails,2022-01-20 15:24:00,True,2022-01-20 15:32:00,Credit Card,2022-01-20 15:26:00,True,Arrived Damaged,15,20,1,Thursday,800,150
2022-01-21 10:50:00,Female,48,606,4762,Japan,Kanagawa,Kawasaki,toys,board game,20,35,6,E-mails,2022-01-21 11:07:00,True,2022-01-21 11:20:00,Credit Card,2022-01-21 11:10:00,True,Wrong Item,10,21,1,Friday,210,15
2022-01-21 20:19:00,Male,23,750,6242,Japan,Tokyo,Tokyo,fashion,t-shirt,15,25,4,Twitter-ads,2022-01-21 20:29:00,False,,,2022-01-21 20:58:00,,,20,21,1,Friday,100,10
2022-01-22 03:51:00,Male,48,678,3980,USA,Texas,Dallas,electronics,table fan,30,50,1,Google-ads,2022-01-22 04:12:00,True,2022-01-22 04:24:00,Debit Card,2022-01-22 04:15:00,True,Arrived Late,3,22,1,Saturday,50,20
2022-01-22 23:54:00,Male,65,718,6871,India,Maharashtra,Pune,toys,action figure,8,15,6,E-mails,2022-01-23 00:05:00,True,2022-01-23 00:16:00,Credit Card,2022-01-23 00:09:00,False,,23,22,1,Saturday,90,7
2022-01-23 15:48:00,Male,52,656,4799,Japan,Kanagawa,Yokohama,books,textbook,30,50,4,Billboard-QR code,2022-01-23 15:55:00,False,,,2022-01-23 16:08:00,,,15,23,1,Sunday,200,20
2022-01-24 01:22:00,Female,66,637,5126,UK,England,Birmingham,home appliances,toaster,40,60,4,Billboard-QR code,2022-01-24 01:46:00,True,2022-01-24 01:55:00,Cash On Delivery,2022-01-24 01:50:00,False,,1,24,1,Monday,240,20
2022-01-24 05:02:00,Male,44,629,3990,India,Maharashtra,Mumbai,books,textbook,30,50,5,Facebook-ads,2022-01-24 05:26:00,True,2022-01-24 05:31:00,Debit Card,2022-01-24 05:29:00,False,,5,24,1,Monday,250,20
2022-01-24 10:24:00,Male,70,622,6005,USA,Texas,Houston,home appliances,microwave oven,300,500,6,Instagram-ads,2022-01-24 10:36:00,True,2022-01-24 10:51:00,Debit Card,2022-01-24 10:40:00,False,,10,24,1,Monday,3000,200
2022-01-25 16:37:00,Male,24,736,5934,USA,California,San Diego,home appliances,electric stove,250,400,2,Twitter-ads,2022-01-25 16:49:00,False,,,2022-01-25 16:54:00,,,16,25,1,Tuesday,800,150
2022-01-25 20:01:00,Male,67,633,7045,Canada,Quebec,Montreal,electronics,laptop,800,1200,4,Instagram-ads,2022-01-25 20:16:00,True,2022-01-25 20:22:00,Debit Card,2022-01-25 20:19:00,False,,20,25,1,Tuesday,4800,400
2022-01-26 06:19:00,Male,27,662,7215,India,Maharashtra,Mumbai,books,autobiography,20,35,4,Instagram-ads,2022-01-26 06:30:00,True,2022-01-26 06:41:00,Credit Card,2022-01-26 06:34:00,False,,6,26,1,Wednesday,140,15
2022-01-26 09:22:00,Female,52,732,4541,UK,Scotland,Glasgow,fashion,jeans,40,70,2,E-mails,2022-01-26 09:33:00,True,2022-01-26 09:45:00,Debit Card,2022-01-26 09:37:00,False,,9,26,1,Wednesday,140,30
2022-01-26 18:02:00,Male,68,689,3551,Canada,Ontario,Mississauga,books,novel,10,18,4,Facebook-ads,2022-01-26 18:10:00,False,,,2022-01-26 18:19:00,,,18,26,1,Wednesday,72,8
2022-01-27 18:11:00,Male,45,710,4729,Australia,Victoria,Geelong,electronics,table fan,30,50,6,Instagram-ads,2022-01-27 18:19:00,True,2022-01-27 18:31:00,Credit Card,2022-01-27 18:23:00,False,,18,27,1,Thursday,300,20
2022-01-28 08:58:00,Male,24,779,6915,Canada,Ontario,Ottawa,books,autobiography,20,35,2,Twitter-ads,2022-01-28 09:17:00,False,,,2022-01-28 09:14:00,,,8,28,1,Friday,70,15
2022-01-29 15:34:00,Male,18,629,4800,Australia,New South Wales,Wollongong,fashion,shoes,60,100,5,E-mails,2022-01-29 16:04:00,True,2022-01-29 16:18:00,Credit Card,2022-01-29 16:09:00,False,,15,29,1,Saturday,500,40
2022-01-29 19:54:00,Male,49,731,7237,Australia,New South Wales,Sydney,home appliances,electric stove,250,400,4,Billboard-QR code,2022-01-29 20:16:00,True,2022-01-29 20:26:00,Paypal,2022-01-29 20:18:00,False,,19,29,1,Saturday,1600,150
2022-01-29 21:32:00,Female,64,641,7444,Italy,Lazio,Frosinone,toys,plush toy,12,20,3,Instagram-ads,2022-01-29 22:02:00,True,2022-01-29 22:11:00,Credit Card,2022-01-29 22:05:00,False,,21,29,1,Saturday,60,8
2022-01-30 03:32:00,Female,25,639,3858,India,Uttar Pradesh,Ghaziabad,home appliances,electric stove,250,400,6,Billboard-QR code,2022-01-30 03:59:00,True,2022-01-30 04:12:00,Credit Card,2022-01-30 04:02:00,False,,3,30,1,Sunday,2400,150
2022-01-30 13:58:00,Male,50,675,4709,Italy,Lombardy,Brescia,home appliances,toaster,40,60,2,Google-ads,2022-01-30 14:19:00,False,,,2022-01-30 14:13:00,,,13,30,1,Sunday,120,20
2022-01-30 15:29:00,Male,18,614,5735,Australia,Victoria,Ballarat,home appliances,toaster,40,60,6,E-mails,2022-01-30 15:50:00,True,2022-01-30 16:03:00,Debit Card,2022-01-30 15:53:00,False,,15,30,1,Sunday,360,20
2022-02-01 13:12:00,Male,43,715,4222,USA,California,Los Angeles,electronics,television,1000,1500,3,E-mails,2022-02-01 13:34:00,True,2022-02-01 13:41:00,Debit Card,2022-02-01 13:37:00,False,,13,1,2,Tuesday,4500,500
2022-02-02 05:31:00,Female,55,649,7955,Canada,Quebec,Quebec City,books,novel,10,18,5,Twitter-ads,2022-02-02 05:59:00,True,2022-02-02 06:07:00,Cash On Delivery,2022-02-02 06:01:00,False,,5,2,2,Wednesday,90,8
2022-02-02 05:54:00,Female,31,635,6911,USA,Texas,San Antonio,home appliances,mixer grinder,60,90,4,Facebook-ads,2022-02-02 06:09:00,False,,,2022-02-02 06:20:00,,,5,2,2,Wednesday,360,30
2022-02-03 02:33:00,Female,26,660,4759,Australia,Victoria,Melbourne,electronics,laptop,800,1200,6,Billboard-QR code,2022-02-03 02:43:00,True,2022-02-03 02:55:00,Credit Card,2022-02-03 02:45:00,False,,2,3,2,Thursday,7200,400
2022-02-03 08:30:00,Male,36,621,3864,Japan,Kanagawa,Kawasaki,toys,puzzle,15,25,4,Facebook-ads,2022-02-03 08:56:00,False,,,2022-02-03 08:45:00,,,8,3,2,Thursday,100,10
2022-02-03 22:15:00,Male,33,639,5439,China,Shandong,Yantai,fashion,shoes,60,100,1,E-mails,2022-02-03 22:23:00,False,,,2022-02-03 22:48:00,,,22,3,2,Thursday,100,40
2022-02-04 23:48:00,Female,58,681,6866,Italy,Lombardy,Brescia,books,textbook,30,50,1,Instagram-ads,2022-02-05 00:06:00,False,,,2022-02-05 00:26:00,,,23,4,2,Friday,50,20
2022-02-05 10:07:00,Male,23,674,6460,USA,Texas,San Antonio,electronics,laptop,800,1200,1,Billboard-QR code,2022-02-05 10:31:00,True,2022-02-05 10:39:00,Debit Card,2022-02-05 10:35:00,False,,10,5,2,Saturday,1200,400
2022-02-06 04:43:00,Male,67,655,5211,India,Uttar Pradesh,Kanpur,home appliances,microwave oven,300,500,5,Billboard-QR code,2022-02-06 04:52:00,False,,,2022-02-06 05:10:00,,,4,6,2,Sunday,2500,200
2022-02-11 00:52:00,Male,22,724,5582,USA,California,San Jose,electronics,hair dryer,25,40,4,Twitter-ads,2022-02-11 01:02:00,True,2022-02-11 01:14:00,Cash On Delivery,2022-02-11 01:05:00,False,,0,11,2,Friday,160,15
2022-02-11 15:53:00,Female,33,675,6751,UK,England,London,books,magazine,5,8,2,Billboard-QR code,2022-02-11 16:09:00,True,2022-02-11 16:22:00,Cash On Delivery,2022-02-11 16:14:00,True,Poor Value,15,11,2,Friday,16,3
2022-02-12 11:24:00,Male,28,702,7824,India,Maharashtra,Nagpur,fashion,shoes,60,100,5,Facebook-ads,2022-02-12 11:45:00,True,2022-02-12 11:55:00,Debit Card,2022-02-12 11:48:00,False,,11,12,2,Saturday,500,40
2022-02-13 07:07:00,Female,22,706,3318,Canada,Ontario,Ottawa,home appliances,toaster,40,60,3,E-mails,2022-02-13 07:34:00,True,2022-02-13 07:44:00,Credit Card,2022-02-13 07:37:00,False,,7,13,2,Sunday,180,20
2022-02-14 13:24:00,Male,55,727,6148,India,Maharashtra,Nagpur,fashion,jeans,40,70,2,Instagram-ads,2022-02-14 13:42:00,False,,,2022-02-14 13:46:00,,,13,14,2,Monday,140,30
2022-02-15 19:27:00,Female,65,765,6708,Canada,Quebec,Quebec City,fashion,dress,50,80,3,Google-ads,2022-02-15 19:51:00,False,,,2022-02-15 19:37:00,,,19,15,2,Tuesday,240,30
2022-02-17 01:43:00,Female,57,727,4481,UK,England,London,fashion,jeans,40,70,6,Google-ads,2022-02-17 01:48:00,True,2022-02-17 01:53:00,Credit Card,2022-02-17 01:50:00,False,,1,17,2,Thursday,420,30
2022-02-17 06:12:00,Male,66,724,4063,USA,California,San Jose,home appliances,toaster,40,60,2,Facebook-ads,2022-02-17 06:19:00,True,2022-02-17 06:27:00,Paypal,2022-02-17 06:23:00,False,,6,17,2,Thursday,120,20
2022-02-20 04:36:00,Male,18,629,4800,Australia,New South Wales,Wollongong,electronics,table fan,30,50,4,Instagram-ads,2022-02-20 04:59:00,True,2022-02-20 05:07:00,Paypal,2022-02-20 05:02:00,False,,4,20,2,Sunday,200,20
2022-02-22 07:25:00,Female,41,616,4162,Italy,Lazio,Frosinone,books,novel,10,18,5,Twitter-ads,2022-02-22 07:44:00,False,,,2022-02-22 07:31:00,,,7,22,2,Tuesday,90,8
2022-02-23 15:58:00,Male,63,691,7546,UK,England,London,books,magazine,5,8,1,Facebook-ads,2022-02-23 16:21:00,True,2022-02-23 16:33:00,Cash On Delivery,2022-02-23 16:23:00,False,,15,23,2,Wednesday,8,3
2022-02-23 19:35:00,Male,51,624,3630,India,Uttar Pradesh,Kanpur,books,novel,10,18,4,Google-ads,2022-02-23 19:47:00,False,,,2022-02-23 19:56:00,,,19,23,2,Wednesday,72,8
2022-02-25 02:30:00,Female,42,603,7633,Japan,Kanagawa,Yokohama,home appliances,mixer grinder,60,90,5,Twitter-ads,2022-02-25 02:48:00,True,2022-02-25 03:01:00,Debit Card,2022-02-25 02:52:00,True,Wrong Item,2,25,2,Friday,450,30
2022-02-26 05:40:00,Male,54,674,7834,Canada,Ontario,Toronto,home appliances,microwave oven,300,500,3,Instagram-ads,2022-02-26 05:45:00,True,2022-02-26 05:59:00,Debit Card,2022-02-26 05:49:00,False,,5,26,2,Saturday,1500,200
2022-02-28 09:14:00,Male,40,673,7737,Australia,Victoria,Melbourne,toys,action figure,8,15,3,E-mails,2022-02-28 09:33:00,False,,,2022-02-28 09:18:00,,,9,28,2,Monday,45,7
2022-03-01 02:27:00,Female,39,695,7413,UK,Scotland,Edinburgh,fashion,jeans,40,70,5,E-mails,2022-03-01 02:36:00,True,2022-03-01 02:50:00,Credit Card,2022-03-01 02:38:00,False,,2,1,3,Tuesday,350,30
2022-03-04 20:12:00,Male,65,620,6948,Italy,Lazio,Latina,home appliances,microwave oven,300,500,2,Instagram-ads,2022-03-04 20:42:00,True,2022-03-04 20:57:00,Cash On Delivery,2022-03-04 20:47:00,False,,20,4,3,Friday,1000,200
2022-03-05 05:05:00,Male,31,742,6721,UK,Scotland,Edinburgh,electronics,table fan,30,50,1,Instagram-ads,2022-03-05 05:17:00,True,2022-03-05 05:22:00,Cash On Delivery,2022-03-05 05:22:00,False,,5,5,3,Saturday,50,20
2022-03-05 11:44:00,Female,37,613,7297,Australia,New South Wales,Wollongong,toys,board game,20,35,5,Google-ads,2022-03-05 11:59:00,True,2022-03-05 12:14:00,Credit Card,2022-03-05 12:01:00,False,,11,5,3,Saturday,175,15
2022-03-10 12:52:00,Male,66,639,6126,China,Guangdong,Guangzhou,fashion,jeans,40,70,5,E-mails,2022-03-10 13:21:00,True,2022-03-10 13:33:00,Credit Card,2022-03-10 13:23:00,False,,12,10,3,Thursday,350,30
2022-03-10 16:39:00,Female,35,607,4308,UK,Scotland,Edinburgh,home appliances,microwave oven,300,500,3,E-mails,2022-03-10 17:03:00,True,2022-03-10 17:14:00,Credit Card,2022-03-10 17:05:00,False,,16,10,3,Thursday,1500,200
2022-03-11 08:23:00,Male,69,718,5678,UK,England,Birmingham,fashion,jeans,40,70,6,Google-ads,2022-03-11 08:34:00,True,2022-03-11 08:45:00,Credit Card,2022-03-11 08:37:00,False,,8,11,3,Friday,420,30
2022-03-12 13:14:00,Male,69,717,5644,USA,Texas,San Antonio,home appliances,mixer grinder,60,90,5,Google-ads,2022-03-12 13:26:00,True,2022-03-12 13:33:00,Debit Card,2022-03-12 13:29:00,True,Poor Value,13,12,3,Saturday,450,30
2022-03-12 14:08:00,Male,66,724,4063,USA,California,San Jose,books,textbook,30,50,2,Billboard-QR code,2022-03-12 14:15:00,True,2022-03-12 14:24:00,Cash On Delivery,2022-03-12 14:20:00,True,Poor Quality,14,12,3,Saturday,100,20
2022-03-15 15:45:00,Male,72,650,5832,Australia,New South Wales,Newcastle,books,textbook,30,50,3,Billboard-QR code,2022-03-15 16:00:00,True,2022-03-15 16:10:00,Credit Card,2022-03-15 16:03:00,False,,15,15,3,Tuesday,150,20
2022-03-15 21:40:00,Male,56,634,4530,USA,California,Los Angeles,fashion,shoes,60,100,3,Instagram-ads,2022-03-15 22:02:00,False,,,2022-03-15 21:47:00,,,21,15,3,Tuesday,300,40
2022-03-17 02:37:00,Female,37,732,3001,China,Shandong,Jinan,home appliances,microwave oven,300,500,6,Billboard-QR code,2022-03-17 02:46:00,True,2022-03-17 02:53:00,Credit Card,2022-03-17 02:48:00,False,,2,17,3,Thursday,3000,200
2022-03-17 18:32:00,Male,70,635,3717,USA,California,San Diego,toys,plush toy,12,20,1,Billboard-QR code,2022-03-17 18:41:00,True,2022-03-17 18:47:00,Paypal,2022-03-17 18:46:00,False,,18,17,3,Thursday,20,8
2022-03-18 12:17:00,Female,23,679,5212,India,Maharashtra,Mumbai,books,magazine,5,8,2,Billboard-QR code,2022-03-18 12:41:00,True,2022-03-18 12:50:00,Debit Card,2022-03-18 12:45:00,False,,12,18,3,Friday,16,3
2022-03-21 13:35:00,Male,36,686,3432,China,Shandong,Qingdao,home appliances,microwave oven,300,500,4,Google-ads,2022-03-21 13:45:00,True,2022-03-21 13:53:00,Paypal,2022-03-21 13:47:00,False,,13,21,3,Monday,2000,200
2022-03-24 11:03:00,Male,19,627,5018,Canada,Ontario,Mississauga,electronics,hair dryer,25,40,5,Twitter-ads,2022-03-24 11:10:00,False,,,2022-03-24 11:25:00,,,11,24,3,Thursday,200,15
2022-03-24 20:01:00,Female,66,715,7348,Japan,Tokyo,Tokyo,toys,puzzle,15,25,1,Google-ads,2022-03-24 20:19:00,False,,,2022-03-24 20:24:00,,,20,24,3,Thursday,25,10
2022-03-25 05:23:00,Male,25,694,5757,Spain,Andalusia,Seville,home appliances,toaster,40,60,5,Billboard-QR code,2022-03-25 05:51:00,True,2022-03-25 05:59:00,Credit Card,2022-03-25 05:55:00,False,,5,25,3,Friday,300,20
2022-03-25 06:40:00,Female,19,680,6548,India,Uttar Pradesh,Kanpur,fashion,jeans,40,70,3,Instagram-ads,2022-03-25 06:59:00,False,,,2022-03-25 07:16:00,,,6,25,3,Friday,210,30
2022-03-25 07:18:00,Female,69,719,5643,Spain,Catalonia,Tarragona,fashion,dress,50,80,5,Google-ads,2022-03-25 07:43:00,False,,,2022-03-25 07:35:00,,,7,25,3,Friday,400,30
2022-03-26 20:04:00,Female,36,660,5350,India,Maharashtra,Nagpur,toys,puzzle,15,25,5,Google-ads,2022-03-26 20:13:00,True,2022-03-26 20:25:00,Credit Card,2022-03-26 20:15:00,False,,20,26,3,Saturday,125,10
2022-03-27 22:59:00,Female,59,764,5906,Australia,Victoria,Melbourne,toys,plush toy,12,20,4,Facebook-ads,2022-03-27 23:08:00,True,2022-03-27 23:22:00,Credit Card,2022-03-27 23:10:00,False,,22,27,3,Sunday,80,8
2022-03-29 21:14:00,Female,35,613,4948,Canada,Ontario,Toronto,fashion,t-shirt,15,25,1,Instagram-ads,2022-03-29 21:33:00,True,2022-03-29 21:46:00,Cash On Delivery,2022-03-29 21:38:00,False,,21,29,3,Tuesday,25,10
2022-03-31 02:44:00,Female,20,628,7171,Canada,Quebec,Montreal,toys,plush toy,12,20,3,Google-ads,2022-03-31 03:12:00,True,2022-03-31 03:17:00,Debit Card,2022-03-31 03:17:00,False,,2,31,3,Thursday,60,8
2022-04-04 18:10:00,Male,33,615,3968,Spain,Catalonia,Tarragona,home appliances,toaster,40,60,1,Twitter-ads,2022-04-04 18:25:00,False,,,2022-04-04 18:44:00,,,18,4,4,Monday,60,20
2022-04-05 14:07:00,Female,19,766,3567,Japan,Tokyo,Yokohama,toys,puzzle,15,25,3,Google-ads,2022-04-05 14:28:00,True,2022-04-05 14:37:00,Credit Card,2022-04-05 14:33:00,False,,14,5,4,Tuesday,75,10
2022-04-07 08:08:00,Male,24,687,7418,Japan,Tokyo,Tokyo,electronics,laptop,800,1200,6,Billboard-QR code,2022-04-07 08:15:00,True,2022-04-07 08:22:00,Credit Card,2022-04-07 08:20:00,False,,8,7,4,Thursday,7200,400
2022-04-07 19:03:00,Female,68,616,4239,Canada,Quebec,Montreal,toys,puzzle,15,25,6,E-mails,2022-04-07 19:32:00,True,2022-04-07 19:45:00,Cash On Delivery,2022-04-07 19:35:00,False,,19,7,4,Thursday,150,10
2022-04-07 20:28:00,Female,57,636,5017,India,Maharashtra,Mumbai,books,textbook,30,50,3,Facebook-ads,2022-04-07 20:40:00,True,2022-04-07 20:55:00,Cash On Delivery,2022-04-07 20:42:00,False,,20,7,4,Thursday,150,20
2022-04-08 21:29:00,Female,69,719,5643,Spain,Catalonia,Tarragona,fashion,shoes,60,100,4,Instagram-ads,2022-04-08 21:41:00,True,2022-04-08 21:48:00,Credit Card,2022-04-08 21:46:00,False,,21,8,4,Friday,400,40
2022-04-12 01:43:00,Male,69,768,4007,China,Guangdong,Guangzhou,fashion,shoes,60,100,4,Facebook-ads,2022-04-12 01:57:00,True,2022-04-12 02:07:00,Credit Card,2022-04-12 01:59:00,False,,1,12,4,Tuesday,400,40
2022-04-12 14:02:00,Female,72,774,6423,Italy,Lombardy,Milan,home appliances,electric stove,250,400,5,Facebook-ads,2022-04-12 14:10:00,True,2022-04-12 14:23:00,Credit Card,2022-04-12 14:13:00,False,,14,12,4,Tuesday,2000,150
2022-04-13 01:43:00,Male,43,731,7302,Canada,Ontario,Ottawa,books,novel,10,18,6,Google-ads,2022-04-13 01:57:00,True,2022-04-13 02:02:00,Cash On Delivery,2022-04-13 02:01:00,True,Arrived Damaged,1,13,4,Wednesday,108,8
2022-04-13 02:51:00,Male,37,703,4185,India,Maharashtra,Nagpur,fashion,dress,50,80,3,Instagram-ads,2022-04-13 03:18:00,True,2022-04-13 03:29:00,Credit Card,2022-04-13 03:22:00,False,,2,13,4,Wednesday,240,30
2022-04-14 17:25:00,Female,69,624,5719,Australia,New South Wales,Newcastle,toys,puzzle,15,25,2,Billboard-QR code,2022-04-14 17:49:00,True,2022-04-14 17:54:00,Paypal,2022-04-14 17:53:00,False,,17,14,4,Thursday,50,10
2022-04-14 22:52:00,Male,32,678,5153,India,Uttar Pradesh,Ghaziabad,books,autobiography,20,35,6,Facebook-ads,2022-04-14 23:18:00,True,2022-04-14 23:27:00,Debit Card,2022-04-14 23:20:00,False,,22,14,4,Thursday,210,15
2022-04-15 04:07:00,Male,23,673,7771,USA,Texas,Houston,fashion,t-shirt,15,25,1,Google-ads,2022-04-15 04:26:00,False,,,2022-04-15 04:35:00,,,4,15,4,Friday,25,10
2022-04-15 13:20:00,Female,70,706,5641,India,Maharashtra,Mumbai,electronics,television,1000,1500,4,Twitter-ads,2022-04-15 13:38:00,True,2022-04-15 13:43:00,Debit Card,2022-04-15 13:43:00,False,,13,15,4,Friday,6000,500
2022-04-15 20:48:00,Male,18,740,6682,Spain,Catalonia,Girona,toys,plush toy,12,20,3,Facebook-ads,2022-04-15 21:00:00,True,2022-04-15 21:07:00,Cash On Delivery,2022-04-15 21:04:00,True,Arrived Damaged,20,15,4,Friday,60,8
2022-04-17 21:32:00,Female,21,610,3478,USA,Texas,Houston,fashion,dress,50,80,5,Instagram-ads,2022-04-17 21:46:00,True,2022-04-17 21:55:00,Credit Card,2022-04-17 21:49:00,False,,21,17,4,Sunday,400,30
2022-04-18 04:33:00,Female,44,738,4644,Italy,Lombardy,Milan,toys,plush toy,12,20,6,Billboard-QR code,2022-04-18 04:43:00,True,2022-04-18 04:50:00,Debit Card,2022-04-18 04:45:00,False,,4,18,4,Monday,120,8
2022-04-18 21:26:00,Male,63,760,6492,Spain,Catalonia,Barcelona,fashion,t-shirt,15,25,6,Twitter-ads,2022-04-18 21:34:00,True,2022-04-18 21:47:00,Debit Card,2022-04-18 21:38:00,False,,21,18,4,Monday,150,10
2022-04-19 13:53:00,Female,63,603,4676,Canada,Ontario,Mississauga,fashion,dress,50,80,6,Twitter-ads,2022-04-19 14:23:00,True,2022-04-19 14:36:00,Debit Card,2022-04-19 14:27:00,False,,13,19,4,Tuesday,480,30
2022-04-20 10:44:00,Male,18,740,6682,Spain,Catalonia,Girona,electronics,laptop,800,1200,2,Twitter-ads,2022-04-20 11:03:00,True,2022-04-20 11:17:00,Debit Card,2022-04-20 11:07:00,False,,10,20,4,Wednesday,2400,400
2022-04-21 20:10:00,Female,63,705,6055,Australia,Victoria,Melbourne,electronics,table fan,30,50,4,Billboard-QR code,2022-04-21 20:15:00,True,2022-04-21 20:26:00,Cash On Delivery,2022-04-21 20:20:00,False,,20,21,4,Thursday,200,20
2022-04-22 07:55:00,Male,63,760,6492,Spain,Catalonia,Barcelona,fashion,shoes,60,100,2,Facebook-ads,2022-04-22 08:09:00,True,2022-04-22 08:23:00,Credit Card,2022-04-22 08:14:00,False,,7,22,4,Friday,200,40
2022-04-23 13:48:00,Female,20,663,6911,India,Maharashtra,Nagpur,electronics,laptop,800,1200,6,Facebook-ads,2022-04-23 14:00:00,True,2022-04-23 14:11:00,Credit Card,2022-04-23 14:04:00,False,,13,23,4,Saturday,7200,400
2022-04-24 09:12:00,Male,59,609,3003,Spain,Catalonia,Barcelona,electronics,television,1000,1500,5,Google-ads,2022-04-24 09:35:00,False,,,2022-04-24 09:44:00,,,9,24,4,Sunday,7500,500
2022-04-24 12:51:00,Female,64,682,7099,USA,California,San Jose,electronics,laptop,800,1200,4,Billboard-QR code,2022-04-24 13:18:00,True,2022-04-24 13:25:00,Debit Card,2022-04-24 13:21:00,False,,12,24,4,Sunday,4800,400
2022-04-24 13:02:00,Female,64,758,7763,India,Uttar Pradesh,Lucknow,home appliances,electric stove,250,400,1,E-mails,2022-04-24 13:29:00,True,2022-04-24 13:44:00,Debit Card,2022-04-24 13:31:00,False,,13,24,4,Sunday,400,150
2022-04-24 13:45:00,Male,47,660,5128,India,Maharashtra,Mumbai,toys,puzzle,15,25,5,Facebook-ads,2022-04-24 14:05:00,False,,,2022-04-24 13:48:00,,,13,24,4,Sunday,125,10
2022-04-26 09:06:00,Female,66,742,4310,Spain,Andalusia,Seville,fashion,shoes,60,100,3,Google-ads,2022-04-26 09:18:00,False,,,2022-04-26 09:12:00,,,9,26,4,Tuesday,300,40
2022-04-27 05:18:00,Female,21,625,5462,Spain,Catalonia,Barcelona,books,autobiography,20,35,3,Facebook-ads,2022-04-27 05:44:00,True,2022-04-27 05:58:00,Debit Card,2022-04-27 05:47:00,False,,5,27,4,Wednesday,105,15
2022-04-28 02:42:00,Female,66,767,5000,Spain,Catalonia,Girona,electronics,television,1000,1500,2,E-mails,2022-04-28 03:08:00,True,2022-04-28 03:15:00,Paypal,2022-04-28 03:13:00,False,,2,28,4,Thursday,3000,500
2022-04-28 22:23:00,Female,23,703,7909,Spain,Andalusia,Granada,home appliances,microwave oven,300,500,4,Google-ads,2022-04-28 22:36:00,True,2022-04-28 22:43:00,Credit Card,2022-04-28 22:39:00,False,,22,28,4,Thursday,2000,200
2022-04-30 03:44:00,Male,65,718,6871,India,Maharashtra,Pune,home appliances,mixer grinder,60,90,5,Twitter-ads,2022-04-30 04:13:00,False,,,2022-04-30 04:03:00,,,3,30,4,Saturday,450,30
2022-05-01 19:31:00,Female,57,722,5117,USA,Texas,San Antonio,home appliances,toaster,40,60,2,Google-ads,2022-05-01 19:51:00,True,2022-05-01 20:05:00,Credit Card,2022-05-01 19:53:00,True,Poor Value,19,1,5,Sunday,120,20
2022-05-02 03:15:00,Male,72,712,3131,India,Maharashtra,Mumbai,fashion,shoes,60,100,5,Facebook-ads,2022-05-02 03:27:00,True,2022-05-02 03:32:00,Debit Card,2022-05-02 03:30:00,False,,3,2,5,Monday,500,40
2022-05-02 19:56:00,Male,56,670,5863,Italy,Lazio,Latina,electronics,hair dryer,25,40,1,Billboard-QR code,2022-05-02 20:23:00,True,2022-05-02 20:35:00,Credit Card,2022-05-02 20:28:00,False,,19,2,5,Monday,40,15
2022-05-03 09:00:00,Male,25,715,7772,USA,Texas,San Antonio,electronics,laptop,800,1200,4,Twitter-ads,2022-05-03 09:22:00,True,2022-05-03 09:27:00,Paypal,2022-05-03 09:27:00,False,,9,3,5,Tuesday,4800,400
2022-05-04 13:21:00,Male,24,723,7440,UK,Scotland,Aberdeen,books,novel,10,18,3,Instagram-ads,2022-05-04 13:35:00,True,2022-05-04 13:48:00,Paypal,2022-05-04 13:39:00,False,,13,4,5,Wednesday,54,8
2022-05-05 07:38:00,Male,40,722,6225,Canada,Quebec,Quebec City,electronics,laptop,800,1200,4,Instagram-ads,2022-05-05 07:52:00,True,2022-05-05 07:59:00,Credit Card,2022-05-05 07:57:00,False,,7,5,5,Thursday,4800,400
2022-05-06 01:13:00,Female,40,626,7997,China,Shandong,Jinan,home appliances,mixer grinder,60,90,5,Billboard-QR code,2022-05-06 01:37:00,True,2022-05-06 01:43:00,Cash On Delivery,2022-05-06 01:42:00,False,,1,6,5,Friday,450,30
2022-05-06 12:04:00,Female,20,663,6911,India,Maharashtra,Nagpur,toys,board game,20,35,3,Twitter-ads,2022-05-06 12:14:00,True,2022-05-06 12:29:00,Cash On Delivery,2022-05-06 12:18:00,False,,12,6,5,Friday,105,15
2022-05-06 15:44:00,Female,19,711,7806,USA,California,San Jose,electronics,laptop,800,1200,3,Billboard-QR code,2022-05-06 16:07:00,True,2022-05-06 16:22:00,Debit Card,2022-05-06 16:09:00,False,,15,6,5,Friday,3600,400
2022-05-06 18:39:00,Male,71,715,3649,Spain,Catalonia,Girona,electronics,television,1000,1500,3,Billboard-QR code,2022-05-06 19:01:00,True,2022-05-06 19:16:00,Cash On Delivery,2022-05-06 19:04:00,False,,18,6,5,Friday,4500,500
2022-05-07 08:11:00,Female,55,612,3074,India,Uttar Pradesh,Lucknow,home appliances,mixer grinder,60,90,5,E-mails,2022-05-07 08:30:00,True,2022-05-07 08:41:00,Cash On Delivery,2022-05-07 08:33:00,False,,8,7,5,Saturday,450,30
2022-05-08 02:23:00,Male,71,741,3090,India,Uttar Pradesh,Kanpur,home appliances,microwave oven,300,500,5,E-mails,2022-05-08 02:38:00,True,2022-05-08 02:47:00,Debit Card,2022-05-08 02:43:00,False,,2,8,5,Sunday,2500,200
2022-05-10 02:38:00,Male,71,696,3966,Australia,New South Wales,Sydney,books,novel,10,18,1,Billboard-QR code,2022-05-10 02:52:00,False,,,2022-05-10 02:56:00,,,2,10,5,Tuesday,18,8
2022-05-11 15:07:00,Male,65,694,3061,Italy,Lazio,Rome,home appliances,microwave oven,300,500,2,Billboard-QR code,2022-05-11 15:28:00,True,2022-05-11 15:37:00,Cash On Delivery,2022-05-11 15:33:00,False,,15,11,5,Wednesday,1000,200
2022-05-14 07:40:00,Female,46,659,4287,Japan,Kanagawa,Sagamihara,books,magazine,5,8,1,Google-ads,2022-05-14 08:00:00,False,,,2022-05-14 07:45:00,,,7,14,5,Saturday,8,3
2022-05-14 22:48:00,Female,55,718,5527,Italy,Lombardy,Brescia,home appliances,microwave oven,300,500,4,Google-ads,2022-05-14 23:17:00,True,2022-05-14 23:24:00,Cash On Delivery,2022-05-14 23:21:00,True,Wrong Item,22,14,5,Saturday,2000,200
2022-05-18 03:40:00,Female,19,697,4604,Canada,Ontario,Toronto,books,textbook,30,50,1,Billboard-QR code,2022-05-18 04:09:00,True,2022-05-18 04:20:00,Credit Card,2022-05-18 04:14:00,False,,3,18,5,Wednesday,50,20
2022-05-20 20:19:00,Female,41,706,7386,USA,California,San Diego,toys,board game,20,35,4,Facebook-ads,2022-05-20 20:45:00,False,,,2022-05-20 20:46:00,,,20,20,5,Friday,140,15
2022-05-21 03:07:00,Female,69,624,5719,Australia,New South Wales,Newcastle,home appliances,toaster,40,60,2,E-mails,2022-05-21 03:27:00,True,2022-05-21 03:37:00,Debit Card,2022-05-21 03:32:00,False,,3,21,5,Saturday,120,20
2022-05-21 11:31:00,Male,60,774,7058,Spain,Catalonia,Tarragona,toys,action figure,8,15,1,Billboard-QR code,2022-05-21 11:47:00,True,2022-05-21 11:54:00,Cash On Delivery,2022-05-21 11:52:00,False,,11,21,5,Saturday,15,7
2022-05-22 00:49:00,Male,50,729,6450,Japan,Tokyo,Kawasaki,electronics,hair dryer,25,40,4,Twitter-ads,2022-05-22 01:10:00,True,2022-05-22 01:15:00,Paypal,2022-05-22 01:13:00,False,,0,22,5,Sunday,160,15
2022-05-24 20:24:00,Female,51,678,5654,Spain,Catalonia,Barcelona,toys,board game,20,35,1,Billboard-QR code,2022-05-24 20:50:00,True,2022-05-24 20:57:00,Credit Card,2022-05-24 20:55:00,False,,20,24,5,Tuesday,35,15
2022-05-25 20:42:00,Male,45,731,3557,UK,Scotland,Aberdeen,electronics,table fan,30,50,4,E-mails,2022-05-25 20:54:00,True,2022-05-25 21:07:00,Credit Card,2022-05-25 20:58:00,False,,20,25,5,Wednesday,200,20
2022-05-26 15:18:00,Male,21,742,5855,India,Uttar Pradesh,Ghaziabad,books,autobiography,20,35,5,Google-ads,2022-05-26 15:43:00,True,2022-05-26 15:56:00,Credit Card,2022-05-26 15:48:00,False,,15,26,5,Thursday,175,15
2022-05-28 08:36:00,Male,70,645,5642,Spain,Andalusia,Seville,books,textbook,30,50,3,Twitter-ads,2022-05-28 08:47:00,True,2022-05-28 08:52:00,Cash On Delivery,2022-05-28 08:52:00,False,,8,28,5,Saturday,150,20
2022-05-29 05:36:00,Male,25,608,7887,Australia,New South Wales,Newcastle,fashion,shoes,60,100,6,Instagram-ads,2022-05-29 06:00:00,True,2022-05-29 06:13:00,Cash On Delivery,2022-05-29 06:04:00,False,,5,29,5,Sunday,600,40
2022-05-30 00:37:00,Male,23,663,3779,Japan,Tokyo,Yokohama,fashion,dress,50,80,5,Facebook-ads,2022-05-30 01:00:00,True,2022-05-30 01:06:00,Debit Card,2022-05-30 01:05:00,False,,0,30,5,Monday,400,30
2022-05-30 04:36:00,Female,18,730,4842,UK,Scotland,Edinburgh,fashion,shoes,60,100,6,Billboard-QR code,2022-05-30 04:47:00,False,,,2022-05-30 05:00:00,,,4,30,5,Monday,600,40
2022-05-30 05:15:00,Female,23,672,3349,Italy,Lombardy,Bergamo,books,autobiography,20,35,6,E-mails,2022-05-30 05:33:00,False,,,2022-05-30 05:44:00,,,5,30,5,Monday,210,15
2022-06-01 08:07:00,Female,66,670,7030,Australia,New South Wales,Newcastle,toys,puzzle,15,25,3,Instagram-ads,2022-06-01 08:28:00,True,2022-06-01 08:40:00,Cash On Delivery,2022-06-01 08:32:00,False,,8,1,6,Wednesday,75,10
2022-06-01 12:09:00,Male,58,741,3790,Italy,Lombardy,Brescia,toys,puzzle,15,25,1,Facebook-ads,2022-06-01 12:33:00,True,2022-06-01 12:39:00,Debit Card,2022-06-01 12:38:00,False,,12,1,6,Wednesday,25,10
2022-06-02 16:09:00,Female,58,762,7408,Japan,Tokyo,Tokyo,home appliances,electric stove,250,400,3,Facebook-ads,2022-06-02 16:17:00,True,2022-06-02 16:27:00,Credit Card,2022-06-02 16:21:00,False,,16,2,6,Thursday,1200,150
2022-06-04 05:14:00,Female,45,617,6830,Canada,Quebec,Laval,fashion,shoes,60,100,2,Instagram-ads,2022-06-04 05:30:00,True,2022-06-04 05:43:00,Credit Card,2022-06-04 05:35:00,False,,5,4,6,Saturday,200,40
2022-06-05 09:44:00,Female,22,639,6882,India,Maharashtra,Pune,home appliances,toaster,40,60,3,Instagram-ads,2022-06-05 10:10:00,True,2022-06-05 10:23:00,Cash On Delivery,2022-06-05 10:15:00,False,,9,5,6,Sunday,180,20
2022-06-06 11:10:00,Female,23,703,5148,Spain,Andalusia,Seville,electronics,table fan,30,50,3,E-mails,2022-06-06 11:35:00,False,,,2022-06-06 11:47:00,,,11,6,6,Monday,150,20
2022-06-07 22:48:00,Male,49,765,6802,Australia,New South Wales,Sydney,books,textbook,30,50,4,Instagram-ads,2022-06-07 23:08:00,True,2022-06-07 23:22:00,Credit Card,2022-06-07 23:13:00,False,,22,7,6,Tuesday,200,20
2022-06-08 05:30:00,Female,45,617,6830,Canada,Quebec,Laval,toys,puzzle,15,25,1,Facebook-ads,2022-06-08 05:46:00,False,,,2022-06-08 06:05:00,,,5,8,6,Wednesday,25,10
2022-06-08 21:48:00,Female,58,674,6494,Canada,Ontario,Mississauga,home appliances,electric stove,250,400,4,Google-ads,2022-06-08 22:10:00,True,2022-06-08 22:24:00,Cash On Delivery,2022-06-08 22:14:00,False,,21,8,6,Wednesday,1600,150
2022-06-09 14:08:00,Female,66,686,3628,Italy,Lazio,Frosinone,fashion,dress,50,80,2,Twitter-ads,2022-06-09 14:22:00,True,2022-06-09 14:32:00,Cash On Delivery,2022-06-09 14:26:00,True,Poor Quality,14,9,6,Thursday,160,30
2022-06-11 11:41:00,Female,32,626,7670,Italy,Lombardy,Brescia,books,autobiography,20,35,1,Billboard-QR code,2022-06-11 12:10:00,True,2022-06-11 12:20:00,Paypal,2022-06-11 12:13:00,True,Poor Quality,11,11,6,Saturday,35,15
2022-06-12 07:56:00,Female,31,747,5787,India,Maharashtra,Mumbai,books,textbook,30,50,1,Instagram-ads,2022-06-12 08:22:00,False,,,2022-06-12 08:23:00,,,7,12,6,Sunday,50,20
2022-06-12 11:15:00,Male,70,635,3717,USA,California,San Diego,books,textbook,30,50,6,E-mails,2022-06-12 11:23:00,False,,,2022-06-12 11:25:00,,,11,12,6,Sunday,300,20
2022-06-12 12:26:00,Female,21,697,5127,Italy,Lazio,Frosinone,books,textbook,30,50,5,Billboard-QR code,2022-06-12 12:44:00,True,2022-06-12 12:57:00,Credit Card,2022-06-12 12:47:00,False,,12,12,6,Sunday,250,20
2022-06-14 09:10:00,Female,47,628,5556,Canada,Quebec,Montreal,books,magazine,5,8,5,Instagram-ads,2022-06-14 09:32:00,True,2022-06-14 09:42:00,Paypal,2022-06-14 09:34:00,True,Arrived Late,9,14,6,Tuesday,40,3
2022-06-14 09:18:00,Male,44,641,3251,Australia,Victoria,Geelong,home appliances,toaster,40,60,1,Facebook-ads,2022-06-14 09:29:00,False,,,2022-06-14 09:27:00,,,9,14,6,Tuesday,60,20
2022-06-14 22:59:00,Female,31,765,3343,Spain,Catalonia,Barcelona,home appliances,electric stove,250,400,5,Billboard-QR code,2022-06-14 23:18:00,True,2022-06-14 23:26:00,Credit Card,2022-06-14 23:22:00,False,,22,14,6,Tuesday,2000,150
2022-06-15 06:49:00,Male,42,693,6878,Australia,New South Wales,Sydney,toys,puzzle,15,25,5,Google-ads,2022-06-15 07:11:00,True,2022-06-15 07:21:00,Cash On Delivery,2022-06-15 07:16:00,False,,6,15,6,Wednesday,125,10
2022-06-16 08:14:00,Male,48,763,4994,USA,California,Los Angeles,electronics,television,1000,1500,5,Instagram-ads,2022-06-16 08:29:00,True,2022-06-16 08:43:00,Paypal,2022-06-16 08:33:00,False,,8,16,6,Thursday,7500,500
2022-06-16 08:34:00,Male,20,755,4777,Canada,Ontario,Mississauga,books,autobiography,20,35,4,Instagram-ads,2022-06-16 08:43:00,True,2022-06-16 08:55:00,Credit Card,2022-06-16 08:47:00,False,,8,16,6,Thursday,140,15
2022-06-16 16:30:00,Female,59,764,7346,Japan,Kanagawa,Yokohama,fashion,jeans,40,70,2,Instagram-ads,2022-06-16 16:39:00,True,2022-06-16 16:46:00,Cash On Delivery,2022-06-16 16:44:00,False,,16,16,6,Thursday,140,30
2022-06-17 01:12:00,Male,62,614,7330,UK,Scotland,Aberdeen,fashion,shoes,60,100,1,E-mails,2022-06-17 01:17:00,True,2022-06-17 01:32:00,Paypal,2022-06-17 01:20:00,False,,1,17,6,Friday,100,40
2022-06-17 06:06:00,Male,33,762,7666,India,Uttar Pradesh,Lucknow,home appliances,mixer grinder,60,90,1,Billboard-QR code,2022-06-17 06:11:00,True,2022-06-17 06:21:00,Credit Card,2022-06-17 06:16:00,False,,6,17,6,Friday,90,30
2022-06-19 06:21:00,Female,54,633,6125,India,Maharashtra,Mumbai,books,textbook,30,50,6,Twitter-ads,2022-06-19 06:41:00,True,2022-06-19 06:49:00,Debit Card,2022-06-19 06:45:00,False,,6,19,6,Sunday,300,20
2022-06-19 11:40:00,Female,55,649,7955,Canada,Quebec,Quebec City,fashion,jeans,40,70,2,Twitter-ads,2022-06-19 12:08:00,True,2022-06-19 12:22:00,Debit Card,2022-06-19 12:12:00,True,Poor Value,11,19,6,Sunday,140,30
2022-06-20 20:21:00,Female,65,670,6780,Japan,Kanagawa,Yokohama,fashion,jeans,40,70,2,Google-ads,2022-06-20 20:26:00,True,2022-06-20 20:38:00,Cash On Delivery,2022-06-20 20:28:00,False,,20,20,6,Monday,140,30
2022-06-20 22:37:00,Female,60,718,6745,India,Maharashtra,Nagpur,fashion,dress,50,80,1,Billboard-QR code,2022-06-20 22:57:00,True,2022-06-20 23:12:00,Credit Card,2022-06-20 23:00:00,False,,22,20,6,Monday,80,30
2022-06-22 14:38:00,Male,34,736,4038,Italy,Lombardy,Bergamo,fashion,t-shirt,15,25,1,Billboard-QR code,2022-06-22 14:57:00,True,2022-06-22 15:07:00,Credit Card,2022-06-22 14:59:00,False,,14,22,6,Wednesday,25,10
2022-06-23 14:54:00,Female,36,700,4538,UK,England,Manchester,home appliances,toaster,40,60,4,Billboard-QR code,2022-06-23 15:07:00,True,2022-06-23 15:15:00,Credit Card,2022-06-23 15:11:00,False,,14,23,6,Thursday,240,20
2022-06-24 07:27:00,Female,38,666,6055,Spain,Catalonia,Tarragona,toys,puzzle,15,25,4,Billboard-QR code,2022-06-24 07:48:00,True,2022-06-24 08:01:00,Credit Card,2022-06-24 07:50:00,False,,7,24,6,Friday,100,10
2022-06-24 13:08:00,Female,66,737,7470,Canada,Ontario,Mississauga,toys,puzzle,15,25,4,Facebook-ads,2022-06-24 13:23:00,True,2022-06-24 13:29:00,Debit Card,2022-06-24 13:26:00,False,,13,24,6,Friday,100,10
2022-06-25 00:55:00,Female,25,746,6983,China,Shandong,Jinan,books,autobiography,20,35,4,Twitter-ads,2022-06-25 01:10:00,True,2022-06-25 01:17:00,Cash On Delivery,2022-06-25 01:12:00,False,,0,25,6,Saturday,140,15
2022-06-26 09:58:00,Male,44,629,3990,India,Maharashtra,Mumbai,electronics,television,1000,1500,3,Instagram-ads,2022-06-26 10:20:00,True,2022-06-26 10:25:00,Credit Card,2022-06-26 10:23:00,False,,9,26,6,Sunday,4500,500
2022-06-26 13:34:00,Male,54,730,7351,Japan,Kanagawa,Kawasaki,home appliances,toaster,40,60,3,Instagram-ads,2022-06-26 13:48:00,False,,,2022-06-26 13:46:00,,,13,26,6,Sunday,180,20
2022-06-27 19:58:00,Female,21,665,7376,Canada,Ontario,Ottawa,electronics,hair dryer,25,40,1,Google-ads,2022-06-27 20:27:00,False,,,2022-06-27 20:08:00,,,19,27,6,Monday,40,15
2022-06-27 23:20:00,Female,28,746,6410,Spain,Andalusia,Malaga,fashion,t-shirt,15,25,5,E-mails,2022-06-27 23:35:00,True,2022-06-27 23:46:00,Cash On Delivery,2022-06-27 23:37:00,False,,23,27,6,Monday,125,10
2022-06-28 18:45:00,Male,63,691,7546,UK,England,London,toys,plush toy,12,20,4,Instagram-ads,2022-06-28 19:13:00,True,2022-06-28 19:23:00,Paypal,2022-06-28 19:17:00,False,,18,28,6,Tuesday,80,8
2022-06-29 02:36:00,Male,19,741,3551,Japan,Kanagawa,Yokohama,electronics,television,1000,1500,1,E-mails,2022-06-29 02:59:00,True,2022-06-29 03:09:00,Debit Card,2022-06-29 03:04:00,False,,2,29,6,Wednesday,1500,500
2022-06-29 18:53:00,Female,67,673,7209,Canada,Quebec,Laval,toys,puzzle,15,25,6,Facebook-ads,2022-06-29 19:21:00,True,2022-06-29 19:34:00,Cash On Delivery,2022-06-29 19:26:00,False,,18,29,6,Wednesday,150,10
2022-07-01 06:48:00,Male,72,650,5832,Australia,New South Wales,Newcastle,home appliances,toaster,40,60,1,Billboard-QR code,2022-07-01 07:09:00,True,2022-07-01 07:18:00,Credit Card,2022-07-01 07:11:00,False,,6,1,7,Friday,60,20
2022-07-01 10:38:00,Male,63,691,7546,UK,England,London,toys,puzzle,15,25,4,Twitter-ads,2022-07-01 11:08:00,True,2022-07-01 11:15:00,Credit Card,2022-07-01 11:13:00,False,,10,1,7,Friday,100,10
2022-07-01 14:04:00,Male,30,646,5498,China,Shandong,Yantai,toys,action figure,8,15,1,Twitter-ads,2022-07-01 14:17:00,True,2022-07-01 14:24:00,Paypal,2022-07-01 14:21:00,False,,14,1,7,Friday,15,7
2022-07-01 19:40:00,Female,66,686,3628,Italy,Lazio,Frosinone,toys,board game,20,35,3,Instagram-ads,2022-07-01 20:02:00,True,2022-07-01 20:13:00,Debit Card,2022-07-01 20:06:00,False,,19,1,7,Friday,105,15
2022-07-02 18:07:00,Male,44,759,4749,Italy,Lombardy,Brescia,toys,puzzle,15,25,1,Google-ads,2022-07-02 18:27:00,True,2022-07-02 18:33:00,Paypal,2022-07-02 18:32:00,False,,18,2,7,Saturday,25,10
2022-07-04 17:33:00,Female,66,694,6589,USA,Texas,Dallas,electronics,television,1000,1500,2,Instagram-ads,2022-07-04 17:53:00,True,2022-07-04 18:04:00,Debit Card,2022-07-04 17:56:00,False,,17,4,7,Monday,3000,500
2022-07-05 18:16:00,Male,34,723,3989,Spain,Catalonia,Barcelona,toys,puzzle,15,25,2,Twitter-ads,2022-07-05 18:22:00,True,2022-07-05 18:32:00,Credit Card,2022-07-05 18:24:00,False,,18,5,7,Tuesday,50,10
2022-07-06 04:25:00,Male,49,747,6854,Canada,Quebec,Montreal,electronics,laptop,800,1200,6,Facebook-ads,2022-07-06 04:52:00,True,2022-07-06 05:00:00,Cash On Delivery,2022-07-06 04:56:00,False,,4,6,7,Wednesday,7200,400
2022-07-06 10:34:00,Female,54,635,6975,China,Shandong,Jinan,home appliances,mixer grinder,60,90,2,Facebook-ads,2022-07-06 10:55:00,True,2022-07-06 11:10:00,Cash On Delivery,2022-07-06 11:00:00,True,Poor Quality,10,6,7,Wednesday,180,30
2022-07-06 19:32:00,Male,36,613,4462,Italy,Lombardy,Milan,toys,action figure,8,15,1,Facebook-ads,2022-07-06 19:37:00,True,2022-07-06 19:47:00,Cash On Delivery,2022-07-06 19:40:00,False,,19,6,7,Wednesday,15,7
2022-07-07 08:37:00,Male,36,661,5548,China,Guangdong,Shenzhen,home appliances,toaster,40,60,4,Facebook-ads,2022-07-07 08:52:00,True,2022-07-07 08:59:00,Credit Card,2022-07-07 08:55:00,False,,8,7,7,Thursday,240,20
2022-07-08 00:13:00,Male,53,725,3365,China,Shandong,Qingdao,electronics,television,1000,1500,1,Billboard-QR code,2022-07-08 00:42:00,True,2022-07-08 00:47:00,Debit Card,2022-07-08 00:47:00,True,Arrived Damaged,0,8,7,Friday,1500,500
2022-07-08 02:02:00,Male,28,699,3355,Italy,Lombardy,Bergamo,toys,puzzle,15,25,5,Instagram-ads,2022-07-08 02:18:00,True,2022-07-08 02:23:00,Credit Card,2022-07-08 02:21:00,False,,2,8,7,Friday,125,10
2022-07-08 21:53:00,Female,53,654,3618,UK,England,Birmingham,fashion,shoes,60,100,1,Google-ads,2022-07-08 22:20:00,True,2022-07-08 22:29:00,Credit Card,2022-07-08 22:24:00,False,,21,8,7,Friday,100,40
2022-07-10 04:56:00,Male,32,679,3346,Italy,Lombardy,Bergamo,toys,action figure,8,15,3,Twitter-ads,2022-07-10 05:16:00,True,2022-07-10 05:22:00,Cash On Delivery,2022-07-10 05:20:00,False,,4,10,7,Sunday,45,7
2022-07-10 18:19:00,Female,36,648,7627,Japan,Kanagawa,Yokohama,books,autobiography,20,35,3,Google-ads,2022-07-10 18:40:00,True,2022-07-10 18:48:00,Credit Card,2022-07-10 18:42:00,False,,18,10,7,Sunday,105,15
2022-07-11 00:44:00,Male,50,642,7802,Australia,New South Wales,Newcastle,home appliances,microwave oven,300,500,3,Facebook-ads,2022-07-11 01:07:00,False,,,2022-07-11 00:55:00,,,0,11,7,Monday,1500,200
2022-07-11 03:59:00,Female,30,640,5267,Australia,New South Wales,Sydney,home appliances,mixer grinder,60,90,1,Instagram-ads,2022-07-11 04:22:00,True,2022-07-11 04:31:00,Cash On Delivery,2022-07-11 04:25:00,False,,3,11,7,Monday,90,30
2022-07-11 08:28:00,Male,47,603,6578,Japan,Tokyo,Kawasaki,home appliances,electric stove,250,400,1,Billboard-QR code,2022-07-11 08:37:00,True,2022-07-11 08:50:00,Cash On Delivery,2022-07-11 08:42:00,False,,8,11,7,Monday,400,150
2022-07-15 01:20:00,Male,48,659,7592,Japan,Kanagawa,Sagamihara,home appliances,microwave oven,300,500,5,E-mails,2022-07-15 01:39:00,True,2022-07-15 01:54:00,Cash On Delivery,2022-07-15 01:43:00,False,,1,15,7,Friday,2500,200
2022-07-16 01:58:00,Male,21,631,5669,UK,England,London,home appliances,microwave oven,300,500,1,Facebook-ads,2022-07-16 02:19:00,True,2022-07-16 02:34:00,Debit Card,2022-07-16 02:22:00,False,,1,16,7,Saturday,500,200
2022-07-16 07:04:00,Female,60,636,3476,Canada,Quebec,Laval,fashion,jeans,40,70,3,E-mails,2022-07-16 07:16:00,True,2022-07-16 07:26:00,Credit Card,2022-07-16 07:19:00,False,,7,16,7,Saturday,210,30
2022-07-16 20:35:00,Male,24,767,5928,Italy,Lombardy,Milan,home appliances,mixer grinder,60,90,5,E-mails,2022-07-16 21:05:00,False,,,2022-07-16 21:08:00,,,20,16,7,Saturday,450,30
2022-07-19 01:32:00,Female,42,663,5016,Japan,Tokyo,Kawasaki,fashion,dress,50,80,5,Google-ads,2022-07-19 01:56:00,True,2022-07-19 02:11:00,Paypal,2022-07-19 02:00:00,False,,1,19,7,Tuesday,400,30
2022-07-20 02:29:00,Male,58,613,3775,Australia,Victoria,Melbourne,home appliances,microwave oven,300,500,3,Billboard-QR code,2022-07-20 02:50:00,True,2022-07-20 02:57:00,Credit Card,2022-07-20 02:54:00,False,,2,20,7,Wednesday,1500,200
2022-07-20 14:14:00,Female,27,747,7207,India,Uttar Pradesh,Kanpur,toys,action figure,8,15,6,Billboard-QR code,2022-07-20 14:31:00,True,2022-07-20 14:43:00,Debit Card,2022-07-20 14:33:00,False,,14,20,7,Wednesday,90,7
2022-07-20 19:52:00,Female,68,623,6116,Canada,Ontario,Toronto,toys,puzzle,15,25,3,E-mails,2022-07-20 20:22:00,True,2022-07-20 20:27:00,Credit Card,2022-07-20 20:26:00,False,,19,20,7,Wednesday,75,10
2022-07-21 10:47:00,Female,69,640,3757,Japan,Kanagawa,Kawasaki,home appliances,toaster,40,60,1,Billboard-QR code,2022-07-21 11:15:00,True,2022-07-21 11:26:00,Debit Card,2022-07-21 11:20:00,False,,10,21,7,Thursday,60,20
2022-07-24 18:24:00,Male,20,673,5031,Italy,Lombardy,Bergamo,books,autobiography,20,35,3,Instagram-ads,2022-07-24 18:39:00,True,2022-07-24 18:53:00,Cash On Delivery,2022-07-24 18:41:00,False,,18,24,7,Sunday,105,15
2022-07-24 18:34:00,Male,69,740,7213,Australia,Victoria,Melbourne,toys,action figure,8,15,3,E-mails,2022-07-24 18:44:00,False,,,2022-07-24 18:39:00,,,18,24,7,Sunday,45,7
2022-07-25 16:59:00,Female,21,767,4929,Canada,Ontario,Toronto,books,novel,10,18,1,Facebook-ads,2022-07-25 17:08:00,True,2022-07-25 17:15:00,Credit Card,2022-07-25 17:12:00,False,,16,25,7,Monday,18,8
2022-07-26 02:35:00,Male,36,758,6694,Canada,Ontario,Mississauga,home appliances,mixer grinder,60,90,1,Billboard-QR code,2022-07-26 03:02:00,True,2022-07-26 03:16:00,Debit Card,2022-07-26 03:04:00,False,,2,26,7,Tuesday,90,30
2022-07-26 10:07:00,Male,43,766,5062,Canada,Quebec,Laval,electronics,television,1000,1500,4,Google-ads,2022-07-26 10:36:00,False,,,2022-07-26 10:18:00,,,10,26,7,Tuesday,6000,500
2022-07-26 19:32:00,Male,68,641,6562,Spain,Catalonia,Barcelona,home appliances,microwave oven,300,500,3,Billboard-QR code,2022-07-26 19:44:00,True,2022-07-26 19:50:00,Paypal,2022-07-26 19:46:00,False,,19,26,7,Tuesday,1500,200
2022-07-27 07:18:00,Male,40,630,5124,India,Uttar Pradesh,Kanpur,home appliances,toaster,40,60,5,E-mails,2022-07-27 07:28:00,True,2022-07-27 07:42:00,Cash On Delivery,2022-07-27 07:31:00,False,,7,27,7,Wednesday,300,20
2022-07-27 12:43:00,Female,67,631,4765,UK,England,Birmingham,home appliances,microwave oven,300,500,4,Twitter-ads,2022-07-27 12:50:00,True,2022-07-27 13:03:00,Paypal,2022-07-27 12:55:00,False,,12,27,7,Wednesday,2000,200
2022-07-27 18:49:00,Female,26,629,4516,Italy,Lombardy,Brescia,fashion,shoes,60,100,5,E-mails,2022-07-27 19:07:00,True,2022-07-27 19:18:00,Debit Card,2022-07-27 19:10:00,False,,18,27,7,Wednesday,500,40
2022-07-28 02:25:00,Male,54,648,5887,Spain,Andalusia,Seville,toys,puzzle,15,25,1,Billboard-QR code,2022-07-28 02:40:00,True,2022-07-28 02:45:00,Debit Card,2022-07-28 02:43:00,False,,2,28,7,Thursday,25,10
2022-07-29 08:56:00,Male,40,630,5124,India,Uttar Pradesh,Kanpur,books,magazine,5,8,2,Instagram-ads,2022-07-29 09:18:00,True,2022-07-29 09:27:00,Paypal,2022-07-29 09:21:00,True,Arrived Late,8,29,7,Friday,16,3
2022-07-29 17:50:00,Male,24,723,7440,UK,Scotland,Aberdeen,home appliances,mixer grinder,60,90,3,Instagram-ads,2022-07-29 17:59:00,True,2022-07-29 18:11:00,Credit Card,2022-07-29 18:01:00,True,Poor Value,17,29,7,Friday,270,30
2022-07-30 04:41:00,Male,24,779,6915,Canada,Ontario,Ottawa,books,novel,10,18,1,Billboard-QR code,2022-07-30 04:53:00,True,2022-07-30 05:05:00,Debit Card,2022-07-30 04:58:00,False,,4,30,7,Saturday,18,8
2022-07-31 18:37:00,Female,62,645,4460,India,Uttar Pradesh,Kanpur,electronics,laptop,800,1200,6,Google-ads,2022-07-31 19:07:00,True,2022-07-31 19:15:00,Cash On Delivery,2022-07-31 19:11:00,False,,18,31,7,Sunday,7200,400
2022-08-06 23:28:00,Male,50,675,4709,Italy,Lombardy,Brescia,books,novel,10,18,5,Billboard-QR code,2022-08-06 23:50:00,True,2022-08-06 23:57:00,Cash On Delivery,2022-08-06 23:53:00,False,,23,6,8,Saturday,90,8
2022-08-07 03:14:00,Female,41,725,6211,Australia,Victoria,Geelong,fashion,dress,50,80,2,Google-ads,2022-08-07 03:41:00,True,2022-08-07 03:48:00,Debit Card,2022-08-07 03:45:00,False,,3,7,8,Sunday,160,30
2022-08-07 23:16:00,Female,42,688,4365,Canada,Quebec,Montreal,electronics,hair dryer,25,40,3,E-mails,2022-08-07 23:31:00,True,2022-08-07 23:46:00,Credit Card,2022-08-07 23:36:00,False,,23,7,8,Sunday,120,15
2022-08-08 04:32:00,Female,38,617,5258,Japan,Kanagawa,Yokohama,toys,board game,20,35,2,Instagram-ads,2022-08-08 04:42:00,False,,,2022-08-08 04:52:00,,,4,8,8,Monday,70,15
2022-08-09 09:45:00,Male,63,711,4516,China,Shandong,Jinan,fashion,jeans,40,70,3,Facebook-ads,2022-08-09 09:57:00,True,2022-08-09 10:11:00,Credit Card,2022-08-09 10:00:00,False,,9,9,8,Tuesday,210,30
2022-08-12 01:27:00,Male,43,694,4749,Japan,Kanagawa,Kawasaki,toys,action figure,8,15,3,Google-ads,2022-08-12 01:48:00,True,2022-08-12 02:03:00,Debit Card,2022-08-12 01:51:00,False,,1,12,8,Friday,45,7
2022-08-12 05:44:00,Female,33,651,4750,India,Uttar Pradesh,Kanpur,books,novel,10,18,3,Billboard-QR code,2022-08-12 06:05:00,True,2022-08-12 06:14:00,Paypal,2022-08-12 06:08:00,False,,5,12,8,Friday,54,8
2022-08-13 01:10:00,Male,24,627,7547,USA,California,San Jose,home appliances,electric stove,250,400,4,Facebook-ads,2022-08-13 01:23:00,True,2022-08-13 01:36:00,Debit Card,2022-08-13 01:25:00,True,Arrived Damaged,1,13,8,Saturday,1600,150
2022-08-13 03:20:00,Female,40,634,5738,USA,California,San Diego,home appliances,electric stove,250,400,4,Facebook-ads,2022-08-13 03:44:00,True,2022-08-13 03:59:00,Paypal,2022-08-13 03:46:00,False,,3,13,8,Saturday,1600,150
2022-08-13 17:10:00,Male,20,673,5031,Italy,Lombardy,Bergamo,home appliances,toaster,40,60,1,Billboard-QR code,2022-08-13 17:22:00,False,,,2022-08-13 17:50:00,,,17,13,8,Saturday,60,20
2022-08-14 11:24:00,Male,35,695,5791,Canada,Quebec,Laval,books,magazine,5,8,6,Google-ads,2022-08-14 11:51:00,True,2022-08-14 12:01:00,Debit Card,2022-08-14 11:54:00,True,Arrived Late,11,14,8,Sunday,48,3
2022-08-15 18:57:00,Male,29,739,4481,China,Shandong,Yantai,books,magazine,5,8,4,E-mails,2022-08-15 19:09:00,True,2022-08-15 19:24:00,Credit Card,2022-08-15 19:13:00,True,Poor Value,18,15,8,Monday,32,3
2022-08-15 20:03:00,Female,30,719,4438,Japan,Kanagawa,Kawasaki,home appliances,electric stove,250,400,4,Instagram-ads,2022-08-15 20:17:00,False,,,2022-08-15 20:17:00,,,20,15,8,Monday,1600,150
2022-08-17 07:25:00,Female,21,697,5127,Italy,Lazio,Frosinone,fashion,jeans,40,70,1,Twitter-ads,2022-08-17 07:51:00,True,2022-08-17 08:01:00,Cash On Delivery,2022-08-17 07:56:00,False,,7,17,8,Wednesday,70,30
2022-08-18 20:04:00,Male,46,699,4464,India,Uttar Pradesh,Ghaziabad,fashion,jeans,40,70,1,E-mails,2022-08-18 20:12:00,True,2022-08-18 20:25:00,Credit Card,2022-08-18 20:14:00,False,,20,18,8,Thursday,70,30
2022-08-19 05:56:00,Female,47,605,7568,USA,Texas,San Antonio,electronics,television,1000,1500,1,Billboard-QR code,2022-08-19 06:03:00,True,2022-08-19 06:18:00,Cash On Delivery,2022-08-19 06:06:00,False,,5,19,8,Friday,1500,500
2022-08-19 20:56:00,Female,29,631,3106,China,Guangdong,Shenzhen,books,autobiography,20,35,6,Twitter-ads,2022-08-19 21:14:00,False,,,2022-08-19 21:13:00,,,20,19,8,Friday,210,15
2022-08-21 14:32:00,Male,23,663,3779,Japan,Tokyo,Yokohama,electronics,television,1000,1500,1,Billboard-QR code,2022-08-21 14:44:00,False,,,2022-08-21 15:12:00,,,14,21,8,Sunday,1500,500
2022-08-23 05:27:00,Male,35,629,5308,China,Shandong,Qingdao,fashion,jeans,40,70,2,Facebook-ads,2022-08-23 05:33:00,True,2022-08-23 05:48:00,Cash On Delivery,2022-08-23 05:35:00,False,,5,23,8,Tuesday,140,30
2022-08-23 05:36:00,Female,27,672,5140,Japan,Kanagawa,Sagamihara,books,textbook,30,50,4,E-mails,2022-08-23 06:05:00,True,2022-08-23 06:20:00,Debit Card,2022-08-23 06:10:00,False,,5,23,8,Tuesday,200,20
2022-08-23 11:49:00,Male,59,692,4817,Italy,Lazio,Frosinone,books,novel,10,18,1,Instagram-ads,2022-08-23 12:11:00,True,2022-08-23 12:26:00,Cash On Delivery,2022-08-23 12:16:00,False,,11,23,8,Tuesday,18,8
2022-08-23 19:11:00,Female,61,691,3806,UK,England,Birmingham,electronics,hair dryer,25,40,3,Billboard-QR code,2022-08-23 19:21:00,True,2022-08-23 19:35:00,Debit Card,2022-08-23 19:25:00,False,,19,23,8,Tuesday,120,15
2022-08-24 04:13:00,Female,61,607,6496,India,Maharashtra,Pune,books,novel,10,18,5,E-mails,2022-08-24 04:29:00,True,2022-08-24 04:39:00,Debit Card,2022-08-24 04:33:00,False,,4,24,8,Wednesday,90,8
2022-08-24 07:03:00,Female,36,766,5729,Spain,Catalonia,Barcelona,fashion,shoes,60,100,6,Instagram-ads,2022-08-24 07:19:00,True,2022-08-24 07:27:00,Cash On Delivery,2022-08-24 07:21:00,True,Poor Quality,7,24,8,Wednesday,600,40
2022-08-24 12:18:00,Female,62,645,4460,India,Uttar Pradesh,Kanpur,books,novel,10,18,2,Instagram-ads,2022-08-24 12:33:00,True,2022-08-24 12:48:00,Debit Card,2022-08-24 12:35:00,False,,12,24,8,Wednesday,36,8
2022-08-25 15:48:00,Male,25,673,4938,India,Maharashtra,Pune,toys,board game,20,35,6,Billboard-QR code,2022-08-25 15:58:00,False,,,2022-08-25 16:28:00,,,15,25,8,Thursday,210,15
2022-08-26 16:22:00,Male,18,740,6682,Spain,Catalonia,Girona,toys,plush toy,12,20,6,Billboard-QR code,2022-08-26 16:49:00,True,2022-08-26 16:59:00,Credit Card,2022-08-26 16:52:00,True,Poor Quality,16,26,8,Friday,120,8
2022-08-28 09:38:00,Male,54,638,5018,Canada,Quebec,Montreal,home appliances,mixer grinder,60,90,6,Facebook-ads,2022-08-28 09:57:00,True,2022-08-28 10:03:00,Cash On Delivery,2022-08-28 10:01:00,False,,9,28,8,Sunday,540,30
2022-08-28 15:28:00,Male,38,677,7322,Italy,Lombardy,Brescia,home appliances,toaster,40,60,1,Twitter-ads,2022-08-28 15:43:00,True,2022-08-28 15:50:00,Credit Card,2022-08-28 15:47:00,False,,15,28,8,Sunday,60,20
2022-08-28 22:58:00,Female,43,759,5851,Italy,Lombardy,Bergamo,electronics,hair dryer,25,40,2,Instagram-ads,2022-08-28 23:12:00,False,,,2022-08-28 23:08:00,,,22,28,8,Sunday,80,15
2022-08-29 16:46:00,Female,21,662,4426,UK,England,London,fashion,jeans,40,70,2,Twitter-ads,2022-08-29 17:06:00,False,,,2022-08-29 17:19:00,,,16,29,8,Monday,140,30
2022-08-30 06:39:00,Male,64,675,3913,UK,England,London,fashion,t-shirt,15,25,6,E-mails,2022-08-30 06:44:00,True,2022-08-30 06:58:00,Credit Card,2022-08-30 06:47:00,False,,6,30,8,Tuesday,150,10
2022-09-02 00:04:00,Male,71,673,4336,UK,England,Birmingham,home appliances,mixer grinder,60,90,3,Billboard-QR code,2022-09-02 00:24:00,True,2022-09-02 00:37:00,Credit Card,2022-09-02 00:27:00,True,Poor Value,0,2,9,Friday,270,30
2022-09-03 15:28:00,Female,61,735,6624,USA,California,San Diego,home appliances,electric stove,250,400,2,Instagram-ads,2022-09-03 15:57:00,True,2022-09-03 16:08:00,Cash On Delivery,2022-09-03 15:59:00,False,,15,3,9,Saturday,800,150
2022-09-04 03:54:00,Male,26,769,6943,Italy,Lombardy,Brescia,electronics,television,1000,1500,6,Twitter-ads,2022-09-04 04:12:00,True,2022-09-04 04:25:00,Credit Card,2022-09-04 04:14:00,False,,3,4,9,Sunday,9000,500
2022-09-06 01:32:00,Male,34,690,3982,China,Guangdong,Guangzhou,home appliances,microwave oven,300,500,3,Billboard-QR code,2022-09-06 01:50:00,False,,,2022-09-06 01:44:00,,,1,6,9,Tuesday,1500,200
2022-09-07 00:56:00,Female,49,767,5297,China,Guangdong,Dongguan,home appliances,electric stove,250,400,2,Billboard-QR code,2022-09-07 01:25:00,True,2022-09-07 01:37:00,Debit Card,2022-09-07 01:27:00,True,Poor Value,0,7,9,Wednesday,800,150
2022-09-08 00:21:00,Male,22,673,5712,Japan,Kanagawa,Kawasaki,electronics,television,1000,1500,4,Instagram-ads,2022-09-08 00:26:00,True,2022-09-08 00:32:00,Cash On Delivery,2022-09-08 00:30:00,False,,0,8,9,Thursday,6000,500
2022-09-09 20:14:00,Male,36,644,5613,UK,England,London,home appliances,microwave oven,300,500,3,Twitter-ads,2022-09-09 20:29:00,True,2022-09-09 20:34:00,Paypal,2022-09-09 20:32:00,False,,20,9,9,Friday,1500,200
2022-09-13 12:19:00,Female,37,608,4608,Japan,Tokyo,Kawasaki,home appliances,microwave oven,300,500,3,Instagram-ads,2022-09-13 12:26:00,True,2022-09-13 12:32:00,Credit Card,2022-09-13 12:31:00,False,,12,13,9,Tuesday,1500,200
2022-09-13 22:08:00,Female,67,725,7451,China,Shandong,Qingdao,toys,action figure,8,15,3,Instagram-ads,2022-09-13 22:36:00,True,2022-09-13 22:47:00,Credit Card,2022-09-13 22:40:00,True,Arrived Late,22,13,9,Tuesday,45,7
2022-09-14 00:00:00,Male,40,640,3458,USA,California,Los Angeles,books,novel,10,18,4,E-mails,2022-09-14 00:07:00,True,2022-09-14 00:20:00,Credit Card,2022-09-14 00:12:00,True,Arrived Late,0,14,9,Wednesday,72,8
2022-09-14 15:06:00,Female,21,655,5220,China,Guangdong,Guangzhou,home appliances,microwave oven,300,500,3,Billboard-QR code,2022-09-14 15:19:00,True,2022-09-14 15:34:00,Paypal,2022-09-14 15:21:00,False,,15,14,9,Wednesday,1500,200
2022-09-15 12:51:00,Female,34,734,5695,Australia,Victoria,Melbourne,books,magazine,5,8,4,Instagram-ads,2022-09-15 13:20:00,True,2022-09-15 13:33:00,Cash On Delivery,2022-09-15 13:25:00,False,,12,15,9,Thursday,32,3
2022-09-15 15:06:00,Male,38,677,7322,Italy,Lombardy,Brescia,home appliances,toaster,40,60,2,Twitter-ads,2022-09-15 15:26:00,True,2022-09-15 15:38:00,Cash On Delivery,2022-09-15 15:30:00,False,,15,15,9,Thursday,120,20
2022-09-16 13:15:00,Female,40,727,6789,Spain,Catalonia,Barcelona,books,autobiography,20,35,1,Twitter-ads,2022-09-16 13:37:00,True,2022-09-16 13:47:00,Cash On Delivery,2022-09-16 13:42:00,False,,13,16,9,Friday,35,15
2022-09-17 10:29:00,Male,56,610,7985,USA,California,Los Angeles,books,novel,10,18,2,Facebook-ads,2022-09-17 10:54:00,True,2022-09-17 11:00:00,Credit Card,2022-09-17 10:57:00,False,,10,17,9,Saturday,36,8
2022-09-19 20:34:00,Female,66,715,7348,Japan,Tokyo,Tokyo,fashion,shoes,60,100,1,Twitter-ads,2022-09-19 20:58:00,True,2022-09-19 21:04:00,Credit Card,2022-09-19 21:01:00,False,,20,19,9,Monday,100,40
2022-09-19 22:12:00,Female,21,609,7975,Italy,Lazio,Rome,home appliances,microwave oven,300,500,1,Instagram-ads,2022-09-19 22:42:00,True,2022-09-19 22:49:00,Paypal,2022-09-19 22:47:00,False,,22,19,9,Monday,500,200
2022-09-20 10:12:00,Male,68,689,3551,Canada,Ontario,Mississauga,fashion,shoes,60,100,4,Instagram-ads,2022-09-20 10:35:00,False,,,2022-09-20 10:41:00,,,10,20,9,Tuesday,400,40
2022-09-22 14:45:00,Male,42,746,5488,Canada,Quebec,Montreal,books,autobiography,20,35,6,Billboard-QR code,2022-09-22 15:05:00,True,2022-09-22 15:19:00,Debit Card,2022-09-22 15:09:00,False,,14,22,9,Thursday,210,15
2022-09-23 03:21:00,Male,19,708,7634,Spain,Andalusia,Granada,books,autobiography,20,35,3,Billboard-QR code,2022-09-23 03:33:00,True,2022-09-23 03:40:00,Paypal,2022-09-23 03:36:00,False,,3,23,9,Friday,105,15
2022-09-23 19:31:00,Male,42,652,5189,USA,California,San Jose,fashion,t-shirt,15,25,1,Billboard-QR code,2022-09-23 19:45:00,False,,,2022-09-23 19:55:00,,,19,23,9,Friday,25,10
2022-09-24 04:50:00,Male,54,700,6528,UK,Scotland,Glasgow,electronics,hair dryer,25,40,3,Instagram-ads,2022-09-24 05:00:00,True,2022-09-24 05:12:00,Credit Card,2022-09-24 05:04:00,False,,4,24,9,Saturday,120,15
2022-09-24 20:47:00,Male,33,760,6188,China,Shandong,Jinan,books,magazine,5,8,6,Google-ads,2022-09-24 20:56:00,True,2022-09-24 21:09:00,Debit Card,2022-09-24 20:59:00,False,,20,24,9,Saturday,48,3
2022-09-25 01:09:00,Male,37,633,6144,Italy,Lombardy,Bergamo,home appliances,mixer grinder,60,90,3,E-mails,2022-09-25 01:30:00,True,2022-09-25 01:36:00,Debit Card,2022-09-25 01:34:00,False,,1,25,9,Sunday,270,30
2022-09-25 11:34:00,Female,63,629,3856,India,Maharashtra,Mumbai,toys,puzzle,15,25,4,Billboard-QR code,2022-09-25 11:44:00,True,2022-09-25 11:58:00,Debit Card,2022-09-25 11:46:00,False,,11,25,9,Sunday,100,10
2022-09-26 03:51:00,Female,19,758,5334,Spain,Catalonia,Barcelona,electronics,hair dryer,25,40,2,Facebook-ads,2022-09-26 04:10:00,True,2022-09-26 04:22:00,Debit Card,2022-09-26 04:14:00,False,,3,26,9,Monday,80,15
2022-09-26 22:24:00,Male,33,615,3968,Spain,Catalonia,Tarragona,home appliances,toaster,40,60,2,E-mails,2022-09-26 22:31:00,False,,,2022-09-26 22:51:00,,,22,26,9,Monday,120,20
2022-09-27 04:03:00,Female,57,722,5117,USA,Texas,San Antonio,books,autobiography,20,35,4,Instagram-ads,2022-09-27 04:11:00,True,2022-09-27 04:21:00,Debit Card,2022-09-27 04:16:00,False,,4,27,9,Tuesday,140,15
2022-09-27 12:06:00,Male,33,746,4010,China,Shandong,Qingdao,toys,action figure,8,15,2,E-mails,2022-09-27 12:25:00,True,2022-09-27 12:30:00,Paypal,2022-09-27 12:28:00,False,,12,27,9,Tuesday,30,7
2022-09-27 16:58:00,Male,40,640,3458,USA,California,Los Angeles,electronics,hair dryer,25,40,5,Google-ads,2022-09-27 17:12:00,True,2022-09-27 17:26:00,Debit Card,2022-09-27 17:14:00,False,,16,27,9,Tuesday,200,15
2022-09-27 17:11:00,Male,25,694,5757,Spain,Andalusia,Seville,fashion,t-shirt,15,25,6,E-mails,2022-09-27 17:31:00,True,2022-09-27 17:43:00,Debit Card,2022-09-27 17:35:00,False,,17,27,9,Tuesday,150,10
2022-09-28 00:06:00,Female,68,695,6689,USA,California,San Diego,electronics,laptop,800,1200,6,Twitter-ads,2022-09-28 00:26:00,True,2022-09-28 00:38:00,Debit Card,2022-09-28 00:28:00,False,,0,28,9,Wednesday,7200,400
2022-09-28 09:05:00,Female,21,662,4426,UK,England,London,books,magazine,5,8,1,E-mails,2022-09-28 09:12:00,False,,,2022-09-28 09:08:00,,,9,28,9,Wednesday,8,3
2022-09-28 11:04:00,Female,61,687,7734,UK,England,London,home appliances,microwave oven,300,500,6,Billboard-QR code,2022-09-28 11:21:00,False,,,2022-09-28 11:25:00,,,11,28,9,Wednesday,3000,200
2022-09-28 19:08:00,Female,52,757,3189,China,Guangdong,Shenzhen,fashion,jeans,40,70,3,Google-ads,2022-09-28 19:33:00,True,2022-09-28 19:42:00,Credit Card,2022-09-28 19:36:00,False,,19,28,9,Wednesday,210,30
2022-09-29 18:57:00,Female,51,704,4071,Canada,Quebec,Montreal,fashion,jeans,40,70,4,Twitter-ads,2022-09-29 19:03:00,True,2022-09-29 19:18:00,Cash On Delivery,2022-09-29 19:07:00,False,,18,29,9,Thursday,280,30
2022-09-29 20:18:00,Female,41,706,7386,USA,California,San Diego,toys,board game,20,35,1,Billboard-QR code,2022-09-29 20:47:00,True,2022-09-29 21:01:00,Debit Card,2022-09-29 20:51:00,False,,20,29,9,Thursday,35,15
2022-09-30 12:26:00,Female,26,712,6298,China,Shandong,Qingdao,fashion,jeans,40,70,3,Instagram-ads,2022-09-30 12:32:00,True,2022-09-30 12:43:00,Paypal,2022-09-30 12:34:00,False,,12,30,9,Friday,210,30
2022-09-30 17:19:00,Female,18,727,5345,Canada,Ontario,Ottawa,books,novel,10,18,4,Instagram-ads,2022-09-30 17:26:00,False,,,2022-09-30 17:42:00,,,17,30,9,Friday,72,8
2022-10-01 04:34:00,Female,41,715,4442,Italy,Lombardy,Milan,electronics,hair dryer,25,40,1,E-mails,2022-10-01 04:55:00,True,2022-10-01 05:03:00,Paypal,2022-10-01 04:57:00,True,Arrived Damaged,4,1,10,Saturday,40,15
2022-10-01 19:44:00,Female,35,667,3038,Italy,Lombardy,Bergamo,toys,board game,20,35,2,Google-ads,2022-10-01 19:49:00,True,2022-10-01 19:59:00,Credit Card,2022-10-01 19:51:00,True,Arrived Damaged,19,1,10,Saturday,70,15
2022-10-02 11:58:00,Female,49,682,6473,Italy,Lazio,Frosinone,fashion,jeans,40,70,4,Instagram-ads,2022-10-02 12:27:00,True,2022-10-02 12:35:00,Credit Card,2022-10-02 12:29:00,False,,11,2,10,Sunday,280,30
2022-10-04 15:06:00,Female,37,708,7386,Italy,Lombardy,Brescia,fashion,dress,50,80,5,Billboard-QR code,2022-10-04 15:24:00,True,2022-10-04 15:30:00,Cash On Delivery,2022-10-04 15:29:00,False,,15,4,10,Tuesday,400,30
2022-10-04 23:42:00,Female,40,634,5738,USA,California,San Diego,home appliances,electric stove,250,400,2,Twitter-ads,2022-10-04 23:58:00,True,2022-10-05 00:07:00,Cash On Delivery,2022-10-05 00:03:00,True,Arrived Late,23,4,10,Tuesday,800,150
2022-10-05 05:41:00,Female,27,741,7565,India,Uttar Pradesh,Lucknow,toys,plush toy,12,20,6,Billboard-QR code,2022-10-05 06:04:00,True,2022-10-05 06:14:00,Debit Card,2022-10-05 06:07:00,False,,5,5,10,Wednesday,120,8
2022-10-07 08:40:00,Female,54,700,3389,China,Shandong,Yantai,fashion,t-shirt,15,25,3,E-mails,2022-10-07 09:01:00,True,2022-10-07 09:12:00,Paypal,2022-10-07 09:06:00,False,,8,7,10,Friday,75,10
2022-10-08 02:37:00,Female,71,652,7642,Australia,New South Wales,Newcastle,books,autobiography,20,35,1,Google-ads,2022-10-08 02:46:00,True,2022-10-08 02:58:00,Credit Card,2022-10-08 02:49:00,False,,2,8,10,Saturday,35,15
2022-10-09 02:01:00,Female,66,780,4310,India,Uttar Pradesh,Kanpur,toys,puzzle,15,25,4,Google-ads,2022-10-09 02:07:00,True,2022-10-09 02:19:00,Credit Card,2022-10-09 02:10:00,False,,2,9,10,Sunday,100,10
2022-10-09 10:31:00,Male,32,771,3393,Spain,Andalusia,Granada,electronics,table fan,30,50,6,Twitter-ads,2022-10-09 10:37:00,False,,,2022-10-09 10:46:00,,,10,9,10,Sunday,300,20
2022-10-10 03:53:00,Male,18,657,5920,Canada,Quebec,Montreal,home appliances,toaster,40,60,4,Facebook-ads,2022-10-10 04:07:00,True,2022-10-10 04:22:00,Cash On Delivery,2022-10-10 04:09:00,False,,3,10,10,Monday,240,20
2022-10-10 12:28:00,Male,69,768,4007,China,Guangdong,Guangzhou,electronics,table fan,30,50,4,Instagram-ads,2022-10-10 12:35:00,True,2022-10-10 12:46:00,Paypal,2022-10-10 12:38:00,False,,12,10,10,Monday,200,20
2022-10-12 10:46:00,Female,60,669,3335,China,Guangdong,Guangzhou,toys,plush toy,12,20,6,Instagram-ads,2022-10-12 10:52:00,True,2022-10-12 11:03:00,Debit Card,2022-10-12 10:56:00,True,Arrived Damaged,10,12,10,Wednesday,120,8
2022-10-13 01:55:00,Female,35,613,4948,Canada,Ontario,Toronto,books,autobiography,20,35,3,Google-ads,2022-10-13 02:01:00,False,,,2022-10-13 02:03:00,,,1,13,10,Thursday,105,15
2022-10-15 02:30:00,Female,42,712,7377,China,Shandong,Qingdao,books,textbook,30,50,6,Facebook-ads,2022-10-15 02:36:00,True,2022-10-15 02:41:00,Debit Card,2022-10-15 02:39:00,False,,2,15,10,Saturday,300,20
2022-10-15 09:19:00,Female,69,655,3542,Canada,Quebec,Laval,toys,board game,20,35,2,Facebook-ads,2022-10-15 09:31:00,True,2022-10-15 09:38:00,Paypal,2022-10-15 09:35:00,False,,9,15,10,Saturday,70,15
2022-10-17 13:48:00,Male,20,752,5173,China,Shandong,Qingdao,toys,board game,20,35,1,Billboard-QR code,2022-10-17 14:06:00,True,2022-10-17 14:20:00,Cash On Delivery,2022-10-17 14:08:00,False,,13,17,10,Monday,35,15
2022-10-18 07:07:00,Female,51,670,4510,Italy,Lombardy,Milan,toys,action figure,8,15,3,Twitter-ads,2022-10-18 07:33:00,True,2022-10-18 07:42:00,Cash On Delivery,2022-10-18 07:37:00,False,,7,18,10,Tuesday,45,7
2022-10-19 22:16:00,Male,44,763,3099,Spain,Catalonia,Tarragona,electronics,television,1000,1500,4,Facebook-ads,2022-10-19 22:31:00,False,,,2022-10-19 22:50:00,,,22,19,10,Wednesday,6000,500
2022-10-20 03:51:00,Female,36,660,5350,India,Maharashtra,Nagpur,books,novel,10,18,3,Twitter-ads,2022-10-20 04:05:00,True,2022-10-20 04:11:00,Debit Card,2022-10-20 04:09:00,False,,3,20,10,Thursday,54,8
2022-10-21 18:44:00,Male,69,768,4007,China,Guangdong,Guangzhou,toys,action figure,8,15,3,Instagram-ads,2022-10-21 19:08:00,True,2022-10-21 19:22:00,Credit Card,2022-10-21 19:10:00,False,,18,21,10,Friday,45,7
2022-10-22 05:15:00,Female,68,616,4239,Canada,Quebec,Montreal,toys,plush toy,12,20,3,Google-ads,2022-10-22 05:43:00,True,2022-10-22 05:49:00,Debit Card,2022-10-22 05:46:00,False,,5,22,10,Saturday,60,8
2022-10-22 11:05:00,Male,22,651,6263,Australia,Victoria,Ballarat,fashion,t-shirt,15,25,6,E-mails,2022-10-22 11:33:00,True,2022-10-22 11:38:00,Cash On Delivery,2022-10-22 11:36:00,True,Poor Quality,11,22,10,Saturday,150,10
2022-10-22 20:06:00,Male,65,620,4842,UK,England,Birmingham,books,autobiography,20,35,2,Facebook-ads,2022-10-22 20:35:00,True,2022-10-22 20:40:00,Debit Card,2022-10-22 20:40:00,False,,20,22,10,Saturday,70,15
2022-10-22 21:30:00,Female,23,701,6395,Spain,Andalusia,Malaga,electronics,television,1000,1500,3,Google-ads,2022-10-22 21:57:00,False,,,2022-10-22 21:36:00,,,21,22,10,Saturday,4500,500
2022-10-23 13:37:00,Female,18,730,4842,UK,Scotland,Edinburgh,home appliances,mixer grinder,60,90,2,Facebook-ads,2022-10-23 14:06:00,True,2022-10-23 14:12:00,Cash On Delivery,2022-10-23 14:10:00,False,,13,23,10,Sunday,180,30
2022-10-25 05:03:00,Female,55,718,5527,Italy,Lombardy,Brescia,toys,action figure,8,15,5,Google-ads,2022-10-25 05:23:00,True,2022-10-25 05:34:00,Credit Card,2022-10-25 05:26:00,True,Arrived Late,5,25,10,Tuesday,75,7
2022-10-25 14:48:00,Female,20,628,7171,Canada,Quebec,Montreal,books,textbook,30,50,5,Twitter-ads,2022-10-25 15:16:00,False,,,2022-10-25 15:16:00,,,14,25,10,Tuesday,250,20
2022-10-25 15:37:00,Female,30,677,7599,Spain,Catalonia,Girona,books,autobiography,20,35,2,Billboard-QR code,2022-10-25 16:01:00,True,2022-10-25 16:13:00,Cash On Delivery,2022-10-25 16:06:00,False,,15,25,10,Tuesday,70,15
2022-10-25 16:31:00,Male,41,772,3316,Canada,Ontario,Toronto,electronics,television,1000,1500,2,Facebook-ads,2022-10-25 16:37:00,True,2022-10-25 16:52:00,Paypal,2022-10-25 16:41:00,False,,16,25,10,Tuesday,3000,500
2022-10-25 21:59:00,Female,50,636,3559,Australia,Victoria,Geelong,electronics,table fan,30,50,4,E-mails,2022-10-25 22:26:00,False,,,2022-10-25 22:19:00,,,21,25,10,Tuesday,200,20
2022-10-26 02:07:00,Female,43,656,4662,Japan,Tokyo,Tokyo,fashion,dress,50,80,3,Facebook-ads,2022-10-26 02:19:00,True,2022-10-26 02:25:00,Debit Card,2022-10-26 02:24:00,False,,2,26,10,Wednesday,240,30
2022-10-28 12:12:00,Male,30,620,3307,Australia,New South Wales,Wollongong,electronics,table fan,30,50,5,Facebook-ads,2022-10-28 12:41:00,True,2022-10-28 12:52:00,Credit Card,2022-10-28 12:45:00,True,Arrived Damaged,12,28,10,Friday,250,20
2022-10-30 03:42:00,Male,35,753,3008,Canada,Quebec,Montreal,home appliances,toaster,40,60,3,E-mails,2022-10-30 04:07:00,True,2022-10-30 04:18:00,Paypal,2022-10-30 04:12:00,False,,3,30,10,Sunday,180,20
2022-10-30 23:56:00,Male,65,738,4740,Canada,Ontario,Ottawa,toys,action figure,8,15,6,E-mails,2022-10-31 00:11:00,True,2022-10-31 00:21:00,Credit Card,2022-10-31 00:13:00,False,,23,30,10,Sunday,90,7
2022-10-31 17:00:00,Female,67,685,7921,Italy,Lombardy,Bergamo,electronics,television,1000,1500,6,Google-ads,2022-10-31 17:20:00,True,2022-10-31 17:32:00,Cash On Delivery,2022-10-31 17:23:00,False,,17,31,10,Monday,9000,500
2022-11-01 11:02:00,Male,21,724,4730,UK,Scotland,Edinburgh,books,magazine,5,8,1,Billboard-QR code,2022-11-01 11:13:00,True,2022-11-01 11:25:00,Credit Card,2022-11-01 11:17:00,False,,11,1,11,Tuesday,8,3
2022-11-01 17:40:00,Male,25,739,3085,Australia,New South Wales,Newcastle,home appliances,toaster,40,60,2,Twitter-ads,2022-11-01 18:05:00,True,2022-11-01 18:11:00,Cash On Delivery,2022-11-01 18:10:00,False,,17,1,11,Tuesday,120,20
2022-11-02 09:57:00,Male,51,754,5069,Italy,Lazio,Frosinone,home appliances,mixer grinder,60,90,2,Facebook-ads,2022-11-02 10:27:00,True,2022-11-02 10:38:00,Debit Card,2022-11-02 10:30:00,False,,9,2,11,Wednesday,180,30
2022-11-02 22:45:00,Male,34,686,6178,Canada,Quebec,Quebec City,home appliances,toaster,40,60,1,Instagram-ads,2022-11-02 23:15:00,True,2022-11-02 23:23:00,Cash On Delivery,2022-11-02 23:19:00,False,,22,2,11,Wednesday,60,20
2022-11-03 13:58:00,Female,45,724,5125,Australia,New South Wales,Wollongong,books,magazine,5,8,6,Facebook-ads,2022-11-03 14:08:00,True,2022-11-03 14:19:00,Debit Card,2022-11-03 14:13:00,False,,13,3,11,Thursday,48,3
2022-11-04 11:13:00,Female,54,633,6125,India,Maharashtra,Mumbai,fashion,jeans,40,70,4,E-mails,2022-11-04 11:41:00,True,2022-11-04 11:46:00,Debit Card,2022-11-04 11:43:00,False,,11,4,11,Friday,280,30
2022-11-04 12:32:00,Female,72,778,3800,Italy,Lombardy,Brescia,electronics,laptop,800,1200,6,E-mails,2022-11-04 12:41:00,True,2022-11-04 12:49:00,Credit Card,2022-11-04 12:45:00,False,,12,4,11,Friday,7200,400
2022-11-05 02:01:00,Male,71,614,4179,China,Shandong,Jinan,fashion,dress,50,80,6,Facebook-ads,2022-11-05 02:10:00,False,,,2022-11-05 02:13:00,,,2,5,11,Saturday,480,30
2022-11-07 22:13:00,Female,62,642,4230,Australia,New South Wales,Wollongong,toys,board game,20,35,5,Twitter-ads,2022-11-07 22:23:00,True,2022-11-07 22:32:00,Cash On Delivery,2022-11-07 22:28:00,False,,22,7,11,Monday,175,15
2022-11-08 01:54:00,Male,52,668,5625,India,Uttar Pradesh,Ghaziabad,fashion,dress,50,80,2,Google-ads,2022-11-08 02:00:00,False,,,2022-11-08 02:23:00,,,1,8,11,Tuesday,160,30
2022-11-08 04:04:00,Male,49,748,3049,Italy,Lazio,Frosinone,electronics,table fan,30,50,4,Twitter-ads,2022-11-08 04:22:00,True,2022-11-08 04:30:00,Debit Card,2022-11-08 04:24:00,False,,4,8,11,Tuesday,200,20
2022-11-08 16:11:00,Male,58,741,3790,Italy,Lombardy,Brescia,toys,action figure,8,15,1,Billboard-QR code,2022-11-08 16:32:00,True,2022-11-08 16:46:00,Credit Card,2022-11-08 16:34:00,False,,16,8,11,Tuesday,15,7
2022-11-09 15:15:00,Female,55,755,3990,India,Maharashtra,Mumbai,electronics,laptop,800,1200,4,Billboard-QR code,2022-11-09 15:41:00,True,2022-11-09 15:47:00,Credit Card,2022-11-09 15:44:00,False,,15,9,11,Wednesday,4800,400
2022-11-10 03:32:00,Female,19,780,7959,Spain,Catalonia,Girona,home appliances,mixer grinder,60,90,3,Facebook-ads,2022-11-10 03:41:00,True,2022-11-10 03:49:00,Paypal,2022-11-10 03:46:00,False,,3,10,11,Thursday,270,30
2022-11-10 19:35:00,Male,23,651,5262,Italy,Lombardy,Bergamo,books,novel,10,18,1,Google-ads,2022-11-10 19:59:00,False,,,2022-11-10 20:01:00,,,19,10,11,Thursday,18,8
2022-11-13 20:34:00,Female,38,617,5258,Japan,Kanagawa,Yokohama,electronics,television,1000,1500,5,E-mails,2022-11-13 21:00:00,True,2022-11-13 21:14:00,Credit Card,2022-11-13 21:02:00,False,,20,13,11,Sunday,7500,500
2022-11-13 22:26:00,Female,45,627,7455,India,Maharashtra,Mumbai,electronics,television,1000,1500,1,Facebook-ads,2022-11-13 22:47:00,True,2022-11-13 22:55:00,Credit Card,2022-11-13 22:51:00,False,,22,13,11,Sunday,1500,500
2022-11-15 17:13:00,Female,35,611,3783,Canada,Ontario,Toronto,fashion,dress,50,80,6,Billboard-QR code,2022-11-15 17:26:00,True,2022-11-15 17:32:00,Credit Card,2022-11-15 17:29:00,True,Poor Value,17,15,11,Tuesday,480,30
2022-11-16 00:08:00,Female,25,639,3858,India,Uttar Pradesh,Ghaziabad,toys,puzzle,15,25,3,E-mails,2022-11-16 00:31:00,True,2022-11-16 00:39:00,Paypal,2022-11-16 00:34:00,False,,0,16,11,Wednesday,75,10
2022-11-16 20:48:00,Male,71,754,6991,India,Maharashtra,Nagpur,fashion,shoes,60,100,6,Facebook-ads,2022-11-16 20:53:00,True,2022-11-16 20:58:00,Debit Card,2022-11-16 20:57:00,True,Poor Quality,20,16,11,Wednesday,600,40
2022-11-19 11:03:00,Female,36,754,7513,USA,California,San Jose,fashion,jeans,40,70,5,Google-ads,2022-11-19 11:21:00,False,,,2022-11-19 11:10:00,,,11,19,11,Saturday,350,30
2022-11-21 12:35:00,Female,59,699,5557,UK,Scotland,Glasgow,toys,action figure,8,15,4,Instagram-ads,2022-11-21 13:00:00,True,2022-11-21 13:13:00,Credit Card,2022-11-21 13:04:00,False,,12,21,11,Monday,60,7
2022-11-22 04:48:00,Female,44,694,4336,Canada,Ontario,Mississauga,toys,action figure,8,15,5,Instagram-ads,2022-11-22 05:18:00,True,2022-11-22 05:33:00,Cash On Delivery,2022-11-22 05:22:00,False,,4,22,11,Tuesday,75,7
2022-11-26 07:13:00,Female,22,693,4142,Japan,Kanagawa,Yokohama,fashion,dress,50,80,3,Twitter-ads,2022-11-26 07:32:00,True,2022-11-26 07:38:00,Credit Card,2022-11-26 07:34:00,True,Arrived Damaged,7,26,11,Saturday,240,30
2022-11-26 10:37:00,Female,18,706,7740,UK,England,Birmingham,toys,plush toy,12,20,3,E-mails,2022-11-26 11:07:00,True,2022-11-26 11:18:00,Debit Card,2022-11-26 11:10:00,False,,10,26,11,Saturday,60,8
2022-11-26 14:26:00,Male,55,664,7700,Australia,New South Wales,Sydney,toys,plush toy,12,20,6,Instagram-ads,2022-11-26 14:40:00,False,,,2022-11-26 14:46:00,,,14,26,11,Saturday,120,8
2022-11-27 13:28:00,Female,21,723,7159,UK,England,Manchester,electronics,hair dryer,25,40,3,Google-ads,2022-11-27 13:34:00,True,2022-11-27 13:42:00,Credit Card,2022-11-27 13:38:00,True,Arrived Damaged,13,27,11,Sunday,120,15
2022-11-28 03:21:00,Male,24,741,3974,Canada,Quebec,Laval,toys,plush toy,12,20,4,Facebook-ads,2022-11-28 03:51:00,True,2022-11-28 03:58:00,Credit Card,2022-11-28 03:55:00,False,,3,28,11,Monday,80,8
2022-11-28 06:28:00,Male,19,758,5407,Spain,Catalonia,Barcelona,electronics,table fan,30,50,3,Billboard-QR code,2022-11-28 06:44:00,True,2022-11-28 06:59:00,Paypal,2022-11-28 06:48:00,False,,6,28,11,Monday,150,20
2022-11-28 21:36:00,Female,35,704,4519,Italy,Lazio,Latina,electronics,table fan,30,50,1,Twitter-ads,2022-11-28 21:47:00,True,2022-11-28 21:56:00,Debit Card,2022-11-28 21:49:00,False,,21,28,11,Monday,50,20
2022-11-29 23:02:00,Female,30,666,7258,Italy,Lombardy,Milan,home appliances,electric stove,250,400,3,Instagram-ads,2022-11-29 23:17:00,True,2022-11-29 23:27:00,Debit Card,2022-11-29 23:21:00,False,,23,29,11,Tuesday,1200,150
2022-12-01 08:31:00,Male,47,732,4435,China,Shandong,Qingdao,fashion,shoes,60,100,1,Billboard-QR code,2022-12-01 08:47:00,True,2022-12-01 08:53:00,Debit Card,2022-12-01 08:50:00,False,,8,1,12,Thursday,100,40
2022-12-01 19:33:00,Female,37,613,7297,Australia,New South Wales,Wollongong,home appliances,toaster,40,60,4,E-mails,2022-12-01 19:41:00,True,2022-12-01 19:51:00,Credit Card,2022-12-01 19:45:00,False,,19,1,12,Thursday,240,20
2022-12-02 22:35:00,Female,61,728,3853,Italy,Lazio,Frosinone,fashion,jeans,40,70,2,Instagram-ads,2022-12-02 22:45:00,False,,,2022-12-02 22:40:00,,,22,2,12,Friday,140,30
2022-12-04 18:23:00,Female,67,662,6868,India,Maharashtra,Nagpur,books,magazine,5,8,3,Google-ads,2022-12-04 18:47:00,True,2022-12-04 18:53:00,Debit Card,2022-12-04 18:49:00,False,,18,4,12,Sunday,24,3
2022-12-05 00:30:00,Male,68,683,6807,India,Uttar Pradesh,Kanpur,fashion,t-shirt,15,25,2,Google-ads,2022-12-05 00:37:00,True,2022-12-05 00:45:00,Debit Card,2022-12-05 00:39:00,False,,0,5,12,Monday,50,10
2022-12-06 03:56:00,Male,67,739,3363,India,Maharashtra,Pune,toys,action figure,8,15,6,Instagram-ads,2022-12-06 04:24:00,True,2022-12-06 04:34:00,Credit Card,2022-12-06 04:26:00,False,,3,6,12,Tuesday,90,7
2022-12-07 07:31:00,Female,35,611,3783,Canada,Ontario,Toronto,electronics,hair dryer,25,40,6,Instagram-ads,2022-12-07 07:38:00,True,2022-12-07 07:49:00,Cash On Delivery,2022-12-07 07:42:00,False,,7,7,12,Wednesday,240,15
2022-12-07 15:48:00,Male,72,730,4621,Japan,Kanagawa,Yokohama,fashion,dress,50,80,1,Billboard-QR code,2022-12-07 15:54:00,True,2022-12-07 16:05:00,Paypal,2022-12-07 15:57:00,False,,15,7,12,Wednesday,80,30
2022-12-09 06:06:00,Male,71,626,7763,USA,California,San Jose,toys,action figure,8,15,4,E-mails,2022-12-09 06:24:00,True,2022-12-09 06:30:00,Credit Card,2022-12-09 06:27:00,False,,6,9,12,Friday,60,7
2022-12-09 10:09:00,Male,55,621,7531,Japan,Tokyo,Yokohama,fashion,shoes,60,100,4,Twitter-ads,2022-12-09 10:23:00,True,2022-12-09 10:35:00,Credit Card,2022-12-09 10:25:00,False,,10,9,12,Friday,400,40
2022-12-11 04:01:00,Female,37,765,7219,UK,England,Manchester,toys,plush toy,12,20,3,Facebook-ads,2022-12-11 04:10:00,True,2022-12-11 04:23:00,Paypal,2022-12-11 04:15:00,False,,4,11,12,Sunday,60,8
2022-12-11 06:21:00,Male,41,658,5841,Australia,New South Wales,Sydney,fashion,dress,50,80,2,Facebook-ads,2022-12-11 06:50:00,True,2022-12-11 06:55:00,Debit Card,2022-12-11 06:54:00,False,,6,11,12,Sunday,160,30
2022-12-11 06:23:00,Female,56,675,3481,USA,California,San Jose,toys,action figure,8,15,2,E-mails,2022-12-11 06:40:00,True,2022-12-11 06:53:00,Cash On Delivery,2022-12-11 06:45:00,False,,6,11,12,Sunday,30,7
2022-12-11 08:59:00,Female,23,769,7793,USA,Texas,Dallas,home appliances,mixer grinder,60,90,4,Twitter-ads,2022-12-11 09:24:00,True,2022-12-11 09:34:00,Cash On Delivery,2022-12-11 09:28:00,False,,8,11,12,Sunday,360,30
2022-12-12 00:45:00,Male,33,639,5439,China,Shandong,Yantai,toys,plush toy,12,20,5,Google-ads,2022-12-12 00:54:00,True,2022-12-12 01:08:00,Debit Card,2022-12-12 00:56:00,False,,0,12,12,Monday,100,8
2022-12-12 09:05:00,Female,22,760,6633,Japan,Tokyo,Tokyo,electronics,hair dryer,25,40,2,Facebook-ads,2022-12-12 09:15:00,True,2022-12-12 09:28:00,Paypal,2022-12-12 09:20:00,False,,9,12,12,Monday,80,15
2022-12-13 11:39:00,Female,63,705,6055,Australia,Victoria,Melbourne,electronics,laptop,800,1200,1,Twitter-ads,2022-12-13 11:59:00,True,2022-12-13 12:06:00,Paypal,2022-12-13 12:02:00,False,,11,13,12,Tuesday,1200,400
2022-12-13 18:19:00,Female,31,635,6911,USA,Texas,San Antonio,home appliances,electric stove,250,400,4,E-mails,2022-12-13 18:42:00,False,,,2022-12-13 18:44:00,,,18,13,12,Tuesday,1600,150
2022-12-14 18:03:00,Female,68,614,7217,UK,England,Birmingham,home appliances,toaster,40,60,6,Google-ads,2022-12-14 18:18:00,True,2022-12-14 18:28:00,Credit Card,2022-12-14 18:21:00,True,Poor Value,18,14,12,Wednesday,360,20
2022-12-16 14:22:00,Male,37,676,5397,USA,California,San Jose,home appliances,microwave oven,300,500,1,Google-ads,2022-12-16 14:42:00,True,2022-12-16 14:47:00,Paypal,2022-12-16 14:46:00,False,,14,16,12,Friday,500,200
2022-12-16 23:18:00,Female,58,674,6494,Canada,Ontario,Mississauga,books,autobiography,20,35,2,Facebook-ads,2022-12-16 23:29:00,True,2022-12-16 23:38:00,Debit Card,2022-12-16 23:34:00,False,,23,16,12,Friday,70,15
2022-12-17 18:13:00,Female,47,694,6843,Italy,Lazio,Latina,fashion,t-shirt,15,25,4,Facebook-ads,2022-12-17 18:26:00,True,2022-12-17 18:37:00,Cash On Delivery,2022-12-17 18:28:00,False,,18,17,12,Saturday,100,10
2022-12-18 09:08:00,Male,68,667,7542,Australia,New South Wales,Wollongong,home appliances,microwave oven,300,500,1,Twitter-ads,2022-12-18 09:38:00,True,2022-12-18 09:43:00,Credit Card,2022-12-18 09:43:00,False,,9,18,12,Sunday,500,200
2022-12-18 11:10:00,Female,30,692,3329,Australia,New South Wales,Sydney,toys,action figure,8,15,1,E-mails,2022-12-18 11:25:00,True,2022-12-18 11:35:00,Debit Card,2022-12-18 11:29:00,False,,11,18,12,Sunday,15,7
2022-12-19 02:57:00,Female,34,692,6617,UK,Scotland,Edinburgh,fashion,jeans,40,70,3,Facebook-ads,2022-12-19 03:03:00,True,2022-12-19 03:15:00,Debit Card,2022-12-19 03:07:00,False,,2,19,12,Monday,210,30
2022-12-19 14:08:00,Male,66,740,6364,Spain,Andalusia,Malaga,books,magazine,5,8,2,Twitter-ads,2022-12-19 14:30:00,True,2022-12-19 14:39:00,Debit Card,2022-12-19 14:34:00,False,,14,19,12,Monday,16,3
2022-12-20 22:56:00,Female,53,702,4909,USA,Texas,Houston,home appliances,microwave oven,300,500,6,Billboard-QR code,2022-12-20 23:17:00,False,,,2022-12-20 23:22:00,,,22,20,12,Tuesday,3000,200
2022-12-21 05:54:00,Female,44,639,6112,USA,California,Los Angeles,electronics,television,1000,1500,4,Instagram-ads,2022-12-21 06:21:00,True,2022-12-21 06:30:00,Debit Card,2022-12-21 06:25:00,False,,5,21,12,Wednesday,6000,500
2022-12-22 13:38:00,Female,35,637,5270,Japan,Kanagawa,Kawasaki,home appliances,electric stove,250,400,6,Twitter-ads,2022-12-22 14:02:00,True,2022-12-22 14:17:00,Credit Card,2022-12-22 14:07:00,True,Poor Value,13,22,12,Thursday,2400,150
2022-12-23 09:43:00,Male,27,655,5990,China,Shandong,Qingdao,fashion,shoes,60,100,2,Facebook-ads,2022-12-23 09:53:00,True,2022-12-23 10:02:00,Debit Card,2022-12-23 09:55:00,True,Poor Quality,9,23,12,Friday,200,40
2022-12-23 13:55:00,Female,38,603,4768,UK,Scotland,Edinburgh,home appliances,toaster,40,60,1,Billboard-QR code,2022-12-23 14:04:00,True,2022-12-23 14:14:00,Credit Card,2022-12-23 14:07:00,False,,13,23,12,Friday,60,20
2022-12-23 15:00:00,Male,33,774,3331,Australia,Victoria,Geelong,fashion,shoes,60,100,1,E-mails,2022-12-23 15:19:00,False,,,2022-12-23 15:40:00,,,15,23,12,Friday,100,40
2022-12-23 18:07:00,Male,57,780,7591,China,Guangdong,Dongguan,books,novel,10,18,4,E-mails,2022-12-23 18:18:00,True,2022-12-23 18:32:00,Paypal,2022-12-23 18:20:00,False,,18,23,12,Friday,72,8
2022-12-24 19:03:00,Female,19,605,3010,China,Guangdong,Shenzhen,toys,board game,20,35,1,Billboard-QR code,2022-12-24 19:30:00,True,2022-12-24 19:45:00,Debit Card,2022-12-24 19:35:00,False,,19,24,12,Saturday,35,15
2022-12-25 11:26:00,Male,40,732,7810,China,Guangdong,Guangzhou,toys,plush toy,12,20,4,Instagram-ads,2022-12-25 11:54:00,True,2022-12-25 12:04:00,Debit Card,2022-12-25 11:57:00,False,,11,25,12,Sunday,80,8
2022-12-25 17:44:00,Male,54,700,6528,UK,Scotland,Glasgow,fashion,shoes,60,100,5,Google-ads,2022-12-25 17:57:00,True,2022-12-25 18:07:00,Credit Card,2022-12-25 18:00:00,False,,17,25,12,Sunday,500,40
2022-12-26 18:52:00,Male,20,724,4879,Canada,Ontario,Toronto,books,autobiography,20,35,1,Instagram-ads,2022-12-26 19:14:00,True,2022-12-26 19:27:00,Paypal,2022-12-26 19:17:00,False,,18,26,12,Monday,35,15
2022-12-28 00:59:00,Male,44,633,3415,Australia,New South Wales,Wollongong,electronics,table fan,30,50,1,Twitter-ads,2022-12-28 01:06:00,True,2022-12-28 01:17:00,Credit Card,2022-12-28 01:08:00,False,,0,28,12,Wednesday,50,20
2022-12-29 01:18:00,Male,37,771,3436,Canada,Ontario,Ottawa,home appliances,microwave oven,300,500,6,Facebook-ads,2022-12-29 01:36:00,True,2022-12-29 01:48:00,Paypal,2022-12-29 01:38:00,False,,1,29,12,Thursday,3000,200
2022-12-29 04:03:00,Female,36,700,4538,UK,England,Manchester,fashion,jeans,40,70,1,E-mails,2022-12-29 04:29:00,True,2022-12-29 04:34:00,Credit Card,2022-12-29 04:31:00,False,,4,29,12,Thursday,70,30
2022-12-29 15:23:00,Male,68,608,3252,Australia,Victoria,Geelong,home appliances,electric stove,250,400,4,Twitter-ads,2022-12-29 15:50:00,True,2022-12-29 16:04:00,Credit Card,2022-12-29 15:52:00,False,,15,29,12,Thursday,1600,150
2022-12-30 14:32:00,Male,31,692,7702,USA,California,San Jose,toys,board game,20,35,6,Instagram-ads,2022-12-30 14:51:00,True,2022-12-30 14:56:00,Debit Card,2022-12-30 14:56:00,False,,14,30,12,Friday,210,15
2023-01-01 15:34:00,Female,60,669,3335,China,Guangdong,Guangzhou,fashion,jeans,40,70,3,E-mails,2023-01-01 15:41:00,True,2023-01-01 15:46:00,Credit Card,2023-01-01 15:45:00,False,,15,1,1,Sunday,210,30
2023-01-02 09:12:00,Male,45,636,6164,Canada,Ontario,Mississauga,books,magazine,5,8,1,Billboard-QR code,2023-01-02 09:41:00,True,2023-01-02 09:48:00,Paypal,2023-01-02 09:45:00,False,,9,2,1,Monday,8,3
2023-01-02 20:50:00,Male,27,655,5990,China,Shandong,Qingdao,books,autobiography,20,35,1,Instagram-ads,2023-01-02 20:56:00,True,2023-01-02 21:07:00,Debit Card,2023-01-02 21:00:00,False,,20,2,1,Monday,35,15
2023-01-03 12:15:00,Female,19,608,6131,Australia,New South Wales,Newcastle,books,magazine,5,8,3,Google-ads,2023-01-03 12:33:00,True,2023-01-03 12:46:00,Debit Card,2023-01-03 12:37:00,False,,12,3,1,Tuesday,24,3
2023-01-04 09:50:00,Male,42,718,5463,Canada,Quebec,Laval,fashion,jeans,40,70,4,Google-ads,2023-01-04 10:11:00,True,2023-01-04 10:18:00,Paypal,2023-01-04 10:13:00,False,,9,4,1,Wednesday,280,30
2023-01-04 14:32:00,Female,27,663,4572,Canada,Ontario,Toronto,toys,action figure,8,15,6,Facebook-ads,2023-01-04 14:48:00,False,,,2023-01-04 15:03:00,,,14,4,1,Wednesday,90,7
2023-01-05 13:48:00,Male,48,680,6754,Canada,Ontario,Ottawa,fashion,t-shirt,15,25,6,Twitter-ads,2023-01-05 13:54:00,True,2023-01-05 14:06:00,Credit Card,2023-01-05 13:59:00,False,,13,5,1,Thursday,150,10
2023-01-05 21:03:00,Male,38,677,7322,Italy,Lombardy,Brescia,home appliances,microwave oven,300,500,3,Facebook-ads,2023-01-05 21:20:00,True,2023-01-05 21:35:00,Paypal,2023-01-05 21:25:00,False,,21,5,1,Thursday,1500,200
2023-01-06 13:01:00,Male,34,776,6761,USA,California,San Diego,fashion,dress,50,80,6,Instagram-ads,2023-01-06 13:08:00,True,2023-01-06 13:22:00,Debit Card,2023-01-06 13:10:00,False,,13,6,1,Friday,480,30
2023-01-07 04:43:00,Female,62,642,4230,Australia,New South Wales,Wollongong,fashion,dress,50,80,1,Google-ads,2023-01-07 05:11:00,True,2023-01-07 05:19:00,Debit Card,2023-01-07 05:14:00,False,,4,7,1,Saturday,80,30
2023-01-07 23:37:00,Male,63,636,7287,Italy,Lazio,Rome,fashion,jeans,40,70,5,Billboard-QR code,2023-01-07 23:43:00,True,2023-01-07 23:48:00,Cash On Delivery,2023-01-07 23:45:00,False,,23,7,1,Saturday,350,30
2023-01-09 17:15:00,Female,38,644,7810,USA,California,Los Angeles,toys,board game,20,35,2,E-mails,2023-01-09 17:24:00,True,2023-01-09 17:29:00,Cash On Delivery,2023-01-09 17:28:00,False,,17,9,1,Monday,70,15
2023-01-10 02:44:00,Male,25,739,3085,Australia,New South Wales,Newcastle,fashion,t-shirt,15,25,5,Twitter-ads,2023-01-10 03:05:00,True,2023-01-10 03:13:00,Debit Card,2023-01-10 03:07:00,True,Arrived Late,2,10,1,Tuesday,125,10
2023-01-10 20:23:00,Female,31,614,6303,UK,England,London,toys,action figure,8,15,1,Billboard-QR code,2023-01-10 20:28:00,True,2023-01-10 20:33:00,Credit Card,2023-01-10 20:33:00,False,,20,10,1,Tuesday,15,7
2023-01-11 11:26:00,Male,72,777,6903,Canada,Ontario,Mississauga,electronics,table fan,30,50,2,Google-ads,2023-01-11 11:45:00,True,2023-01-11 11:59:00,Credit Card,2023-01-11 11:50:00,False,,11,11,1,Wednesday,100,20
2023-01-13 12:25:00,Male,36,689,7791,UK,Scotland,Edinburgh,electronics,television,1000,1500,3,Instagram-ads,2023-01-13 12:41:00,True,2023-01-13 12:53:00,Cash On Delivery,2023-01-13 12:45:00,False,,12,13,1,Friday,4500,500
2023-01-15 06:43:00,Female,55,755,3990,India,Maharashtra,Mumbai,electronics,television,1000,1500,2,Google-ads,2023-01-15 07:06:00,False,,,2023-01-15 06:51:00,,,6,15,1,Sunday,3000,500
2023-01-15 11:03:00,Male,24,610,3876,China,Shandong,Yantai,electronics,table fan,30,50,5,Google-ads,2023-01-15 11:11:00,False,,,2023-01-15 11:41:00,,,11,15,1,Sunday,250,20
2023-01-15 15:01:00,Male,56,691,7343,China,Guangdong,Dongguan,home appliances,mixer grinder,60,90,4,Google-ads,2023-01-15 15:20:00,False,,,2023-01-15 15:05:00,,,15,15,1,Sunday,360,30
2023-01-16 18:17:00,Female,31,731,3343,USA,Texas,San Antonio,fashion,dress,50,80,1,E-mails,2023-01-16 18:42:00,True,2023-01-16 18:57:00,Cash On Delivery,2023-01-16 18:46:00,False,,18,16,1,Monday,80,30
2023-01-17 16:27:00,Male,71,680,4795,China,Guangdong,Shenzhen,fashion,jeans,40,70,4,Billboard-QR code,2023-01-17 16:37:00,True,2023-01-17 16:49:00,Debit Card,2023-01-17 16:40:00,False,,16,17,1,Tuesday,280,30
2023-01-19 12:03:00,Male,18,775,6613,Spain,Catalonia,Barcelona,toys,puzzle,15,25,1,Google-ads,2023-01-19 12:19:00,True,2023-01-19 12:29:00,Debit Card,2023-01-19 12:23:00,False,,12,19,1,Thursday,25,10
2023-01-20 03:08:00,Female,33,759,5707,Italy,Lombardy,Milan,fashion,shoes,60,100,1,Facebook-ads,2023-01-20 03:31:00,True,2023-01-20 03:44:00,Debit Card,2023-01-20 03:36:00,True,Poor Value,3,20,1,Friday,100,40
2023-01-22 14:21:00,Male,71,714,5622,China,Guangdong,Shenzhen,electronics,hair dryer,25,40,6,Billboard-QR code,2023-01-22 14:49:00,True,2023-01-22 15:02:00,Paypal,2023-01-22 14:51:00,True,Arrived Late,14,22,1,Sunday,240,15
2023-01-22 15:58:00,Female,41,726,7549,UK,Scotland,Aberdeen,electronics,table fan,30,50,3,Instagram-ads,2023-01-22 16:25:00,True,2023-01-22 16:35:00,Credit Card,2023-01-22 16:27:00,False,,15,22,1,Sunday,150,20
2023-01-23 10:17:00,Female,20,663,6911,India,Maharashtra,Nagpur,fashion,t-shirt,15,25,4,E-mails,2023-01-23 10:46:00,True,2023-01-23 10:59:00,Cash On Delivery,2023-01-23 10:48:00,False,,10,23,1,Monday,100,10
2023-01-24 01:00:00,Male,47,670,6578,India,Maharashtra,Pune,toys,plush toy,12,20,6,Billboard-QR code,2023-01-24 01:09:00,True,2023-01-24 01:15:00,Cash On Delivery,2023-01-24 01:12:00,False,,1,24,1,Tuesday,120,8
2023-01-24 14:52:00,Female,21,627,3322,UK,Scotland,Glasgow,fashion,shoes,60,100,4,Twitter-ads,2023-01-24 15:08:00,True,2023-01-24 15:20:00,Credit Card,2023-01-24 15:12:00,False,,14,24,1,Tuesday,400,40
2023-01-25 10:30:00,Male,20,759,5850,China,Shandong,Yantai,toys,board game,20,35,5,E-mails,2023-01-25 10:35:00,True,2023-01-25 10:50:00,Cash On Delivery,2023-01-25 10:37:00,False,,10,25,1,Wednesday,175,15
2023-01-25 15:10:00,Female,46,643,3074,India,Maharashtra,Mumbai,electronics,table fan,30,50,3,Google-ads,2023-01-25 15:37:00,True,2023-01-25 15:42:00,Credit Card,2023-01-25 15:39:00,False,,15,25,1,Wednesday,150,20
2023-01-31 02:32:00,Female,29,610,6551,China,Guangdong,Guangzhou,electronics,table fan,30,50,1,Facebook-ads,2023-01-31 02:53:00,True,2023-01-31 03:03:00,Credit Card,2023-01-31 02:56:00,True,Arrived Late,2,31,1,Tuesday,50,20
2023-01-31 07:11:00,Male,33,721,7553,India,Maharashtra,Mumbai,electronics,television,1000,1500,6,Facebook-ads,2023-01-31 07:20:00,False,,,2023-01-31 07:39:00,,,7,31,1,Tuesday,9000,500
2023-02-02 19:16:00,Male,41,658,5841,Australia,New South Wales,Sydney,electronics,hair dryer,25,40,3,Instagram-ads,2023-02-02 19:30:00,True,2023-02-02 19:41:00,Credit Card,2023-02-02 19:32:00,False,,19,2,2,Thursday,120,15
2023-02-02 19:46:00,Male,34,779,6779,India,Maharashtra,Nagpur,books,autobiography,20,35,3,E-mails,2023-02-02 19:51:00,True,2023-02-02 19:59:00,Credit Card,2023-02-02 19:56:00,False,,19,2,2,Thursday,105,15
2023-02-03 11:24:00,Female,59,724,5659,Italy,Lombardy,Brescia,fashion,shoes,60,100,6,Facebook-ads,2023-02-03 11:36:00,True,2023-02-03 11:41:00,Paypal,2023-02-03 11:39:00,False,,11,3,2,Friday,600,40
2023-02-04 01:11:00,Female,52,720,6326,Australia,Victoria,Ballarat,fashion,dress,50,80,3,Twitter-ads,2023-02-04 01:17:00,True,2023-02-04 01:28:00,Paypal,2023-02-04 01:22:00,False,,1,4,2,Saturday,240,30
2023-02-05 07:39:00,Male,50,651,7429,Spain,Andalusia,Seville,books,magazine,5,8,6,E-mails,2023-02-05 08:06:00,True,2023-02-05 08:17:00,Debit Card,2023-02-05 08:11:00,False,,7,5,2,Sunday,48,3
2023-02-06 22:36:00,Female,57,632,5969,Italy,Lazio,Latina,home appliances,toaster,40,60,5,Instagram-ads,2023-02-06 22:59:00,True,2023-02-06 23:09:00,Cash On Delivery,2023-02-06 23:04:00,False,,22,6,2,Monday,300,20
2023-02-09 01:28:00,Female,38,683,5255,Australia,New South Wales,Newcastle,books,textbook,30,50,4,Billboard-QR code,2023-02-09 01:51:00,True,2023-02-09 01:58:00,Credit Card,2023-02-09 01:55:00,True,Poor Quality,1,9,2,Thursday,200,20
2023-02-10 06:07:00,Female,48,753,4769,Spain,Andalusia,Seville,home appliances,microwave oven,300,500,6,E-mails,2023-02-10 06:20:00,True,2023-02-10 06:27:00,Cash On Delivery,2023-02-10 06:24:00,True,Poor Quality,6,10,2,Friday,3000,200
2023-02-11 01:21:00,Male,42,727,5335,China,Guangdong,Shenzhen,electronics,laptop,800,1200,5,Billboard-QR code,2023-02-11 01:29:00,True,2023-02-11 01:39:00,Debit Card,2023-02-11 01:33:00,True,Wrong Item,1,11,2,Saturday,6000,400
2023-02-11 07:01:00,Female,38,695,5027,China,Guangdong,Guangzhou,electronics,laptop,800,1200,4,Google-ads,2023-02-11 07:10:00,True,2023-02-11 07:16:00,Paypal,2023-02-11 07:14:00,False,,7,11,2,Saturday,4800,400
2023-02-11 23:48:00,Male,43,622,4981,Canada,Ontario,Mississauga,electronics,hair dryer,25,40,1,Google-ads,2023-02-12 00:17:00,True,2023-02-12 00:31:00,Credit Card,2023-02-12 00:21:00,False,,23,11,2,Saturday,40,15
2023-02-12 01:09:00,Male,36,621,3864,Japan,Kanagawa,Kawasaki,electronics,table fan,30,50,5,E-mails,2023-02-12 01:19:00,True,2023-02-12 01:31:00,Cash On Delivery,2023-02-12 01:23:00,False,,1,12,2,Sunday,250,20
2023-02-15 21:50:00,Male,43,641,7480,India,Maharashtra,Nagpur,toys,action figure,8,15,3,Instagram-ads,2023-02-15 22:14:00,True,2023-02-15 22:26:00,Credit Card,2023-02-15 22:18:00,True,Arrived Damaged,21,15,2,Wednesday,45,7
2023-02-16 07:33:00,Female,27,696,5728,Canada,Quebec,Quebec City,fashion,jeans,40,70,1,Billboard-QR code,2023-02-16 07:48:00,True,2023-02-16 07:58:00,Cash On Delivery,2023-02-16 07:52:00,True,Poor Value,7,16,2,Thursday,70,30
2023-02-16 14:23:00,Female,22,658,3642,Spain,Andalusia,Malaga,fashion,shoes,60,100,2,Twitter-ads,2023-02-16 14:41:00,True,2023-02-16 14:47:00,Debit Card,2023-02-16 14:45:00,False,,14,16,2,Thursday,200,40
2023-02-17 06:51:00,Male,54,674,7834,Canada,Ontario,Toronto,home appliances,electric stove,250,400,5,Google-ads,2023-02-17 07:02:00,True,2023-02-17 07:17:00,Credit Card,2023-02-17 07:04:00,False,,6,17,2,Friday,2000,150
2023-02-17 09:19:00,Male,64,625,7056,USA,Texas,Dallas,toys,board game,20,35,4,Google-ads,2023-02-17 09:28:00,True,2023-02-17 09:41:00,Debit Card,2023-02-17 09:31:00,False,,9,17,2,Friday,140,15
2023-02-19 06:46:00,Male,42,742,3963,Canada,Ontario,Toronto,fashion,t-shirt,15,25,5,Twitter-ads,2023-02-19 06:55:00,True,2023-02-19 07:01:00,Debit Card,2023-02-19 06:58:00,False,,6,19,2,Sunday,125,10
2023-02-21 15:19:00,Male,35,714,5146,Canada,Quebec,Quebec City,toys,board game,20,35,6,Billboard-QR code,2023-02-21 15:28:00,True,2023-02-21 15:38:00,Credit Card,2023-02-21 15:31:00,True,Poor Quality,15,21,2,Tuesday,210,15
2023-02-21 15:54:00,Male,36,727,3778,Japan,Tokyo,Yokohama,fashion,jeans,40,70,1,Billboard-QR code,2023-02-21 16:03:00,True,2023-02-21 16:15:00,Debit Card,2023-02-21 16:06:00,False,,15,21,2,Tuesday,70,30
2023-02-23 08:49:00,Female,55,688,6813,Australia,New South Wales,Wollongong,fashion,jeans,40,70,3,Billboard-QR code,2023-02-23 09:10:00,True,2023-02-23 09:15:00,Debit Card,2023-02-23 09:12:00,False,,8,23,2,Thursday,210,30
2023-02-24 05:25:00,Female,59,756,7420,Italy,Lazio,Latina,fashion,shoes,60,100,4,Google-ads,2023-02-24 05:55:00,True,2023-02-24 06:09:00,Debit Card,2023-02-24 05:58:00,True,Wrong Item,5,24,2,Friday,400,40
2023-02-25 15:38:00,Male,32,638,7958,Italy,Lombardy,Bergamo,books,novel,10,18,4,Google-ads,2023-02-25 16:03:00,False,,,2023-02-25 15:44:00,,,15,25,2,Saturday,72,8
2023-02-27 01:00:00,Male,48,680,6754,Canada,Ontario,Ottawa,home appliances,toaster,40,60,2,Instagram-ads,2023-02-27 01:05:00,True,2023-02-27 01:15:00,Debit Card,2023-02-27 01:10:00,False,,1,27,2,Monday,120,20
2023-02-28 06:47:00,Female,60,636,3476,Canada,Quebec,Laval,fashion,jeans,40,70,6,Google-ads,2023-02-28 06:55:00,True,2023-02-28 07:01:00,Paypal,2023-02-28 06:57:00,False,,6,28,2,Tuesday,420,30
2023-02-28 09:28:00,Female,59,764,5906,Australia,Victoria,Melbourne,fashion,dress,50,80,3,E-mails,2023-02-28 09:53:00,False,,,2023-02-28 10:01:00,,,9,28,2,Tuesday,240,30
2023-03-02 00:30:00,Male,33,697,7665,India,Maharashtra,Mumbai,books,textbook,30,50,6,Twitter-ads,2023-03-02 00:46:00,True,2023-03-02 00:52:00,Credit Card,2023-03-02 00:50:00,False,,0,2,3,Thursday,300,20
2023-03-02 08:36:00,Male,49,695,4634,Spain,Andalusia,Malaga,books,autobiography,20,35,3,Billboard-QR code,2023-03-02 08:43:00,True,2023-03-02 08:51:00,Credit Card,2023-03-02 08:45:00,True,Wrong Item,8,2,3,Thursday,105,15
2023-03-02 19:00:00,Male,64,685,3707,China,Guangdong,Dongguan,books,autobiography,20,35,6,Twitter-ads,2023-03-02 19:15:00,True,2023-03-02 19:30:00,Credit Card,2023-03-02 19:17:00,False,,19,2,3,Thursday,210,15
2023-03-03 17:20:00,Male,71,729,6150,UK,England,London,toys,board game,20,35,4,Google-ads,2023-03-03 17:27:00,True,2023-03-03 17:36:00,Credit Card,2023-03-03 17:31:00,False,,17,3,3,Friday,140,15
2023-03-05 22:05:00,Female,61,607,6496,India,Maharashtra,Pune,books,textbook,30,50,6,Billboard-QR code,2023-03-05 22:13:00,True,2023-03-05 22:18:00,Credit Card,2023-03-05 22:17:00,False,,22,5,3,Sunday,300,20
2023-03-06 01:55:00,Male,19,674,3617,Spain,Andalusia,Malaga,books,novel,10,18,1,Google-ads,2023-03-06 02:25:00,True,2023-03-06 02:40:00,Debit Card,2023-03-06 02:30:00,True,Arrived Late,1,6,3,Monday,18,8
2023-03-07 16:07:00,Male,30,670,7297,UK,Scotland,Glasgow,fashion,jeans,40,70,2,Instagram-ads,2023-03-07 16:25:00,False,,,2023-03-07 16:42:00,,,16,7,3,Tuesday,140,30
2023-03-07 20:42:00,Female,64,613,5036,Australia,Victoria,Melbourne,toys,board game,20,35,2,Facebook-ads,2023-03-07 21:06:00,False,,,2023-03-07 20:56:00,,,20,7,3,Tuesday,70,15
2023-03-09 13:35:00,Male,24,723,7440,UK,Scotland,Aberdeen,fashion,jeans,40,70,4,Instagram-ads,2023-03-09 13:47:00,True,2023-03-09 14:02:00,Credit Card,2023-03-09 13:49:00,False,,13,9,3,Thursday,280,30
2023-03-11 02:59:00,Female,69,640,3757,Japan,Kanagawa,Kawasaki,toys,action figure,8,15,2,Google-ads,2023-03-11 03:22:00,True,2023-03-11 03:33:00,Cash On Delivery,2023-03-11 03:27:00,False,,2,11,3,Saturday,30,7
2023-03-11 18:28:00,Male,39,759,4072,UK,Scotland,Aberdeen,books,autobiography,20,35,4,Twitter-ads,2023-03-11 18:54:00,True,2023-03-11 19:05:00,Cash On Delivery,2023-03-11 18:58:00,False,,18,11,3,Saturday,140,15
2023-03-11 21:04:00,Male,67,664,3084,India,Uttar Pradesh,Kanpur,books,textbook,30,50,6,E-mails,2023-03-11 21:15:00,True,2023-03-11 21:23:00,Debit Card,2023-03-11 21:18:00,False,,21,11,3,Saturday,300,20
2023-03-11 22:58:00,Male,43,760,4721,India,Uttar Pradesh,Lucknow,books,magazine,5,8,1,Google-ads,2023-03-11 23:26:00,True,2023-03-11 23:33:00,Credit Card,2023-03-11 23:30:00,False,,22,11,3,Saturday,8,3
2023-03-13 20:08:00,Male,33,677,5535,India,Uttar Pradesh,Kanpur,fashion,shoes,60,100,4,Facebook-ads,2023-03-13 20:16:00,True,2023-03-13 20:31:00,Cash On Delivery,2023-03-13 20:21:00,False,,20,13,3,Monday,400,40
2023-03-14 08:05:00,Male,67,667,5145,Spain,Catalonia,Tarragona,electronics,table fan,30,50,1,Billboard-QR code,2023-03-14 08:35:00,True,2023-03-14 08:49:00,Cash On Delivery,2023-03-14 08:39:00,False,,8,14,3,Tuesday,50,20
2023-03-14 13:38:00,Female,19,608,6131,Australia,New South Wales,Newcastle,books,textbook,30,50,4,Billboard-QR code,2023-03-14 14:06:00,True,2023-03-14 14:14:00,Paypal,2023-03-14 14:08:00,False,,13,14,3,Tuesday,200,20
2023-03-15 17:45:00,Male,33,746,4010,China,Shandong,Qingdao,electronics,table fan,30,50,3,Instagram-ads,2023-03-15 18:14:00,True,2023-03-15 18:24:00,Credit Card,2023-03-15 18:17:00,False,,17,15,3,Wednesday,150,20
2023-03-16 22:24:00,Female,24,659,6718,Canada,Quebec,Montreal,books,magazine,5,8,4,Twitter-ads,2023-03-16 22:37:00,False,,,2023-03-16 22:50:00,,,22,16,3,Thursday,32,3
2023-03-17 11:04:00,Female,22,720,3415,China,Shandong,Qingdao,electronics,television,1000,1500,5,Twitter-ads,2023-03-17 11:21:00,True,2023-03-17 11:33:00,Credit Card,2023-03-17 11:26:00,False,,11,17,3,Friday,7500,500
2023-03-17 13:02:00,Female,72,665,5272,USA,Texas,Dallas,books,textbook,30,50,4,Twitter-ads,2023-03-17 13:15:00,True,2023-03-17 13:27:00,Debit Card,2023-03-17 13:20:00,False,,13,17,3,Friday,200,20
2023-03-17 19:48:00,Female,59,644,3332,China,Guangdong,Guangzhou,home appliances,microwave oven,300,500,6,Google-ads,2023-03-17 20:08:00,True,2023-03-17 20:18:00,Credit Card,2023-03-17 20:12:00,False,,19,17,3,Friday,3000,200
2023-03-18 15:03:00,Female,56,756,3188,UK,England,Birmingham,books,autobiography,20,35,2,Facebook-ads,2023-03-18 15:27:00,True,2023-03-18 15:34:00,Debit Card,2023-03-18 15:31:00,False,,15,18,3,Saturday,70,15
2023-03-19 04:47:00,Female,35,655,3515,India,Maharashtra,Nagpur,toys,puzzle,15,25,1,Twitter-ads,2023-03-19 05:11:00,True,2023-03-19 05:16:00,Cash On Delivery,2023-03-19 05:14:00,False,,4,19,3,Sunday,25,10
2023-03-19 15:31:00,Male,20,752,5173,China,Shandong,Qingdao,toys,puzzle,15,25,3,Billboard-QR code,2023-03-19 15:37:00,True,2023-03-19 15:52:00,Cash On Delivery,2023-03-19 15:40:00,True,Arrived Late,15,19,3,Sunday,75,10
2023-03-23 06:24:00,Male,56,615,3267,Canada,Ontario,Ottawa,home appliances,microwave oven,300,500,6,E-mails,2023-03-23 06:35:00,True,2023-03-23 06:48:00,Credit Card,2023-03-23 06:38:00,False,,6,23,3,Thursday,3000,200
2023-03-23 07:22:00,Male,34,761,5376,Canada,Ontario,Toronto,fashion,shoes,60,100,4,Instagram-ads,2023-03-23 07:46:00,True,2023-03-23 08:01:00,Debit Card,2023-03-23 07:51:00,False,,7,23,3,Thursday,400,40
2023-03-24 05:55:00,Female,68,626,6253,Canada,Quebec,Montreal,home appliances,microwave oven,300,500,1,E-mails,2023-03-24 06:09:00,True,2023-03-24 06:19:00,Cash On Delivery,2023-03-24 06:14:00,True,Arrived Damaged,5,24,3,Friday,500,200
2023-03-24 08:38:00,Female,27,747,3489,Italy,Lombardy,Milan,toys,board game,20,35,2,Google-ads,2023-03-24 08:57:00,True,2023-03-24 09:05:00,Cash On Delivery,2023-03-24 08:59:00,False,,8,24,3,Friday,70,15
2023-03-25 09:26:00,Male,59,612,6503,India,Maharashtra,Pune,electronics,television,1000,1500,6,E-mails,2023-03-25 09:51:00,True,2023-03-25 09:56:00,Cash On Delivery,2023-03-25 09:53:00,False,,9,25,3,Saturday,9000,500
2023-03-29 22:29:00,Male,37,678,6584,Spain,Andalusia,Malaga,electronics,television,1000,1500,2,Instagram-ads,2023-03-29 22:52:00,True,2023-03-29 22:58:00,Cash On Delivery,2023-03-29 22:57:00,False,,22,29,3,Wednesday,3000,500
2023-03-30 07:51:00,Female,54,693,3056,Italy,Lazio,Latina,electronics,television,1000,1500,6,Google-ads,2023-03-30 08:01:00,True,2023-03-30 08:07:00,Cash On Delivery,2023-03-30 08:06:00,False,,7,30,3,Thursday,9000,500
2023-03-30 23:10:00,Female,72,722,3929,Japan,Tokyo,Tokyo,books,textbook,30,50,1,Google-ads,2023-03-30 23:27:00,False,,,2023-03-30 23:19:00,,,23,30,3,Thursday,50,20
2023-03-31 02:18:00,Male,45,734,4489,India,Maharashtra,Nagpur,books,textbook,30,50,5,Google-ads,2023-03-31 02:46:00,True,2023-03-31 02:51:00,Debit Card,2023-03-31 02:50:00,False,,2,31,3,Friday,250,20
2023-04-01 12:53:00,Male,66,607,5110,India,Uttar Pradesh,Ghaziabad,fashion,dress,50,80,6,Instagram-ads,2023-04-01 13:11:00,True,2023-04-01 13:22:00,Debit Card,2023-04-01 13:13:00,False,,12,1,4,Saturday,480,30
2023-04-01 21:47:00,Male,18,657,5920,Canada,Quebec,Montreal,electronics,television,1000,1500,3,Instagram-ads,2023-04-01 22:03:00,True,2023-04-01 22:09:00,Debit Card,2023-04-01 22:06:00,False,,21,1,4,Saturday,4500,500
2023-04-03 00:09:00,Female,53,702,4909,USA,Texas,Houston,toys,action figure,8,15,6,Facebook-ads,2023-04-03 00:33:00,True,2023-04-03 00:38:00,Cash On Delivery,2023-04-03 00:35:00,False,,0,3,4,Monday,90,7
2023-04-03 15:59:00,Female,71,776,7517,Spain,Catalonia,Barcelona,fashion,jeans,40,70,5,Facebook-ads,2023-04-03 16:11:00,False,,,2023-04-03 16:38:00,,,15,3,4,Monday,350,30
2023-04-04 00:51:00,Female,38,649,7358,Spain,Catalonia,Barcelona,home appliances,toaster,40,60,4,Billboard-QR code,2023-04-04 01:03:00,True,2023-04-04 01:09:00,Debit Card,2023-04-04 01:05:00,False,,0,4,4,Tuesday,240,20
2023-04-04 09:49:00,Female,66,637,5126,UK,England,Birmingham,fashion,dress,50,80,6,Twitter-ads,2023-04-04 10:13:00,True,2023-04-04 10:18:00,Credit Card,2023-04-04 10:15:00,False,,9,4,4,Tuesday,480,30
2023-04-05 13:47:00,Female,36,744,7327,Canada,Ontario,Ottawa,books,novel,10,18,5,E-mails,2023-04-05 13:59:00,True,2023-04-05 14:14:00,Paypal,2023-04-05 14:03:00,False,,13,5,4,Wednesday,90,8
2023-04-06 10:58:00,Male,39,701,5683,Japan,Tokyo,Tokyo,home appliances,mixer grinder,60,90,5,Google-ads,2023-04-06 11:23:00,True,2023-04-06 11:31:00,Credit Card,2023-04-06 11:25:00,True,Poor Value,10,6,4,Thursday,450,30
2023-04-08 18:53:00,Female,62,646,4658,Japan,Tokyo,Tokyo,books,novel,10,18,3,Instagram-ads,2023-04-08 18:58:00,True,2023-04-08 19:08:00,Credit Card,2023-04-08 19:02:00,False,,18,8,4,Saturday,54,8
2023-04-10 02:47:00,Female,45,704,3700,USA,California,San Diego,electronics,television,1000,1500,3,Twitter-ads,2023-04-10 02:54:00,True,2023-04-10 03:02:00,Cash On Delivery,2023-04-10 02:59:00,False,,2,10,4,Monday,4500,500
2023-04-11 19:58:00,Female,70,744,6770,Italy,Lombardy,Brescia,electronics,hair dryer,25,40,2,Instagram-ads,2023-04-11 20:09:00,False,,,2023-04-11 20:20:00,,,19,11,4,Tuesday,80,15
2023-04-15 01:17:00,Female,27,663,4572,Canada,Ontario,Toronto,toys,puzzle,15,25,3,Google-ads,2023-04-15 01:32:00,False,,,2023-04-15 01:54:00,,,1,15,4,Saturday,75,10
2023-04-15 21:36:00,Male,72,633,7751,Italy,Lombardy,Bergamo,books,textbook,30,50,2,E-mails,2023-04-15 21:42:00,True,2023-04-15 21:53:00,Credit Card,2023-04-15 21:46:00,False,,21,15,4,Saturday,100,20
2023-04-16 17:51:00,Male,64,693,4579,Italy,Lombardy,Bergamo,books,autobiography,20,35,1,E-mails,2023-04-16 17:59:00,True,2023-04-16 18:05:00,Debit Card,2023-04-16 18:04:00,False,,17,16,4,Sunday,35,15
2023-04-17 09:33:00,Female,63,728,6387,India,Uttar Pradesh,Lucknow,home appliances,microwave oven,300,500,1,E-mails,2023-04-17 09:44:00,False,,,2023-04-17 09:48:00,,,9,17,4,Monday,500,200
2023-04-17 11:48:00,Female,37,675,4756,Australia,Victoria,Geelong,home appliances,microwave oven,300,500,3,Google-ads,2023-04-17 12:15:00,False,,,2023-04-17 11:55:00,,,11,17,4,Monday,1500,200
2023-04-18 02:09:00,Female,45,704,3700,USA,California,San Diego,fashion,t-shirt,15,25,3,Facebook-ads,2023-04-18 02:36:00,True,2023-04-18 02:49:00,Credit Card,2023-04-18 02:40:00,False,,2,18,4,Tuesday,75,10
2023-04-18 09:16:00,Male,63,724,7588,Canada,Quebec,Quebec City,fashion,t-shirt,15,25,4,E-mails,2023-04-18 09:45:00,False,,,2023-04-18 09:36:00,,,9,18,4,Tuesday,100,10
2023-04-18 20:00:00,Female,43,667,6363,Australia,New South Wales,Wollongong,toys,puzzle,15,25,2,E-mails,2023-04-18 20:12:00,False,,,2023-04-18 20:28:00,,,20,18,4,Tuesday,50,10
2023-04-19 03:58:00,Male,24,779,6915,Canada,Ontario,Ottawa,toys,action figure,8,15,1,Twitter-ads,2023-04-19 04:17:00,False,,,2023-04-19 04:05:00,,,3,19,4,Wednesday,15,7
2023-04-19 04:58:00,Male,19,708,7634,Spain,Andalusia,Granada,toys,puzzle,15,25,1,E-mails,2023-04-19 05:17:00,True,2023-04-19 05:24:00,Credit Card,2023-04-19 05:22:00,False,,4,19,4,Wednesday,25,10
2023-04-20 21:32:00,Female,59,606,6357,Japan,Tokyo,Kawasaki,books,novel,10,18,3,Google-ads,2023-04-20 21:38:00,True,2023-04-20 21:47:00,Cash On Delivery,2023-04-20 21:43:00,False,,21,20,4,Thursday,54,8
2023-04-21 15:53:00,Female,38,695,5027,China,Guangdong,Guangzhou,electronics,table fan,30,50,4,Google-ads,2023-04-21 16:09:00,True,2023-04-21 16:22:00,Debit Card,2023-04-21 16:11:00,False,,15,21,4,Friday,200,20
2023-04-22 14:15:00,Female,27,696,5728,Canada,Quebec,Quebec City,books,textbook,30,50,3,Instagram-ads,2023-04-22 14:28:00,True,2023-04-22 14:36:00,Credit Card,2023-04-22 14:31:00,False,,14,22,4,Saturday,150,20
2023-04-23 08:26:00,Male,31,608,5451,Australia,New South Wales,Sydney,toys,puzzle,15,25,3,Facebook-ads,2023-04-23 08:42:00,True,2023-04-23 08:50:00,Debit Card,2023-04-23 08:46:00,False,,8,23,4,Sunday,75,10
2023-04-24 20:04:00,Male,57,739,6025,Australia,Victoria,Geelong,fashion,t-shirt,15,25,3,Instagram-ads,2023-04-24 20:32:00,True,2023-04-24 20:43:00,Debit Card,2023-04-24 20:34:00,True,Wrong Item,20,24,4,Monday,75,10
2023-04-25 22:18:00,Female,26,677,6586,USA,California,San Jose,toys,plush toy,12,20,1,E-mails,2023-04-25 22:46:00,True,2023-04-25 22:53:00,Credit Card,2023-04-25 22:49:00,False,,22,25,4,Tuesday,20,8
2023-04-26 01:03:00,Male,65,733,4145,India,Uttar Pradesh,Kanpur,books,novel,10,18,4,Billboard-QR code,2023-04-26 01:27:00,True,2023-04-26 01:38:00,Cash On Delivery,2023-04-26 01:30:00,False,,1,26,4,Wednesday,72,8
2023-04-26 12:59:00,Female,37,752,7118,Japan,Kanagawa,Sagamihara,fashion,shoes,60,100,5,Instagram-ads,2023-04-26 13:26:00,True,2023-04-26 13:38:00,Credit Card,2023-04-26 13:28:00,False,,12,26,4,Wednesday,500,40
2023-04-28 00:53:00,Female,59,738,6533,Japan,Tokyo,Yokohama,fashion,t-shirt,15,25,2,Facebook-ads,2023-04-28 01:09:00,True,2023-04-28 01:19:00,Debit Card,2023-04-28 01:12:00,False,,0,28,4,Friday,50,10
2023-04-28 10:43:00,Female,23,672,3349,Italy,Lombardy,Bergamo,home appliances,mixer grinder,60,90,1,E-mails,2023-04-28 10:52:00,False,,,2023-04-28 11:19:00,,,10,28,4,Friday,90,30
2023-04-29 07:15:00,Female,27,672,5140,Japan,Kanagawa,Sagamihara,electronics,hair dryer,25,40,3,Twitter-ads,2023-04-29 07:38:00,True,2023-04-29 07:43:00,Credit Card,2023-04-29 07:43:00,False,,7,29,4,Saturday,120,15
2023-04-29 21:49:00,Male,72,760,3273,Spain,Catalonia,Tarragona,toys,plush toy,12,20,5,Twitter-ads,2023-04-29 22:12:00,True,2023-04-29 22:21:00,Credit Card,2023-04-29 22:14:00,False,,21,29,4,Saturday,100,8
2023-05-01 05:28:00,Male,68,774,4072,Spain,Catalonia,Girona,electronics,table fan,30,50,4,E-mails,2023-05-01 05:47:00,False,,,2023-05-01 05:35:00,,,5,1,5,Monday,200,20
2023-05-02 00:15:00,Male,34,723,3989,Spain,Catalonia,Barcelona,books,magazine,5,8,5,E-mails,2023-05-02 00:31:00,True,2023-05-02 00:43:00,Cash On Delivery,2023-05-02 00:34:00,False,,0,2,5,Tuesday,40,3
2023-05-02 23:10:00,Female,25,689,7734,Canada,Quebec,Quebec City,electronics,laptop,800,1200,2,Instagram-ads,2023-05-02 23:38:00,True,2023-05-02 23:50:00,Paypal,2023-05-02 23:40:00,True,Wrong Item,23,2,5,Tuesday,2400,400
2023-05-03 00:50:00,Female,53,702,4909,USA,Texas,Houston,fashion,t-shirt,15,25,5,Google-ads,2023-05-03 01:02:00,True,2023-05-03 01:07:00,Debit Card,2023-05-03 01:06:00,False,,0,3,5,Wednesday,125,10
2023-05-03 15:23:00,Female,39,620,5930,UK,England,Manchester,fashion,dress,50,80,3,Facebook-ads,2023-05-03 15:31:00,True,2023-05-03 15:38:00,Debit Card,2023-05-03 15:35:00,False,,15,3,5,Wednesday,240,30
2023-05-04 18:05:00,Female,23,698,5871,Australia,Victoria,Geelong,books,textbook,30,50,3,Facebook-ads,2023-05-04 18:16:00,True,2023-05-04 18:24:00,Paypal,2023-05-04 18:20:00,False,,18,4,5,Thursday,150,20
2023-05-05 07:57:00,Female,46,730,4639,Spain,Catalonia,Girona,electronics,hair dryer,25,40,3,E-mails,2023-05-05 08:20:00,True,2023-05-05 08:29:00,Credit Card,2023-05-05 08:24:00,False,,7,5,5,Friday,120,15
2023-05-05 12:36:00,Male,40,756,7381,Canada,Quebec,Montreal,toys,puzzle,15,25,5,Google-ads,2023-05-05 12:56:00,True,2023-05-05 13:09:00,Paypal,2023-05-05 13:01:00,False,,12,5,5,Friday,125,10
2023-05-05 18:42:00,Male,20,673,5031,Italy,Lombardy,Bergamo,fashion,t-shirt,15,25,4,Google-ads,2023-05-05 18:51:00,True,2023-05-05 18:59:00,Credit Card,2023-05-05 18:56:00,False,,18,5,5,Friday,100,10
2023-05-06 00:00:00,Male,64,651,7419,India,Maharashtra,Pune,toys,puzzle,15,25,1,Google-ads,2023-05-06 00:14:00,True,2023-05-06 00:20:00,Debit Card,2023-05-06 00:19:00,False,,0,6,5,Saturday,25,10
2023-05-06 10:49:00,Male,33,760,6188,China,Shandong,Jinan,electronics,table fan,30,50,4,Instagram-ads,2023-05-06 11:18:00,True,2023-05-06 11:32:00,Debit Card,2023-05-06 11:23:00,False,,10,6,5,Saturday,200,20
2023-05-08 06:51:00,Male,18,614,5735,Australia,Victoria,Ballarat,toys,action figure,8,15,6,Twitter-ads,2023-05-08 07:06:00,False,,,2023-05-08 07:31:00,,,6,8,5,Monday,90,7
2023-05-08 13:20:00,Male,63,681,4958,UK,England,Birmingham,toys,action figure,8,15,5,Twitter-ads,2023-05-08 13:30:00,True,2023-05-08 13:38:00,Credit Card,2023-05-08 13:35:00,False,,13,8,5,Monday,75,7
2023-05-08 17:47:00,Male,35,619,6399,UK,Scotland,Edinburgh,electronics,television,1000,1500,2,E-mails,2023-05-08 17:53:00,False,,,2023-05-08 18:18:00,,,17,8,5,Monday,3000,500
2023-05-09 09:10:00,Female,28,746,6410,Spain,Andalusia,Malaga,books,magazine,5,8,3,Instagram-ads,2023-05-09 09:26:00,True,2023-05-09 09:36:00,Cash On Delivery,2023-05-09 09:28:00,False,,9,9,5,Tuesday,24,3
2023-05-09 23:00:00,Female,37,703,5363,India,Maharashtra,Mumbai,books,novel,10,18,4,E-mails,2023-05-09 23:08:00,False,,,2023-05-09 23:15:00,,,23,9,5,Tuesday,72,8
2023-05-10 19:14:00,Female,19,753,4691,India,Uttar Pradesh,Kanpur,books,textbook,30,50,3,Google-ads,2023-05-10 19:42:00,True,2023-05-10 19:57:00,Debit Card,2023-05-10 19:45:00,False,,19,10,5,Wednesday,150,20
2023-05-11 02:19:00,Female,46,762,6507,Australia,Victoria,Geelong,fashion,shoes,60,100,6,E-mails,2023-05-11 02:40:00,True,2023-05-11 02:46:00,Credit Card,2023-05-11 02:43:00,False,,2,11,5,Thursday,600,40
2023-05-11 19:26:00,Male,68,659,4001,China,Shandong,Yantai,electronics,television,1000,1500,3,Billboard-QR code,2023-05-11 19:35:00,False,,,2023-05-11 19:38:00,,,19,11,5,Thursday,4500,500
2023-05-12 07:00:00,Male,33,746,4010,China,Shandong,Qingdao,fashion,dress,50,80,2,Twitter-ads,2023-05-12 07:20:00,True,2023-05-12 07:25:00,Paypal,2023-05-12 07:25:00,True,Wrong Item,7,12,5,Friday,160,30
2023-05-13 13:26:00,Female,38,644,7810,USA,California,Los Angeles,electronics,table fan,30,50,1,Facebook-ads,2023-05-13 13:38:00,True,2023-05-13 13:48:00,Cash On Delivery,2023-05-13 13:41:00,False,,13,13,5,Saturday,50,20
2023-05-14 04:15:00,Female,57,694,6598,China,Shandong,Yantai,toys,action figure,8,15,5,Facebook-ads,2023-05-14 04:26:00,True,2023-05-14 04:37:00,Debit Card,2023-05-14 04:29:00,True,Wrong Item,4,14,5,Sunday,75,7
2023-05-14 11:20:00,Male,21,635,3850,UK,Scotland,Aberdeen,fashion,t-shirt,15,25,1,Twitter-ads,2023-05-14 11:32:00,True,2023-05-14 11:40:00,Paypal,2023-05-14 11:36:00,False,,11,14,5,Sunday,25,10
2023-05-14 15:53:00,Male,64,685,3707,China,Guangdong,Dongguan,books,autobiography,20,35,4,Instagram-ads,2023-05-14 16:20:00,True,2023-05-14 16:32:00,Cash On Delivery,2023-05-14 16:25:00,False,,15,14,5,Sunday,140,15
2023-05-16 18:17:00,Female,24,711,4246,Spain,Andalusia,Seville,home appliances,mixer grinder,60,90,4,Instagram-ads,2023-05-16 18:32:00,False,,,2023-05-16 18:31:00,,,18,16,5,Tuesday,360,30
2023-05-17 21:27:00,Female,20,709,7201,China,Guangdong,Dongguan,books,textbook,30,50,1,Instagram-ads,2023-05-17 21:38:00,True,2023-05-17 21:49:00,Debit Card,2023-05-17 21:40:00,False,,21,17,5,Wednesday,50,20
2023-05-17 22:16:00,Male,27,655,5157,USA,Texas,Dallas,fashion,shoes,60,100,3,Billboard-QR code,2023-05-17 22:23:00,True,2023-05-17 22:36:00,Debit Card,2023-05-17 22:26:00,False,,22,17,5,Wednesday,300,40
2023-05-19 07:19:00,Female,55,752,6916,Spain,Andalusia,Seville,fashion,shoes,60,100,4,Google-ads,2023-05-19 07:40:00,False,,,2023-05-19 07:35:00,,,7,19,5,Friday,400,40
2023-05-19 09:12:00,Male,67,739,3363,India,Maharashtra,Pune,electronics,table fan,30,50,4,Billboard-QR code,2023-05-19 09:23:00,True,2023-05-19 09:38:00,Credit Card,2023-05-19 09:25:00,False,,9,19,5,Friday,200,20
2023-05-19 09:42:00,Male,37,633,6144,Italy,Lombardy,Bergamo,books,autobiography,20,35,1,Twitter-ads,2023-05-19 09:58:00,False,,,2023-05-19 09:55:00,,,9,19,5,Friday,35,15
2023-05-19 12:20:00,Female,62,646,4658,Japan,Tokyo,Tokyo,electronics,television,1000,1500,6,Twitter-ads,2023-05-19 12:45:00,True,2023-05-19 12:57:00,Debit Card,2023-05-19 12:47:00,True,Arrived Damaged,12,19,5,Friday,9000,500
2023-05-22 12:58:00,Female,23,703,5148,Spain,Andalusia,Seville,home appliances,mixer grinder,60,90,1,E-mails,2023-05-22 13:22:00,True,2023-05-22 13:30:00,Debit Card,2023-05-22 13:27:00,False,,12,22,5,Monday,90,30
2023-05-22 23:24:00,Male,45,731,3557,UK,Scotland,Aberdeen,books,textbook,30,50,3,Twitter-ads,2023-05-22 23:31:00,True,2023-05-22 23:43:00,Debit Card,2023-05-22 23:35:00,False,,23,22,5,Monday,150,20
2023-05-23 22:54:00,Female,50,754,5605,China,Guangdong,Shenzhen,fashion,shoes,60,100,6,Google-ads,2023-05-23 23:07:00,True,2023-05-23 23:15:00,Cash On Delivery,2023-05-23 23:11:00,True,Poor Quality,22,23,5,Tuesday,600,40
2023-05-24 00:26:00,Female,21,625,5462,Spain,Catalonia,Barcelona,fashion,shoes,60,100,5,E-mails,2023-05-24 00:42:00,False,,,2023-05-24 00:30:00,,,0,24,5,Wednesday,500,40
2023-05-26 11:57:00,Female,53,630,4914,Japan,Kanagawa,Kawasaki,books,novel,10,18,6,Twitter-ads,2023-05-26 12:16:00,True,2023-05-26 12:25:00,Cash On Delivery,2023-05-26 12:21:00,False,,11,26,5,Friday,108,8
2023-05-26 14:28:00,Female,21,634,7892,India,Maharashtra,Nagpur,fashion,jeans,40,70,3,Twitter-ads,2023-05-26 14:49:00,True,2023-05-26 15:01:00,Debit Card,2023-05-26 14:53:00,False,,14,26,5,Friday,210,30
2023-05-26 19:16:00,Male,33,764,7391,Canada,Quebec,Quebec City,home appliances,toaster,40,60,3,E-mails,2023-05-26 19:34:00,True,2023-05-26 19:43:00,Cash On Delivery,2023-05-26 19:36:00,False,,19,26,5,Friday,180,20
2023-05-27 12:06:00,Female,61,735,6624,USA,California,San Diego,fashion,dress,50,80,6,Facebook-ads,2023-05-27 12:14:00,True,2023-05-27 12:21:00,Paypal,2023-05-27 12:17:00,False,,12,27,5,Saturday,480,30
2023-05-28 02:09:00,Female,59,738,6533,Japan,Tokyo,Yokohama,books,autobiography,20,35,5,Twitter-ads,2023-05-28 02:28:00,True,2023-05-28 02:37:00,Credit Card,2023-05-28 02:32:00,True,Wrong Item,2,28,5,Sunday,175,15
2023-05-29 02:41:00,Male,59,672,7944,Italy,Lombardy,Milan,books,textbook,30,50,1,Facebook-ads,2023-05-29 03:00:00,True,2023-05-29 03:08:00,Debit Card,2023-05-29 03:02:00,False,,2,29,5,Monday,50,20
2023-05-29 07:54:00,Male,36,725,4004,Spain,Catalonia,Barcelona,home appliances,electric stove,250,400,4,Google-ads,2023-05-29 08:17:00,True,2023-05-29 08:32:00,Credit Card,2023-05-29 08:20:00,False,,7,29,5,Monday,1600,150
2023-05-30 04:57:00,Female,69,722,6074,Spain,Andalusia,Malaga,electronics,hair dryer,25,40,3,Billboard-QR code,2023-05-30 05:24:00,True,2023-05-30 05:30:00,Credit Card,2023-05-30 05:28:00,True,Arrived Late,4,30,5,Tuesday,120,15
2023-05-31 08:41:00,Male,36,621,3864,Japan,Kanagawa,Kawasaki,fashion,dress,50,80,3,Google-ads,2023-05-31 08:54:00,True,2023-05-31 09:01:00,Cash On Delivery,2023-05-31 08:59:00,False,,8,31,5,Wednesday,240,30
2023-05-31 14:45:00,Male,32,678,5153,India,Uttar Pradesh,Ghaziabad,fashion,dress,50,80,2,Google-ads,2023-05-31 14:57:00,True,2023-05-31 15:09:00,Debit Card,2023-05-31 15:01:00,False,,14,31,5,Wednesday,160,30
2023-06-01 00:11:00,Male,35,714,5146,Canada,Quebec,Quebec City,fashion,dress,50,80,6,Google-ads,2023-06-01 00:34:00,True,2023-06-01 00:39:00,Cash On Delivery,2023-06-01 00:38:00,False,,0,1,6,Thursday,480,30
2023-06-01 20:54:00,Male,21,665,3192,UK,England,Manchester,fashion,shoes,60,100,5,Twitter-ads,2023-06-01 21:23:00,True,2023-06-01 21:29:00,Cash On Delivery,2023-06-01 21:27:00,False,,20,1,6,Thursday,500,40
2023-06-02 10:47:00,Male,57,686,4683,Japan,Kanagawa,Sagamihara,home appliances,electric stove,250,400,5,Twitter-ads,2023-06-02 11:01:00,True,2023-06-02 11:09:00,Credit Card,2023-06-02 11:06:00,False,,10,2,6,Friday,2000,150
2023-06-02 14:00:00,Male,27,673,3054,China,Guangdong,Dongguan,books,magazine,5,8,4,Google-ads,2023-06-02 14:13:00,True,2023-06-02 14:28:00,Debit Card,2023-06-02 14:15:00,False,,14,2,6,Friday,32,3
2023-06-02 14:49:00,Female,48,753,4769,Spain,Andalusia,Seville,toys,action figure,8,15,1,Instagram-ads,2023-06-02 15:08:00,True,2023-06-02 15:19:00,Credit Card,2023-06-02 15:11:00,False,,14,2,6,Friday,15,7
2023-06-03 05:40:00,Female,19,775,5918,China,Shandong,Jinan,electronics,hair dryer,25,40,3,Facebook-ads,2023-06-03 05:49:00,False,,,2023-06-03 05:50:00,,,5,3,6,Saturday,120,15
2023-06-03 18:51:00,Female,18,751,6165,Italy,Lazio,Frosinone,electronics,hair dryer,25,40,5,Billboard-QR code,2023-06-03 19:00:00,True,2023-06-03 19:07:00,Cash On Delivery,2023-06-03 19:02:00,False,,18,3,6,Saturday,200,15
2023-06-03 21:45:00,Female,69,722,6074,Spain,Andalusia,Malaga,electronics,hair dryer,25,40,5,E-mails,2023-06-03 21:54:00,False,,,2023-06-03 22:20:00,,,21,3,6,Saturday,200,15
2023-06-04 20:07:00,Female,68,775,3860,Canada,Ontario,Ottawa,toys,puzzle,15,25,6,Twitter-ads,2023-06-04 20:34:00,True,2023-06-04 20:48:00,Debit Card,2023-06-04 20:37:00,False,,20,4,6,Sunday,150,10
2023-06-06 00:11:00,Female,65,715,4210,China,Guangdong,Guangzhou,fashion,jeans,40,70,5,Billboard-QR code,2023-06-06 00:35:00,True,2023-06-06 00:46:00,Debit Card,2023-06-06 00:40:00,True,Arrived Damaged,0,6,6,Tuesday,350,30
2023-06-06 01:54:00,Male,72,718,3713,Japan,Tokyo,Yokohama,books,novel,10,18,4,Twitter-ads,2023-06-06 02:04:00,True,2023-06-06 02:10:00,Credit Card,2023-06-06 02:09:00,False,,1,6,6,Tuesday,72,8
2023-06-06 06:35:00,Female,29,669,7149,Japan,Tokyo,Tokyo,fashion,t-shirt,15,25,5,E-mails,2023-06-06 06:53:00,False,,,2023-06-06 06:45:00,,,6,6,6,Tuesday,125,10
2023-06-07 02:40:00,Female,23,701,6395,Spain,Andalusia,Malaga,books,novel,10,18,5,Instagram-ads,2023-06-07 03:01:00,True,2023-06-07 03:10:00,Paypal,2023-06-07 03:06:00,False,,2,7,6,Wednesday,90,8
2023-06-08 01:08:00,Male,56,650,5154,Japan,Tokyo,Kawasaki,electronics,hair dryer,25,40,6,Twitter-ads,2023-06-08 01:38:00,True,2023-06-08 01:43:00,Cash On Delivery,2023-06-08 01:40:00,False,,1,8,6,Thursday,240,15
2023-06-10 14:42:00,Female,35,637,5270,Japan,Kanagawa,Kawasaki,toys,puzzle,15,25,5,Facebook-ads,2023-06-10 15:04:00,True,2023-06-10 15:11:00,Credit Card,2023-06-10 15:07:00,True,Wrong Item,14,10,6,Saturday,125,10
2023-06-11 12:07:00,Male,51,754,5069,Italy,Lazio,Frosinone,toys,action figure,8,15,6,Google-ads,2023-06-11 12:15:00,True,2023-06-11 12:23:00,Credit Card,2023-06-11 12:18:00,False,,12,11,6,Sunday,90,7
2023-06-13 13:36:00,Female,21,723,7159,UK,England,Manchester,home appliances,microwave oven,300,500,5,E-mails,2023-06-13 13:50:00,True,2023-06-13 14:00:00,Debit Card,2023-06-13 13:55:00,False,,13,13,6,Tuesday,2500,200
2023-06-13 21:38:00,Female,31,726,7752,Italy,Lombardy,Brescia,toys,board game,20,35,2,Facebook-ads,2023-06-13 22:08:00,True,2023-06-13 22:19:00,Cash On Delivery,2023-06-13 22:11:00,False,,21,13,6,Tuesday,70,15
2023-06-14 04:05:00,Male,27,662,7215,India,Maharashtra,Mumbai,fashion,jeans,40,70,2,E-mails,2023-06-14 04:29:00,True,2023-06-14 04:37:00,Paypal,2023-06-14 04:34:00,False,,4,14,6,Wednesday,140,30
2023-06-17 06:50:00,Female,50,624,6422,China,Guangdong,Dongguan,electronics,hair dryer,25,40,4,Facebook-ads,2023-06-17 07:15:00,True,2023-06-17 07:24:00,Debit Card,2023-06-17 07:18:00,False,,6,17,6,Saturday,160,15
2023-06-18 10:22:00,Male,36,651,7311,Australia,Victoria,Ballarat,books,novel,10,18,6,Facebook-ads,2023-06-18 10:31:00,True,2023-06-18 10:46:00,Debit Card,2023-06-18 10:35:00,True,Poor Quality,10,18,6,Sunday,108,8
2023-06-19 10:40:00,Male,22,708,3646,Spain,Andalusia,Seville,electronics,laptop,800,1200,1,Facebook-ads,2023-06-19 11:05:00,True,2023-06-19 11:20:00,Credit Card,2023-06-19 11:07:00,False,,10,19,6,Monday,1200,400
2023-06-22 07:25:00,Female,55,738,6988,Italy,Lombardy,Brescia,home appliances,toaster,40,60,5,Instagram-ads,2023-06-22 07:38:00,True,2023-06-22 07:43:00,Debit Card,2023-06-22 07:41:00,False,,7,22,6,Thursday,300,20
2023-06-22 18:25:00,Male,22,724,5582,USA,California,San Jose,home appliances,toaster,40,60,3,E-mails,2023-06-22 18:45:00,True,2023-06-22 18:59:00,Credit Card,2023-06-22 18:50:00,False,,18,22,6,Thursday,180,20
2023-06-24 01:23:00,Male,29,739,4481,China,Shandong,Yantai,books,textbook,30,50,5,Twitter-ads,2023-06-24 01:47:00,True,2023-06-24 02:00:00,Cash On Delivery,2023-06-24 01:49:00,False,,1,24,6,Saturday,250,20
2023-06-26 15:35:00,Female,46,648,3612,China,Shandong,Qingdao,toys,board game,20,35,1,Facebook-ads,2023-06-26 16:05:00,True,2023-06-26 16:12:00,Credit Card,2023-06-26 16:07:00,True,Poor Quality,15,26,6,Monday,35,15
2023-06-27 00:28:00,Female,42,676,7190,Australia,Victoria,Ballarat,toys,action figure,8,15,3,Twitter-ads,2023-06-27 00:34:00,False,,,2023-06-27 00:43:00,,,0,27,6,Tuesday,45,7
2023-06-27 05:27:00,Female,57,727,4481,UK,England,London,toys,plush toy,12,20,2,Facebook-ads,2023-06-27 05:44:00,True,2023-06-27 05:57:00,Cash On Delivery,2023-06-27 05:49:00,True,Arrived Late,5,27,6,Tuesday,40,8
2023-06-28 03:29:00,Male,44,600,7517,USA,California,San Jose,toys,puzzle,15,25,1,Billboard-QR code,2023-06-28 03:49:00,True,2023-06-28 03:55:00,Credit Card,2023-06-28 03:53:00,False,,3,28,6,Wednesday,25,10
2023-06-28 16:52:00,Male,47,732,7372,USA,California,San Jose,books,magazine,5,8,4,Instagram-ads,2023-06-28 16:58:00,True,2023-06-28 17:06:00,Cash On Delivery,2023-06-28 17:02:00,False,,16,28,6,Wednesday,32,3
2023-06-29 08:11:00,Female,23,600,3272,China,Guangdong,Dongguan,toys,puzzle,15,25,3,Instagram-ads,2023-06-29 08:19:00,True,2023-06-29 08:25:00,Cash On Delivery,2023-06-29 08:21:00,False,,8,29,6,Thursday,75,10
2023-06-30 07:12:00,Female,23,703,7909,Spain,Andalusia,Granada,home appliances,toaster,40,60,6,Facebook-ads,2023-06-30 07:22:00,True,2023-06-30 07:32:00,Cash On Delivery,2023-06-30 07:26:00,False,,7,30,6,Friday,360,20
2023-06-30 09:22:00,Male,66,644,6267,Australia,New South Wales,Newcastle,electronics,hair dryer,25,40,4,Facebook-ads,2023-06-30 09:52:00,True,2023-06-30 10:03:00,Credit Card,2023-06-30 09:57:00,False,,9,30,6,Friday,160,15
2023-07-02 21:38:00,Female,44,694,4336,Canada,Ontario,Mississauga,electronics,laptop,800,1200,2,Instagram-ads,2023-07-02 22:00:00,True,2023-07-02 22:07:00,Debit Card,2023-07-02 22:04:00,False,,21,2,7,Sunday,2400,400
2023-07-04 14:07:00,Male,41,740,7329,Italy,Lazio,Frosinone,toys,board game,20,35,2,Google-ads,2023-07-04 14:32:00,True,2023-07-04 14:44:00,Paypal,2023-07-04 14:37:00,False,,14,4,7,Tuesday,70,15
2023-07-06 00:40:00,Male,28,699,3355,Italy,Lombardy,Bergamo,electronics,laptop,800,1200,2,Facebook-ads,2023-07-06 01:05:00,True,2023-07-06 01:19:00,Debit Card,2023-07-06 01:09:00,False,,0,6,7,Thursday,2400,400
2023-07-06 06:34:00,Male,34,735,7730,Australia,Victoria,Geelong,home appliances,electric stove,250,400,6,E-mails,2023-07-06 06:52:00,True,2023-07-06 07:03:00,Cash On Delivery,2023-07-06 06:57:00,False,,6,6,7,Thursday,2400,150
2023-07-06 14:46:00,Female,62,652,6014,Canada,Ontario,Ottawa,books,autobiography,20,35,5,Instagram-ads,2023-07-06 14:55:00,True,2023-07-06 15:01:00,Debit Card,2023-07-06 14:59:00,False,,14,6,7,Thursday,175,15
2023-07-06 21:19:00,Male,69,717,5644,USA,Texas,San Antonio,toys,board game,20,35,3,Google-ads,2023-07-06 21:24:00,True,2023-07-06 21:37:00,Paypal,2023-07-06 21:26:00,False,,21,6,7,Thursday,105,15
2023-07-09 11:13:00,Female,21,609,7975,Italy,Lazio,Rome,home appliances,electric stove,250,400,3,Twitter-ads,2023-07-09 11:35:00,True,2023-07-09 11:45:00,Cash On Delivery,2023-07-09 11:38:00,False,,11,9,7,Sunday,1200,150
2023-07-11 09:27:00,Female,48,607,7617,Japan,Tokyo,Tokyo,home appliances,mixer grinder,60,90,1,Instagram-ads,2023-07-11 09:35:00,False,,,2023-07-11 09:57:00,,,9,11,7,Tuesday,90,30
2023-07-12 20:53:00,Male,24,779,6915,Canada,Ontario,Ottawa,toys,plush toy,12,20,1,Facebook-ads,2023-07-12 21:18:00,True,2023-07-12 21:27:00,Cash On Delivery,2023-07-12 21:21:00,False,,20,12,7,Wednesday,20,8
2023-07-12 21:37:00,Female,72,743,7994,China,Guangdong,Guangzhou,fashion,jeans,40,70,4,Google-ads,2023-07-12 21:42:00,True,2023-07-12 21:53:00,Debit Card,2023-07-12 21:45:00,False,,21,12,7,Wednesday,280,30
2023-07-13 04:37:00,Female,66,763,6161,Canada,Quebec,Laval,toys,board game,20,35,2,Twitter-ads,2023-07-13 04:58:00,True,2023-07-13 05:11:00,Debit Card,2023-07-13 05:00:00,False,,4,13,7,Thursday,70,15
2023-07-13 20:39:00,Female,61,687,7734,UK,England,London,fashion,shoes,60,100,6,Google-ads,2023-07-13 20:55:00,True,2023-07-13 21:01:00,Credit Card,2023-07-13 20:57:00,True,Poor Value,20,13,7,Thursday,600,40
2023-07-14 13:55:00,Male,50,677,4263,India,Uttar Pradesh,Lucknow,electronics,hair dryer,25,40,1,E-mails,2023-07-14 14:19:00,True,2023-07-14 14:32:00,Debit Card,2023-07-14 14:23:00,False,,13,14,7,Friday,40,15
2023-07-15 05:05:00,Male,22,708,3646,Spain,Andalusia,Seville,books,autobiography,20,35,1,Google-ads,2023-07-15 05:15:00,False,,,2023-07-15 05:39:00,,,5,15,7,Saturday,35,15
2023-07-15 14:48:00,Male,69,718,5678,UK,England,Birmingham,books,magazine,5,8,1,Billboard-QR code,2023-07-15 14:58:00,True,2023-07-15 15:07:00,Cash On Delivery,2023-07-15 15:00:00,False,,14,15,7,Saturday,8,3
2023-07-16 09:38:00,Female,20,690,7518,USA,California,San Diego,home appliances,microwave oven,300,500,3,Facebook-ads,2023-07-16 09:49:00,True,2023-07-16 10:04:00,Debit Card,2023-07-16 09:54:00,False,,9,16,7,Sunday,1500,200
2023-07-16 13:47:00,Male,33,650,7135,Canada,Quebec,Quebec City,books,autobiography,20,35,3,Google-ads,2023-07-16 14:02:00,True,2023-07-16 14:09:00,Cash On Delivery,2023-07-16 14:05:00,False,,13,16,7,Sunday,105,15
2023-07-17 10:26:00,Male,71,626,7763,USA,California,San Jose,toys,action figure,8,15,5,Google-ads,2023-07-17 10:46:00,True,2023-07-17 10:59:00,Paypal,2023-07-17 10:48:00,False,,10,17,7,Monday,75,7
2023-07-18 23:18:00,Female,25,707,5949,UK,Scotland,Aberdeen,toys,plush toy,12,20,1,Facebook-ads,2023-07-18 23:31:00,True,2023-07-18 23:45:00,Paypal,2023-07-18 23:35:00,False,,23,18,7,Tuesday,20,8
2023-07-19 01:26:00,Female,57,699,7006,Italy,Lazio,Frosinone,books,autobiography,20,35,5,Instagram-ads,2023-07-19 01:54:00,True,2023-07-19 02:00:00,Cash On Delivery,2023-07-19 01:58:00,True,Poor Value,1,19,7,Wednesday,175,15
2023-07-20 01:00:00,Female,18,706,7740,UK,England,Birmingham,fashion,shoes,60,100,4,Facebook-ads,2023-07-20 01:11:00,True,2023-07-20 01:16:00,Cash On Delivery,2023-07-20 01:13:00,False,,1,20,7,Thursday,400,40
2023-07-20 21:42:00,Female,60,618,5362,Italy,Lazio,Rome,fashion,shoes,60,100,6,Facebook-ads,2023-07-20 21:58:00,True,2023-07-20 22:09:00,Credit Card,2023-07-20 22:03:00,False,,21,20,7,Thursday,600,40
2023-07-21 00:00:00,Male,18,629,4800,Australia,New South Wales,Wollongong,electronics,hair dryer,25,40,6,Twitter-ads,2023-07-21 00:24:00,True,2023-07-21 00:30:00,Debit Card,2023-07-21 00:28:00,True,Arrived Late,0,21,7,Friday,240,15
2023-07-21 04:25:00,Male,36,697,6390,USA,California,San Diego,books,autobiography,20,35,2,Facebook-ads,2023-07-21 04:52:00,False,,,2023-07-21 04:43:00,,,4,21,7,Friday,70,15
2023-07-22 19:09:00,Female,54,700,3389,China,Shandong,Yantai,toys,action figure,8,15,2,E-mails,2023-07-22 19:29:00,False,,,2023-07-22 19:30:00,,,19,22,7,Saturday,30,7
2023-07-24 15:21:00,Male,52,765,7696,UK,England,London,books,novel,10,18,3,Billboard-QR code,2023-07-24 15:42:00,True,2023-07-24 15:56:00,Debit Card,2023-07-24 15:44:00,False,,15,24,7,Monday,54,8
2023-07-24 22:14:00,Male,71,729,6150,UK,England,London,books,magazine,5,8,6,Instagram-ads,2023-07-24 22:37:00,True,2023-07-24 22:52:00,Debit Card,2023-07-24 22:41:00,False,,22,24,7,Monday,48,3
2023-07-25 23:05:00,Female,54,693,3056,Italy,Lazio,Latina,books,magazine,5,8,1,Facebook-ads,2023-07-25 23:30:00,True,2023-07-25 23:43:00,Credit Card,2023-07-25 23:34:00,False,,23,25,7,Tuesday,8,3
2023-07-27 19:53:00,Female,43,763,5060,Spain,Andalusia,Malaga,books,autobiography,20,35,6,Instagram-ads,2023-07-27 20:00:00,True,2023-07-27 20:11:00,Credit Card,2023-07-27 20:02:00,False,,19,27,7,Thursday,210,15
2023-07-29 05:44:00,Male,40,769,3766,Italy,Lazio,Latina,books,magazine,5,8,2,Facebook-ads,2023-07-29 05:49:00,True,2023-07-29 05:59:00,Credit Card,2023-07-29 05:52:00,False,,5,29,7,Saturday,16,3
2023-07-29 21:43:00,Female,54,663,6000,India,Uttar Pradesh,Lucknow,fashion,t-shirt,15,25,5,Facebook-ads,2023-07-29 22:13:00,True,2023-07-29 22:18:00,Debit Card,2023-07-29 22:17:00,False,,21,29,7,Saturday,125,10
2023-08-01 20:13:00,Male,42,693,6878,Australia,New South Wales,Sydney,books,magazine,5,8,6,Billboard-QR code,2023-08-01 20:37:00,True,2023-08-01 20:49:00,Debit Card,2023-08-01 20:39:00,False,,20,1,8,Tuesday,48,3
2023-08-01 21:03:00,Female,31,614,6303,UK,England,London,fashion,jeans,40,70,4,Facebook-ads,2023-08-01 21:14:00,False,,,2023-08-01 21:20:00,,,21,1,8,Tuesday,280,30
2023-08-03 11:32:00,Female,42,748,5288,Australia,New South Wales,Newcastle,home appliances,electric stove,250,400,6,Instagram-ads,2023-08-03 11:40:00,False,,,2023-08-03 11:54:00,,,11,3,8,Thursday,2400,150
2023-08-03 15:18:00,Male,66,712,3279,India,Maharashtra,Nagpur,books,textbook,30,50,4,E-mails,2023-08-03 15:39:00,True,2023-08-03 15:52:00,Debit Card,2023-08-03 15:42:00,False,,15,3,8,Thursday,200,20
2023-08-04 03:03:00,Female,19,777,7753,Canada,Ontario,Ottawa,electronics,laptop,800,1200,6,Google-ads,2023-08-04 03:33:00,True,2023-08-04 03:39:00,Cash On Delivery,2023-08-04 03:37:00,True,Wrong Item,3,4,8,Friday,7200,400
2023-08-04 16:47:00,Female,49,639,7072,Australia,New South Wales,Sydney,electronics,table fan,30,50,1,Instagram-ads,2023-08-04 17:06:00,True,2023-08-04 17:16:00,Credit Card,2023-08-04 17:09:00,False,,16,4,8,Friday,50,20
2023-08-05 08:24:00,Male,37,679,3811,India,Uttar Pradesh,Kanpur,toys,board game,20,35,1,Twitter-ads,2023-08-05 08:33:00,True,2023-08-05 08:44:00,Cash On Delivery,2023-08-05 08:35:00,False,,8,5,8,Saturday,35,15
2023-08-05 21:47:00,Female,22,754,3027,India,Uttar Pradesh,Ghaziabad,toys,plush toy,12,20,5,Instagram-ads,2023-08-05 22:08:00,True,2023-08-05 22:19:00,Credit Card,2023-08-05 22:10:00,False,,21,5,8,Saturday,100,8
2023-08-06 06:59:00,Male,48,739,6226,Canada,Ontario,Mississauga,books,textbook,30,50,5,Facebook-ads,2023-08-06 07:06:00,True,2023-08-06 07:13:00,Cash On Delivery,2023-08-06 07:09:00,False,,6,6,8,Sunday,250,20
2023-08-07 16:23:00,Male,19,674,3617,Spain,Andalusia,Malaga,toys,board game,20,35,2,E-mails,2023-08-07 16:38:00,True,2023-08-07 16:48:00,Credit Card,2023-08-07 16:40:00,False,,16,7,8,Monday,70,15
2023-08-08 14:32:00,Female,48,634,6496,China,Guangdong,Guangzhou,fashion,jeans,40,70,3,Instagram-ads,2023-08-08 14:39:00,True,2023-08-08 14:49:00,Debit Card,2023-08-08 14:44:00,False,,14,8,8,Tuesday,210,30
2023-08-09 00:40:00,Male,51,688,4983,Australia,New South Wales,Wollongong,home appliances,toaster,40,60,5,Facebook-ads,2023-08-09 01:07:00,True,2023-08-09 01:21:00,Debit Card,2023-08-09 01:12:00,False,,0,9,8,Wednesday,300,20
2023-08-09 18:59:00,Female,28,673,6052,India,Maharashtra,Nagpur,fashion,shoes,60,100,3,Instagram-ads,2023-08-09 19:15:00,True,2023-08-09 19:24:00,Credit Card,2023-08-09 19:19:00,False,,18,9,8,Wednesday,300,40
2023-08-10 03:35:00,Male,22,673,5712,Japan,Kanagawa,Kawasaki,home appliances,toaster,40,60,5,E-mails,2023-08-10 03:47:00,True,2023-08-10 03:56:00,Cash On Delivery,2023-08-10 03:50:00,False,,3,10,8,Thursday,300,20
2023-08-10 06:57:00,Male,33,696,5759,China,Shandong,Qingdao,toys,plush toy,12,20,5,E-mails,2023-08-10 07:07:00,True,2023-08-10 07:13:00,Credit Card,2023-08-10 07:10:00,True,Poor Quality,6,10,8,Thursday,100,8
2023-08-10 14:00:00,Male,58,728,5821,Australia,New South Wales,Wollongong,home appliances,mixer grinder,60,90,6,E-mails,2023-08-10 14:25:00,True,2023-08-10 14:35:00,Cash On Delivery,2023-08-10 14:30:00,False,,14,10,8,Thursday,540,30
2023-08-11 03:04:00,Male,66,712,3279,India,Maharashtra,Nagpur,home appliances,mixer grinder,60,90,1,Twitter-ads,2023-08-11 03:15:00,True,2023-08-11 03:20:00,Cash On Delivery,2023-08-11 03:20:00,False,,3,11,8,Friday,90,30
2023-08-11 19:33:00,Female,64,645,7848,Canada,Ontario,Ottawa,toys,puzzle,15,25,3,Instagram-ads,2023-08-11 19:52:00,True,2023-08-11 20:05:00,Debit Card,2023-08-11 19:54:00,False,,19,11,8,Friday,75,10
2023-08-13 00:23:00,Male,22,759,3895,Italy,Lombardy,Brescia,home appliances,microwave oven,300,500,1,Google-ads,2023-08-13 00:52:00,False,,,2023-08-13 00:26:00,,,0,13,8,Sunday,500,200
2023-08-15 03:31:00,Male,49,695,4634,Spain,Andalusia,Malaga,toys,board game,20,35,6,E-mails,2023-08-15 03:59:00,True,2023-08-15 04:08:00,Debit Card,2023-08-15 04:02:00,False,,3,15,8,Tuesday,210,15
2023-08-16 03:26:00,Male,49,747,6854,Canada,Quebec,Montreal,books,autobiography,20,35,3,Facebook-ads,2023-08-16 03:45:00,True,2023-08-16 03:52:00,Credit Card,2023-08-16 03:48:00,False,,3,16,8,Wednesday,105,15
2023-08-16 09:51:00,Female,33,759,5707,Italy,Lombardy,Milan,toys,board game,20,35,2,Google-ads,2023-08-16 10:19:00,True,2023-08-16 10:24:00,Debit Card,2023-08-16 10:22:00,False,,9,16,8,Wednesday,70,15
2023-08-16 23:21:00,Male,64,675,3913,UK,England,London,electronics,hair dryer,25,40,6,E-mails,2023-08-16 23:32:00,False,,,2023-08-16 23:52:00,,,23,16,8,Wednesday,240,15
2023-08-17 10:50:00,Male,44,687,6124,Spain,Catalonia,Tarragona,toys,puzzle,15,25,2,Billboard-QR code,2023-08-17 11:20:00,True,2023-08-17 11:35:00,Paypal,2023-08-17 11:23:00,True,Arrived Damaged,10,17,8,Thursday,50,10
2023-08-18 01:54:00,Female,64,779,7355,Italy,Lazio,Frosinone,home appliances,toaster,40,60,3,Billboard-QR code,2023-08-18 02:04:00,True,2023-08-18 02:12:00,Debit Card,2023-08-18 02:07:00,False,,1,18,8,Friday,180,20
2023-08-19 21:23:00,Male,43,760,4721,India,Uttar Pradesh,Lucknow,fashion,dress,50,80,5,Twitter-ads,2023-08-19 21:35:00,True,2023-08-19 21:42:00,Cash On Delivery,2023-08-19 21:40:00,False,,21,19,8,Saturday,400,30
2023-08-20 03:13:00,Male,60,724,7109,Japan,Kanagawa,Yokohama,toys,action figure,8,15,1,Twitter-ads,2023-08-20 03:25:00,True,2023-08-20 03:40:00,Cash On Delivery,2023-08-20 03:29:00,False,,3,20,8,Sunday,15,7
2023-08-21 15:51:00,Female,34,699,3843,China,Guangdong,Dongguan,books,magazine,5,8,2,E-mails,2023-08-21 16:18:00,True,2023-08-21 16:33:00,Cash On Delivery,2023-08-21 16:22:00,False,,15,21,8,Monday,16,3
2023-08-23 01:43:00,Female,60,742,4969,Canada,Quebec,Laval,books,autobiography,20,35,1,Instagram-ads,2023-08-23 01:54:00,True,2023-08-23 02:06:00,Credit Card,2023-08-23 01:57:00,False,,1,23,8,Wednesday,35,15
2023-08-23 13:21:00,Female,71,622,3747,Australia,Victoria,Geelong,home appliances,mixer grinder,60,90,3,Instagram-ads,2023-08-23 13:33:00,True,2023-08-23 13:40:00,Credit Card,2023-08-23 13:36:00,False,,13,23,8,Wednesday,270,30
2023-08-23 14:29:00,Male,32,771,3393,Spain,Andalusia,Granada,electronics,laptop,800,1200,2,Facebook-ads,2023-08-23 14:45:00,False,,,2023-08-23 14:37:00,,,14,23,8,Wednesday,2400,400
2023-08-24 11:25:00,Male,71,634,3390,Australia,New South Wales,Sydney,electronics,table fan,30,50,6,E-mails,2023-08-24 11:53:00,True,2023-08-24 12:02:00,Cash On Delivery,2023-08-24 11:58:00,True,Arrived Damaged,11,24,8,Thursday,300,20
2023-08-24 19:31:00,Female,37,642,7822,USA,Texas,San Antonio,home appliances,mixer grinder,60,90,5,Billboard-QR code,2023-08-24 19:41:00,True,2023-08-24 19:49:00,Cash On Delivery,2023-08-24 19:43:00,False,,19,24,8,Thursday,450,30
2023-08-25 07:17:00,Male,22,724,5582,USA,California,San Jose,electronics,table fan,30,50,4,Facebook-ads,2023-08-25 07:31:00,True,2023-08-25 07:37:00,Credit Card,2023-08-25 07:36:00,False,,7,25,8,Friday,200,20
2023-08-25 08:17:00,Male,36,637,5856,China,Guangdong,Guangzhou,fashion,t-shirt,15,25,2,Facebook-ads,2023-08-25 08:43:00,True,2023-08-25 08:49:00,Debit Card,2023-08-25 08:45:00,False,,8,25,8,Friday,50,10
2023-08-27 15:18:00,Male,50,630,5843,Spain,Andalusia,Malaga,home appliances,toaster,40,60,1,E-mails,2023-08-27 15:27:00,True,2023-08-27 15:35:00,Credit Card,2023-08-27 15:29:00,False,,15,27,8,Sunday,60,20
2023-08-28 17:52:00,Male,48,659,7592,Japan,Kanagawa,Sagamihara,toys,puzzle,15,25,4,Instagram-ads,2023-08-28 18:00:00,True,2023-08-28 18:09:00,Cash On Delivery,2023-08-28 18:05:00,False,,17,28,8,Monday,100,10
2023-08-30 04:35:00,Female,69,612,7061,China,Guangdong,Shenzhen,books,magazine,5,8,1,Twitter-ads,2023-08-30 04:51:00,True,2023-08-30 04:56:00,Cash On Delivery,2023-08-30 04:53:00,False,,4,30,8,Wednesday,8,3
2023-08-30 19:46:00,Female,32,626,7670,Italy,Lombardy,Brescia,home appliances,microwave oven,300,500,2,Facebook-ads,2023-08-30 20:15:00,True,2023-08-30 20:22:00,Debit Card,2023-08-30 20:20:00,False,,19,30,8,Wednesday,1000,200
2023-08-30 22:31:00,Male,41,671,5383,Spain,Catalonia,Girona,fashion,shoes,60,100,2,Facebook-ads,2023-08-30 22:56:00,True,2023-08-30 23:01:00,Paypal,2023-08-30 23:01:00,True,Arrived Damaged,22,30,8,Wednesday,200,40
2023-08-31 06:38:00,Female,36,619,5787,USA,Texas,Houston,home appliances,microwave oven,300,500,4,Google-ads,2023-08-31 06:44:00,True,2023-08-31 06:59:00,Debit Card,2023-08-31 06:49:00,False,,6,31,8,Thursday,2000,200
2023-08-31 22:40:00,Male,62,735,7150,China,Shandong,Qingdao,electronics,hair dryer,25,40,6,Billboard-QR code,2023-08-31 22:56:00,True,2023-08-31 23:04:00,Credit Card,2023-08-31 22:58:00,False,,22,31,8,Thursday,240,15
2023-09-01 14:04:00,Male,33,650,7135,Canada,Quebec,Quebec City,fashion,t-shirt,15,25,1,E-mails,2023-09-01 14:32:00,False,,,2023-09-01 14:16:00,,,14,1,9,Friday,25,10
2023-09-02 00:08:00,Female,25,746,6983,China,Shandong,Jinan,electronics,table fan,30,50,4,Google-ads,2023-09-02 00:28:00,True,2023-09-02 00:37:00,Cash On Delivery,2023-09-02 00:33:00,True,Poor Quality,0,2,9,Saturday,200,20
2023-09-03 20:19:00,Male,60,634,6753,USA,California,San Jose,toys,action figure,8,15,6,Billboard-QR code,2023-09-03 20:49:00,True,2023-09-03 21:03:00,Credit Card,2023-09-03 20:54:00,False,,20,3,9,Sunday,90,7
2023-09-05 05:00:00,Female,18,751,6165,Italy,Lazio,Frosinone,books,textbook,30,50,6,Instagram-ads,2023-09-05 05:14:00,True,2023-09-05 05:26:00,Debit Card,2023-09-05 05:17:00,False,,5,5,9,Tuesday,300,20
2023-09-05 05:45:00,Female,38,666,6055,Spain,Catalonia,Tarragona,books,magazine,5,8,6,Facebook-ads,2023-09-05 06:01:00,False,,,2023-09-05 06:07:00,,,5,5,9,Tuesday,48,3
2023-09-05 14:24:00,Female,45,724,5125,Australia,New South Wales,Wollongong,fashion,shoes,60,100,2,Twitter-ads,2023-09-05 14:42:00,True,2023-09-05 14:50:00,Cash On Delivery,2023-09-05 14:45:00,False,,14,5,9,Tuesday,200,40
2023-09-05 15:34:00,Female,25,639,6309,China,Shandong,Qingdao,home appliances,toaster,40,60,5,Twitter-ads,2023-09-05 15:50:00,True,2023-09-05 15:57:00,Credit Card,2023-09-05 15:53:00,False,,15,5,9,Tuesday,300,20
2023-09-05 23:13:00,Female,58,656,4441,India,Maharashtra,Nagpur,home appliances,electric stove,250,400,5,Billboard-QR code,2023-09-05 23:38:00,True,2023-09-05 23:48:00,Cash On Delivery,2023-09-05 23:43:00,False,,23,5,9,Tuesday,2000,150
2023-09-07 02:51:00,Male,62,677,7817,Australia,New South Wales,Wollongong,toys,action figure,8,15,5,Twitter-ads,2023-09-07 03:02:00,False,,,2023-09-07 02:55:00,,,2,7,9,Thursday,75,7
2023-09-09 00:34:00,Female,41,715,4442,Italy,Lombardy,Milan,home appliances,mixer grinder,60,90,4,Google-ads,2023-09-09 00:45:00,False,,,2023-09-09 01:06:00,,,0,9,9,Saturday,360,30
2023-09-09 01:18:00,Male,22,708,3646,Spain,Andalusia,Seville,fashion,jeans,40,70,6,Instagram-ads,2023-09-09 01:24:00,True,2023-09-09 01:31:00,Cash On Delivery,2023-09-09 01:26:00,False,,1,9,9,Saturday,420,30
2023-09-09 03:55:00,Female,37,686,7137,USA,Texas,Dallas,toys,board game,20,35,4,Billboard-QR code,2023-09-09 04:25:00,True,2023-09-09 04:35:00,Credit Card,2023-09-09 04:27:00,False,,3,9,9,Saturday,140,15
2023-09-09 20:48:00,Male,43,641,7480,India,Maharashtra,Nagpur,books,autobiography,20,35,6,Google-ads,2023-09-09 21:07:00,True,2023-09-09 21:12:00,Credit Card,2023-09-09 21:12:00,False,,20,9,9,Saturday,210,15
2023-09-13 18:58:00,Male,56,691,7343,China,Guangdong,Dongguan,toys,plush toy,12,20,1,Instagram-ads,2023-09-13 19:06:00,True,2023-09-13 19:13:00,Cash On Delivery,2023-09-13 19:09:00,False,,18,13,9,Wednesday,20,8
2023-09-14 15:53:00,Male,49,773,7570,India,Uttar Pradesh,Kanpur,home appliances,microwave oven,300,500,5,E-mails,2023-09-14 16:08:00,True,2023-09-14 16:17:00,Cash On Delivery,2023-09-14 16:13:00,True,Arrived Late,15,14,9,Thursday,2500,200
2023-09-14 20:59:00,Female,23,769,7793,USA,Texas,Dallas,toys,action figure,8,15,5,Facebook-ads,2023-09-14 21:15:00,True,2023-09-14 21:22:00,Credit Card,2023-09-14 21:19:00,False,,20,14,9,Thursday,75,7
2023-09-15 11:05:00,Male,36,697,6390,USA,California,San Diego,books,magazine,5,8,6,Billboard-QR code,2023-09-15 11:31:00,True,2023-09-15 11:38:00,Debit Card,2023-09-15 11:35:00,True,Arrived Late,11,15,9,Friday,48,3
2023-09-15 19:59:00,Male,56,634,7203,Australia,Victoria,Melbourne,electronics,hair dryer,25,40,2,Facebook-ads,2023-09-15 20:20:00,True,2023-09-15 20:30:00,Debit Card,2023-09-15 20:23:00,False,,19,15,9,Friday,80,15
2023-09-15 23:09:00,Male,38,714,3282,Japan,Kanagawa,Yokohama,electronics,hair dryer,25,40,5,Instagram-ads,2023-09-15 23:22:00,True,2023-09-15 23:33:00,Debit Card,2023-09-15 23:27:00,False,,23,15,9,Friday,200,15
2023-09-15 23:21:00,Female,59,610,6340,Italy,Lazio,Latina,books,magazine,5,8,4,Billboard-QR code,2023-09-15 23:29:00,True,2023-09-15 23:43:00,Credit Card,2023-09-15 23:32:00,False,,23,15,9,Friday,32,3
2023-09-17 22:37:00,Male,47,732,7372,USA,California,San Jose,toys,puzzle,15,25,5,Google-ads,2023-09-17 23:06:00,True,2023-09-17 23:19:00,Cash On Delivery,2023-09-17 23:10:00,False,,22,17,9,Sunday,125,10
2023-09-18 16:52:00,Female,41,715,4442,Italy,Lombardy,Milan,books,magazine,5,8,3,Instagram-ads,2023-09-18 17:02:00,True,2023-09-18 17:13:00,Paypal,2023-09-18 17:04:00,False,,16,18,9,Monday,24,3
2023-09-21 02:24:00,Female,44,745,5391,Spain,Catalonia,Barcelona,electronics,table fan,30,50,2,Google-ads,2023-09-21 02:42:00,True,2023-09-21 02:50:00,Debit Card,2023-09-21 02:46:00,False,,2,21,9,Thursday,100,20
2023-09-25 05:43:00,Male,34,686,6178,Canada,Quebec,Quebec City,toys,action figure,8,15,6,Facebook-ads,2023-09-25 06:08:00,True,2023-09-25 06:22:00,Cash On Delivery,2023-09-25 06:13:00,False,,5,25,9,Monday,90,7
2023-09-25 06:46:00,Female,21,617,5651,Australia,New South Wales,Newcastle,home appliances,toaster,40,60,2,Facebook-ads,2023-09-25 07:05:00,True,2023-09-25 07:16:00,Debit Card,2023-09-25 07:09:00,False,,6,25,9,Monday,120,20
2023-09-26 22:59:00,Male,71,614,4179,China,Shandong,Jinan,home appliances,toaster,40,60,6,Twitter-ads,2023-09-26 23:28:00,True,2023-09-26 23:43:00,Cash On Delivery,2023-09-26 23:33:00,False,,22,26,9,Tuesday,360,20
2023-09-27 21:40:00,Female,69,746,3912,China,Shandong,Yantai,fashion,shoes,60,100,6,E-mails,2023-09-27 21:54:00,True,2023-09-27 22:02:00,Cash On Delivery,2023-09-27 21:57:00,False,,21,27,9,Wednesday,600,40
2023-09-29 16:55:00,Male,64,655,4416,Japan,Tokyo,Tokyo,electronics,hair dryer,25,40,3,Instagram-ads,2023-09-29 17:04:00,False,,,2023-09-29 17:21:00,,,16,29,9,Friday,120,15
2023-09-30 16:07:00,Female,59,606,6357,Japan,Tokyo,Kawasaki,toys,board game,20,35,4,E-mails,2023-09-30 16:36:00,True,2023-09-30 16:41:00,Debit Card,2023-09-30 16:38:00,False,,16,30,9,Saturday,140,15
2023-09-30 18:20:00,Female,44,630,4858,Canada,Quebec,Laval,home appliances,electric stove,250,400,6,Billboard-QR code,2023-09-30 18:28:00,False,,,2023-09-30 18:41:00,,,18,30,9,Saturday,2400,150
2023-10-01 18:28:00,Female,64,645,7848,Canada,Ontario,Ottawa,electronics,television,1000,1500,1,E-mails,2023-10-01 18:51:00,True,2023-10-01 18:56:00,Cash On Delivery,2023-10-01 18:54:00,False,,18,1,10,Sunday,1500,500
2023-10-01 21:36:00,Male,48,741,7507,Italy,Lazio,Frosinone,home appliances,electric stove,250,400,4,Instagram-ads,2023-10-01 21:50:00,True,2023-10-01 22:01:00,Credit Card,2023-10-01 21:55:00,False,,21,1,10,Sunday,1600,150
2023-10-02 05:19:00,Male,68,683,6807,India,Uttar Pradesh,Kanpur,toys,puzzle,15,25,3,E-mails,2023-10-02 05:42:00,True,2023-10-02 05:57:00,Debit Card,2023-10-02 05:47:00,True,Poor Value,5,2,10,Monday,75,10
2023-10-05 00:29:00,Female,71,610,5216,USA,Texas,San Antonio,home appliances,electric stove,250,400,4,Twitter-ads,2023-10-05 00:46:00,True,2023-10-05 00:58:00,Cash On Delivery,2023-10-05 00:48:00,False,,0,5,10,Thursday,1600,150
2023-10-05 05:24:00,Female,47,625,6592,Spain,Catalonia,Tarragona,home appliances,microwave oven,300,500,6,Instagram-ads,2023-10-05 05:53:00,True,2023-10-05 06:03:00,Credit Card,2023-10-05 05:56:00,True,Poor Value,5,5,10,Thursday,3000,200
2023-10-05 19:34:00,Male,36,651,7311,Australia,Victoria,Ballarat,toys,board game,20,35,2,Instagram-ads,2023-10-05 19:52:00,True,2023-10-05 20:04:00,Debit Card,2023-10-05 19:55:00,False,,19,5,10,Thursday,70,15
2023-10-08 03:00:00,Male,40,673,7737,Australia,Victoria,Melbourne,toys,puzzle,15,25,6,Instagram-ads,2023-10-08 03:18:00,True,2023-10-08 03:25:00,Cash On Delivery,2023-10-08 03:20:00,True,Poor Value,3,8,10,Sunday,150,10
2023-10-08 16:00:00,Male,58,681,6354,China,Guangdong,Guangzhou,electronics,laptop,800,1200,6,Billboard-QR code,2023-10-08 16:11:00,True,2023-10-08 16:19:00,Debit Card,2023-10-08 16:16:00,False,,16,8,10,Sunday,7200,400
2023-10-09 23:18:00,Male,56,600,4472,Australia,New South Wales,Sydney,fashion,shoes,60,100,4,Instagram-ads,2023-10-09 23:39:00,True,2023-10-09 23:50:00,Cash On Delivery,2023-10-09 23:41:00,True,Poor Value,23,9,10,Monday,400,40
2023-10-10 01:13:00,Female,20,701,4429,Canada,Ontario,Toronto,toys,plush toy,12,20,3,Google-ads,2023-10-10 01:32:00,True,2023-10-10 01:46:00,Debit Card,2023-10-10 01:34:00,True,Poor Value,1,10,10,Tuesday,60,8
2023-10-10 13:14:00,Male,25,739,3085,Australia,New South Wales,Newcastle,books,textbook,30,50,5,Facebook-ads,2023-10-10 13:26:00,True,2023-10-10 13:35:00,Credit Card,2023-10-10 13:28:00,False,,13,10,10,Tuesday,250,20
2023-10-12 00:34:00,Female,46,776,5319,China,Guangdong,Guangzhou,toys,board game,20,35,4,Billboard-QR code,2023-10-12 01:04:00,True,2023-10-12 01:15:00,Debit Card,2023-10-12 01:06:00,False,,0,12,10,Thursday,140,15
2023-10-12 05:44:00,Male,39,727,4079,Italy,Lazio,Rome,home appliances,mixer grinder,60,90,2,Twitter-ads,2023-10-12 05:57:00,True,2023-10-12 06:10:00,Debit Card,2023-10-12 06:01:00,False,,5,12,10,Thursday,180,30
2023-10-14 14:18:00,Female,63,624,7870,Australia,New South Wales,Newcastle,books,textbook,30,50,6,Twitter-ads,2023-10-14 14:34:00,True,2023-10-14 14:45:00,Debit Card,2023-10-14 14:37:00,False,,14,14,10,Saturday,300,20
2023-10-15 11:47:00,Female,35,602,4791,Italy,Lombardy,Milan,books,magazine,5,8,2,E-mails,2023-10-15 12:02:00,True,2023-10-15 12:12:00,Debit Card,2023-10-15 12:04:00,False,,11,15,10,Sunday,16,3
2023-10-17 10:18:00,Male,36,661,5548,China,Guangdong,Shenzhen,fashion,shoes,60,100,4,Google-ads,2023-10-17 10:34:00,True,2023-10-17 10:49:00,Debit Card,2023-10-17 10:39:00,True,Poor Value,10,17,10,Tuesday,400,40
2023-10-17 11:10:00,Female,41,667,6553,China,Shandong,Qingdao,books,magazine,5,8,3,Instagram-ads,2023-10-17 11:33:00,True,2023-10-17 11:48:00,Debit Card,2023-10-17 11:36:00,False,,11,17,10,Tuesday,24,3
2023-10-17 17:38:00,Male,39,627,7998,Japan,Kanagawa,Sagamihara,home appliances,mixer grinder,60,90,2,Billboard-QR code,2023-10-17 17:44:00,True,2023-10-17 17:49:00,Cash On Delivery,2023-10-17 17:46:00,False,,17,17,10,Tuesday,180,30
2023-10-17 18:30:00,Female,59,764,7346,Japan,Kanagawa,Yokohama,electronics,laptop,800,1200,1,Billboard-QR code,2023-10-17 18:56:00,True,2023-10-17 19:05:00,Credit Card,2023-10-17 19:00:00,True,Poor Value,18,17,10,Tuesday,1200,400
2023-10-18 01:18:00,Male,69,744,4260,India,Maharashtra,Nagpur,fashion,dress,50,80,5,Google-ads,2023-10-18 01:37:00,True,2023-10-18 01:43:00,Debit Card,2023-10-18 01:40:00,False,,1,18,10,Wednesday,400,30
2023-10-18 10:36:00,Male,69,728,7626,Japan,Tokyo,Yokohama,home appliances,electric stove,250,400,6,Instagram-ads,2023-10-18 10:41:00,True,2023-10-18 10:55:00,Credit Card,2023-10-18 10:43:00,True,Arrived Late,10,18,10,Wednesday,2400,150
2023-10-19 02:48:00,Male,66,727,7823,China,Guangdong,Shenzhen,home appliances,microwave oven,300,500,1,Twitter-ads,2023-10-19 03:06:00,True,2023-10-19 03:12:00,Cash On Delivery,2023-10-19 03:11:00,False,,2,19,10,Thursday,500,200
2023-10-20 05:21:00,Male,65,718,6871,India,Maharashtra,Pune,electronics,table fan,30,50,1,Instagram-ads,2023-10-20 05:48:00,True,2023-10-20 05:56:00,Cash On Delivery,2023-10-20 05:51:00,False,,5,20,10,Friday,50,20
2023-10-21 10:47:00,Male,36,623,6092,Canada,Ontario,Ottawa,toys,puzzle,15,25,1,Facebook-ads,2023-10-21 10:55:00,True,2023-10-21 11:10:00,Cash On Delivery,2023-10-21 10:57:00,False,,10,21,10,Saturday,25,10
2023-10-21 18:21:00,Male,25,714,7070,China,Shandong,Jinan,home appliances,microwave oven,300,500,6,Twitter-ads,2023-10-21 18:27:00,True,2023-10-21 18:36:00,Debit Card,2023-10-21 18:32:00,False,,18,21,10,Saturday,3000,200
2023-10-22 18:40:00,Female,33,759,5707,Italy,Lombardy,Milan,home appliances,microwave oven,300,500,3,Twitter-ads,2023-10-22 19:09:00,True,2023-10-22 19:18:00,Debit Card,2023-10-22 19:13:00,False,,18,22,10,Sunday,1500,200
2023-10-23 01:21:00,Male,29,686,5424,India,Maharashtra,Mumbai,home appliances,toaster,40,60,6,E-mails,2023-10-23 01:27:00,True,2023-10-23 01:41:00,Cash On Delivery,2023-10-23 01:32:00,False,,1,23,10,Monday,360,20
2023-10-24 15:14:00,Female,46,659,4287,Japan,Kanagawa,Sagamihara,books,textbook,30,50,5,Instagram-ads,2023-10-24 15:29:00,True,2023-10-24 15:39:00,Debit Card,2023-10-24 15:34:00,False,,15,24,10,Tuesday,250,20
2023-10-25 11:16:00,Female,26,629,4516,Italy,Lombardy,Brescia,electronics,hair dryer,25,40,1,Google-ads,2023-10-25 11:33:00,True,2023-10-25 11:39:00,Credit Card,2023-10-25 11:37:00,False,,11,25,10,Wednesday,40,15
2023-10-28 09:53:00,Female,49,600,4589,China,Guangdong,Guangzhou,toys,board game,20,35,1,Facebook-ads,2023-10-28 10:14:00,True,2023-10-28 10:22:00,Cash On Delivery,2023-10-28 10:18:00,False,,9,28,10,Saturday,35,15
2023-11-01 21:38:00,Male,20,676,5870,Italy,Lombardy,Bergamo,fashion,t-shirt,15,25,3,E-mails,2023-11-01 21:57:00,True,2023-11-01 22:02:00,Credit Card,2023-11-01 22:01:00,False,,21,1,11,Wednesday,75,10
2023-11-03 23:52:00,Male,64,693,4579,Italy,Lombardy,Bergamo,books,magazine,5,8,2,Google-ads,2023-11-04 00:18:00,True,2023-11-04 00:29:00,Credit Card,2023-11-04 00:21:00,True,Wrong Item,23,3,11,Friday,16,3
2023-11-06 03:37:00,Female,33,712,7230,Spain,Andalusia,Malaga,home appliances,mixer grinder,60,90,6,E-mails,2023-11-06 03:45:00,True,2023-11-06 03:50:00,Credit Card,2023-11-06 03:48:00,True,Wrong Item,3,6,11,Monday,540,30
2023-11-06 14:17:00,Male,33,774,3331,Australia,Victoria,Geelong,toys,action figure,8,15,1,Instagram-ads,2023-11-06 14:34:00,True,2023-11-06 14:48:00,Paypal,2023-11-06 14:38:00,False,,14,6,11,Monday,15,7
2023-11-07 16:17:00,Female,29,720,7476,China,Guangdong,Dongguan,electronics,television,1000,1500,4,Instagram-ads,2023-11-07 16:34:00,True,2023-11-07 16:48:00,Cash On Delivery,2023-11-07 16:38:00,True,Arrived Late,16,7,11,Tuesday,6000,500
2023-11-07 18:20:00,Male,51,630,3716,Canada,Ontario,Mississauga,home appliances,microwave oven,300,500,6,Facebook-ads,2023-11-07 18:49:00,True,2023-11-07 18:54:00,Credit Card,2023-11-07 18:51:00,False,,18,7,11,Tuesday,3000,200
2023-11-09 16:57:00,Female,40,727,6789,Spain,Catalonia,Barcelona,home appliances,electric stove,250,400,5,Google-ads,2023-11-09 17:14:00,True,2023-11-09 17:24:00,Cash On Delivery,2023-11-09 17:16:00,False,,16,9,11,Thursday,2000,150
2023-11-10 01:11:00,Female,38,617,5258,Japan,Kanagawa,Yokohama,home appliances,toaster,40,60,5,Google-ads,2023-11-10 01:31:00,True,2023-11-10 01:42:00,Debit Card,2023-11-10 01:35:00,False,,1,10,11,Friday,300,20
2023-11-11 11:11:00,Male,24,736,5934,USA,California,San Diego,books,textbook,30,50,1,Twitter-ads,2023-11-11 11:25:00,True,2023-11-11 11:31:00,Credit Card,2023-11-11 11:30:00,False,,11,11,11,Saturday,50,20
2023-11-13 03:27:00,Male,71,714,5622,China,Guangdong,Shenzhen,books,textbook,30,50,5,Facebook-ads,2023-11-13 03:45:00,True,2023-11-13 04:00:00,Debit Card,2023-11-13 03:48:00,True,Poor Value,3,13,11,Monday,250,20
2023-11-13 03:53:00,Female,25,744,3649,Canada,Quebec,Laval,home appliances,mixer grinder,60,90,3,E-mails,2023-11-13 04:14:00,True,2023-11-13 04:27:00,Cash On Delivery,2023-11-13 04:17:00,False,,3,13,11,Monday,270,30
2023-11-16 15:38:00,Female,27,747,7207,India,Uttar Pradesh,Kanpur,books,textbook,30,50,2,Google-ads,2023-11-16 15:44:00,True,2023-11-16 15:53:00,Debit Card,2023-11-16 15:48:00,False,,15,16,11,Thursday,100,20
2023-11-17 09:46:00,Male,68,735,6725,USA,Texas,San Antonio,fashion,dress,50,80,6,Facebook-ads,2023-11-17 09:55:00,True,2023-11-17 10:01:00,Cash On Delivery,2023-11-17 10:00:00,False,,9,17,11,Friday,480,30
2023-11-18 14:51:00,Male,31,742,6721,UK,Scotland,Edinburgh,fashion,jeans,40,70,3,Twitter-ads,2023-11-18 15:04:00,False,,,2023-11-18 15:08:00,,,14,18,11,Saturday,210,30
2023-11-20 08:01:00,Female,43,759,5851,Italy,Lombardy,Bergamo,home appliances,microwave oven,300,500,5,E-mails,2023-11-20 08:07:00,True,2023-11-20 08:16:00,Credit Card,2023-11-20 08:10:00,False,,8,20,11,Monday,2500,200
2023-11-23 12:20:00,Female,31,635,6911,USA,Texas,San Antonio,home appliances,toaster,40,60,2,Facebook-ads,2023-11-23 12:49:00,True,2023-11-23 13:02:00,Credit Card,2023-11-23 12:52:00,False,,12,23,11,Thursday,120,20
2023-11-23 21:40:00,Male,52,656,4799,Japan,Kanagawa,Yokohama,home appliances,electric stove,250,400,1,Facebook-ads,2023-11-23 22:03:00,False,,,2023-11-23 22:07:00,,,21,23,11,Thursday,400,150
2023-11-26 00:46:00,Male,63,618,6885,Canada,Ontario,Ottawa,books,textbook,30,50,2,Billboard-QR code,2023-11-26 00:53:00,True,2023-11-26 01:00:00,Credit Card,2023-11-26 00:55:00,False,,0,26,11,Sunday,100,20
2023-11-26 15:44:00,Male,66,740,6364,Spain,Andalusia,Malaga,toys,plush toy,12,20,4,Billboard-QR code,2023-11-26 16:05:00,True,2023-11-26 16:15:00,Credit Card,2023-11-26 16:08:00,False,,15,26,11,Sunday,80,8
2023-11-27 02:40:00,Female,25,650,6818,UK,Scotland,Edinburgh,books,novel,10,18,1,E-mails,2023-11-27 02:46:00,True,2023-11-27 02:51:00,Debit Card,2023-11-27 02:51:00,True,Arrived Late,2,27,11,Monday,18,8
2023-11-27 08:33:00,Male,21,724,4730,UK,Scotland,Edinburgh,toys,action figure,8,15,3,Twitter-ads,2023-11-27 08:53:00,True,2023-11-27 09:04:00,Credit Card,2023-11-27 08:57:00,False,,8,27,11,Monday,45,7
2023-11-27 20:01:00,Male,26,692,6094,UK,Scotland,Edinburgh,toys,action figure,8,15,6,Google-ads,2023-11-27 20:16:00,False,,,2023-11-27 20:27:00,,,20,27,11,Monday,90,7
2023-11-28 11:40:00,Male,34,723,3989,Spain,Catalonia,Barcelona,toys,puzzle,15,25,1,Billboard-QR code,2023-11-28 12:07:00,True,2023-11-28 12:16:00,Cash On Delivery,2023-11-28 12:09:00,True,Poor Quality,11,28,11,Tuesday,25,10
2023-11-29 23:43:00,Male,67,677,6930,USA,California,San Diego,toys,puzzle,15,25,5,Facebook-ads,2023-11-29 23:51:00,True,2023-11-30 00:01:00,Credit Card,2023-11-29 23:56:00,False,,23,29,11,Wednesday,125,10
2023-11-30 02:23:00,Female,56,659,3489,Australia,New South Wales,Wollongong,electronics,laptop,800,1200,3,Facebook-ads,2023-11-30 02:52:00,True,2023-11-30 03:06:00,Debit Card,2023-11-30 02:54:00,True,Arrived Damaged,2,30,11,Thursday,3600,400
2023-11-30 03:21:00,Male,39,776,3866,Japan,Tokyo,Tokyo,books,magazine,5,8,6,Twitter-ads,2023-11-30 03:51:00,True,2023-11-30 03:56:00,Debit Card,2023-11-30 03:55:00,False,,3,30,11,Thursday,48,3
2023-11-30 14:04:00,Male,43,766,5062,Canada,Quebec,Laval,home appliances,electric stove,250,400,3,Facebook-ads,2023-11-30 14:09:00,False,,,2023-11-30 14:28:00,,,14,30,11,Thursday,1200,150
2023-12-03 10:57:00,Male,65,718,6871,India,Maharashtra,Pune,electronics,hair dryer,25,40,6,Facebook-ads,2023-12-03 11:16:00,True,2023-12-03 11:21:00,Debit Card,2023-12-03 11:21:00,False,,10,3,12,Sunday,240,15
2023-12-04 18:16:00,Male,56,634,4530,USA,California,Los Angeles,toys,board game,20,35,5,Billboard-QR code,2023-12-04 18:41:00,True,2023-12-04 18:52:00,Paypal,2023-12-04 18:43:00,False,,18,4,12,Monday,175,15
2023-12-05 10:42:00,Female,30,677,7599,Spain,Catalonia,Girona,electronics,hair dryer,25,40,1,Google-ads,2023-12-05 10:52:00,True,2023-12-05 11:03:00,Debit Card,2023-12-05 10:56:00,False,,10,5,12,Tuesday,40,15
2023-12-07 08:00:00,Female,24,653,4900,Italy,Lombardy,Bergamo,books,autobiography,20,35,1,E-mails,2023-12-07 08:28:00,True,2023-12-07 08:34:00,Credit Card,2023-12-07 08:32:00,False,,8,7,12,Thursday,35,15
2023-12-08 02:16:00,Male,43,620,7414,Australia,Victoria,Melbourne,home appliances,microwave oven,300,500,3,Billboard-QR code,2023-12-08 02:45:00,True,2023-12-08 02:57:00,Credit Card,2023-12-08 02:47:00,False,,2,8,12,Friday,1500,200
2023-12-08 14:52:00,Female,66,737,7470,Canada,Ontario,Mississauga,books,novel,10,18,5,Twitter-ads,2023-12-08 15:18:00,True,2023-12-08 15:31:00,Credit Card,2023-12-08 15:22:00,False,,14,8,12,Friday,90,8
2023-12-08 17:36:00,Female,45,724,5125,Australia,New South Wales,Wollongong,electronics,television,1000,1500,3,Google-ads,2023-12-08 17:41:00,True,2023-12-08 17:56:00,Credit Card,2023-12-08 17:43:00,False,,17,8,12,Friday,4500,500
2023-12-09 04:43:00,Female,57,727,4481,UK,England,London,toys,plush toy,12,20,2,Facebook-ads,2023-12-09 05:06:00,True,2023-12-09 05:15:00,Paypal,2023-12-09 05:09:00,False,,4,9,12,Saturday,40,8
2023-12-09 12:24:00,Male,72,777,6903,Canada,Ontario,Mississauga,electronics,table fan,30,50,5,Twitter-ads,2023-12-09 12:40:00,True,2023-12-09 12:54:00,Credit Card,2023-12-09 12:44:00,False,,12,9,12,Saturday,250,20
2023-12-09 13:12:00,Female,21,617,5651,Australia,New South Wales,Newcastle,electronics,hair dryer,25,40,2,Instagram-ads,2023-12-09 13:38:00,True,2023-12-09 13:49:00,Cash On Delivery,2023-12-09 13:42:00,False,,13,9,12,Saturday,80,15
2023-12-10 14:08:00,Female,22,735,4469,China,Shandong,Yantai,electronics,laptop,800,1200,1,Billboard-QR code,2023-12-10 14:14:00,False,,,2023-12-10 14:41:00,,,14,10,12,Sunday,1200,400
2023-12-10 16:11:00,Male,41,761,5687,Japan,Kanagawa,Yokohama,books,autobiography,20,35,3,Facebook-ads,2023-12-10 16:16:00,True,2023-12-10 16:23:00,Debit Card,2023-12-10 16:19:00,False,,16,10,12,Sunday,105,15
2023-12-12 10:33:00,Male,32,711,6327,Canada,Quebec,Laval,home appliances,toaster,40,60,4,Google-ads,2023-12-12 10:57:00,True,2023-12-12 11:02:00,Credit Card,2023-12-12 11:01:00,False,,10,12,12,Tuesday,240,20
2023-12-12 20:29:00,Female,31,614,6303,UK,England,London,electronics,laptop,800,1200,1,Google-ads,2023-12-12 20:52:00,True,2023-12-12 21:00:00,Cash On Delivery,2023-12-12 20:55:00,False,,20,12,12,Tuesday,1200,400
2023-12-12 22:20:00,Female,48,718,4477,Australia,New South Wales,Wollongong,books,textbook,30,50,2,Billboard-QR code,2023-12-12 22:33:00,True,2023-12-12 22:47:00,Paypal,2023-12-12 22:37:00,True,Poor Quality,22,12,12,Tuesday,100,20
2023-12-13 21:48:00,Female,52,720,6326,Australia,Victoria,Ballarat,home appliances,mixer grinder,60,90,1,Google-ads,2023-12-13 22:05:00,False,,,2023-12-13 22:00:00,,,21,13,12,Wednesday,90,30
2023-12-15 11:53:00,Female,18,730,4842,UK,Scotland,Edinburgh,home appliances,electric stove,250,400,3,E-mails,2023-12-15 12:14:00,True,2023-12-15 12:22:00,Cash On Delivery,2023-12-15 12:19:00,False,,11,15,12,Friday,1200,150
2023-12-18 04:44:00,Male,68,667,7542,Australia,New South Wales,Wollongong,toys,action figure,8,15,1,Billboard-QR code,2023-12-18 04:56:00,False,,,2023-12-18 05:05:00,,,4,18,12,Monday,15,7
2023-12-19 01:37:00,Male,68,608,3252,Australia,Victoria,Geelong,fashion,shoes,60,100,5,Facebook-ads,2023-12-19 02:02:00,True,2023-12-19 02:12:00,Cash On Delivery,2023-12-19 02:05:00,True,Arrived Damaged,1,19,12,Tuesday,500,40
2023-12-19 06:55:00,Female,28,649,3627,UK,Scotland,Edinburgh,home appliances,mixer grinder,60,90,3,E-mails,2023-12-19 07:21:00,True,2023-12-19 07:27:00,Paypal,2023-12-19 07:23:00,False,,6,19,12,Tuesday,270,30
2023-12-21 14:28:00,Male,23,750,6242,Japan,Tokyo,Tokyo,books,novel,10,18,5,E-mails,2023-12-21 14:36:00,True,2023-12-21 14:46:00,Debit Card,2023-12-21 14:38:00,False,,14,21,12,Thursday,90,8
2023-12-21 17:43:00,Male,69,758,7642,Spain,Catalonia,Girona,toys,action figure,8,15,6,E-mails,2023-12-21 18:10:00,True,2023-12-21 18:15:00,Cash On Delivery,2023-12-21 18:15:00,False,,17,21,12,Thursday,90,7
2023-12-21 18:53:00,Female,24,610,4549,Canada,Ontario,Mississauga,toys,plush toy,12,20,2,Twitter-ads,2023-12-21 19:02:00,True,2023-12-21 19:14:00,Credit Card,2023-12-21 19:07:00,False,,18,21,12,Thursday,40,8
2023-12-21 19:47:00,Male,21,780,6064,Japan,Kanagawa,Kawasaki,electronics,table fan,30,50,2,Google-ads,2023-12-21 20:12:00,True,2023-12-21 20:17:00,Paypal,2023-12-21 20:17:00,False,,19,21,12,Thursday,100,20
2023-12-22 00:26:00,Female,19,696,3913,Australia,New South Wales,Wollongong,electronics,television,1000,1500,5,Instagram-ads,2023-12-22 00:38:00,True,2023-12-22 00:43:00,Cash On Delivery,2023-12-22 00:42:00,False,,0,22,12,Friday,7500,500
2023-12-22 16:41:00,Female,35,613,4948,Canada,Ontario,Toronto,fashion,shoes,60,100,1,Facebook-ads,2023-12-22 16:52:00,True,2023-12-22 17:00:00,Debit Card,2023-12-22 16:56:00,False,,16,22,12,Friday,100,40
2023-12-24 06:49:00,Female,72,705,5746,China,Shandong,Jinan,books,textbook,30,50,1,Twitter-ads,2023-12-24 07:02:00,True,2023-12-24 07:07:00,Credit Card,2023-12-24 07:04:00,False,,6,24,12,Sunday,50,20
2023-12-25 16:38:00,Female,67,743,6481,Canada,Ontario,Mississauga,electronics,television,1000,1500,2,E-mails,2023-12-25 17:07:00,True,2023-12-25 17:18:00,Debit Card,2023-12-25 17:12:00,False,,16,25,12,Monday,3000,500
2023-12-28 05:09:00,Male,35,610,6169,Italy,Lazio,Latina,electronics,television,1000,1500,3,Twitter-ads,2023-12-28 05:36:00,True,2023-12-28 05:41:00,Debit Card,2023-12-28 05:40:00,False,,5,28,12,Thursday,4500,500
2023-12-30 07:22:00,Male,47,670,6578,India,Maharashtra,Pune,home appliances,microwave oven,300,500,4,Facebook-ads,2023-12-30 07:52:00,False,,,2023-12-30 07:50:00,,,7,30,12,Saturday,2000,200
2023-12-31 08:01:00,Female,38,687,5766,Canada,Quebec,Montreal,fashion,shoes,60,100,1,Google-ads,2023-12-31 08:24:00,True,2023-12-31 08:30:00,Debit Card,2023-12-31 08:28:00,False,,8,31,12,Sunday,100,40
